Unnamed: 0,DR_NO,Date Rptd,DATE OCC,TIME OCC,AREA,AREA NAME,Rpt Dist No,Part 1-2,Crm Cd,Crm Cd Desc,Mocodes,Vict Age,Vict Sex,Vict Descent,Premis Cd,Premis Desc,Weapon Used Cd,Weapon Desc,Status,Status Desc,Crm Cd 1,Crm Cd 2,Crm Cd 3,LOCATION,LAT,LON,Year,Month,Day,DayOfWeek,Hour,Quarter,IsWeekend,TimeHour,TimeMinute,TimeOfDay
7,201308739,03/27/2020 12:00:00 AM,03/27/2020 12:00:00 AM,1210,13,Newton,1333,1,510,VEHICLE - STOLEN,,0,Unknown,,101,STREET,,,IC,Invest Cont,510,,,3200 S  SAN PEDRO                    ST,34.017,-118.2643,2020.0,3.0,27.0,4.0,0.0,1.0,0,12,10,Morning
8,201112065,07/31/2020 12:00:00 AM,07/30/2020 12:00:00 AM,2030,11,Northeast,1161,1,510,VEHICLE - STOLEN,,0,Unknown,,101,STREET,,,AA,Adult Arrest,510,,,KENMORE                      ST,34.0953,-118.2974,2020.0,7.0,30.0,3.0,0.0,3.0,0,20,30,Evening
10,201215394,06/26/2020 12:00:00 AM,06/25/2020 12:00:00 AM,2200,12,77th Street,1259,1,510,VEHICLE - STOLEN,,0,Unknown,,101,STREET,,,IC,Invest Cont,510,,,FLORENCE,33.9747,-118.2587,2020.0,6.0,25.0,3.0,0.0,2.0,0,22,0,Evening
13,200912561,07/20/2020 12:00:00 AM,07/20/2020 12:00:00 AM,700,9,Van Nuys,937,1,510,VEHICLE - STOLEN,,0,Unknown,,101,STREET,,,IC,Invest Cont,510,,,BESSEMER,34.1812,-118.4356,2020.0,7.0,20.0,0.0,0.0,3.0,0,7,0,Morning
14,200207955,03/19/2020 12:00:00 AM,03/19/2020 12:00:00 AM,130,2,Rampart,236,1,510,VEHICLE - STOLEN,,0,Unknown,,101,STREET,,,IC,Invest Cont,510,,,1900    MIRAMAR                      ST,34.0632,-118.2693,2020.0,3.0,19.0,3.0,0.0,1.0,0,1,30,Night
15,200112598,06-01-2020 00:00,05/30/2020 12:00:00 AM,30,1,Central,153,1,310,BURGLARY,1609 0344,0,M,W,201,JEWELRY STORE,,,AA,Adult Arrest,310,,,600 S  BROADWAY,34.0467,-118.252,2020.0,5.0,30.0,5.0,0.0,2.0,1,0,30,Night
17,200215463,09/26/2020 12:00:00 AM,09/25/2020 12:00:00 AM,1900,2,Rampart,237,1,510,VEHICLE - STOLEN,,0,Unknown,,101,STREET,,,IC,Invest Cont,510,,,1600 W  COURT                        ST,34.0668,-118.2627,2020.0,9.0,25.0,4.0,0.0,3.0,0,19,0,Evening
20,200517540,12-07-2020 00:00,11/30/2020 12:00:00 AM,2255,5,Harbor,541,1,510,VEHICLE - STOLEN,,0,Unknown,,101,STREET,,,IC,Invest Cont,510,,,1400    BRETT                        PL,33.7553,-118.3056,2020.0,11.0,30.0,0.0,0.0,4.0,0,22,55,Evening
21,200506977,03-10-2020 00:00,02/22/2020 12:00:00 AM,30,5,Harbor,511,1,510,VEHICLE - STOLEN,,0,Unknown,,101,STREET,,,AA,Adult Arrest,510,,,1600 W  PACIFIC COAST                HY,33.7926,-118.3043,2020.0,2.0,22.0,5.0,0.0,1.0,1,0,30,Night
23,201000767,07/14/2020 12:00:00 AM,07/13/2020 12:00:00 AM,2000,10,West Valley,1043,1,330,BURGLARY FROM VEHICLE,0344 1602 1822 1402,41,M,W,108,PARKING LOT,,,AA,Adult Arrest,330,998.0,,18600    HATTERAS                     ST,34.1774,-118.5387,2020.0,7.0,13.0,0.0,0.0,3.0,0,20,0,Evening
25,200410136,06/24/2020 12:00:00 AM,06/24/2020 12:00:00 AM,700,4,Hollenbeck,413,1,510,VEHICLE - STOLEN,,0,Unknown,,101,STREET,,,IC,Invest Cont,510,,,300 E  AVENUE 31,34.0809,-118.2132,2020.0,6.0,24.0,2.0,0.0,2.0,0,7,0,Morning
26,200814461,09/24/2020 12:00:00 AM,09/24/2020 12:00:00 AM,1710,8,West LA,898,1,510,VEHICLE - STOLEN,,0,Unknown,,101,STREET,,,IC,Invest Cont,510,,,ROBERTSON                    BL,34.0375,-118.3886,2020.0,9.0,24.0,3.0,0.0,3.0,0,17,10,Afternoon
27,201215562,06/29/2020 12:00:00 AM,06/29/2020 12:00:00 AM,730,12,77th Street,1263,1,510,VEHICLE - STOLEN,,0,Unknown,,101,STREET,,,IC,Invest Cont,510,,,81ST,33.9655,-118.3046,2020.0,6.0,29.0,0.0,0.0,2.0,0,7,30,Morning
29,200714301,09/27/2020 12:00:00 AM,09/22/2020 12:00:00 AM,1430,7,Wilshire,702,1,510,VEHICLE - STOLEN,,0,Unknown,,101,STREET,,,IC,Invest Cont,510,,,800 N  FULLER                       AV,34.0853,-118.3499,2020.0,9.0,22.0,1.0,0.0,3.0,0,14,30,Afternoon
30,200906009,02/14/2020 12:00:00 AM,02/13/2020 12:00:00 AM,2230,9,Van Nuys,914,2,806,PANDERING,0908 1212 1402,0,F,X,101,STREET,,,AO,Adult Other,806,998.0,,SEPULVEDA,34.1958,-118.4662,2020.0,2.0,13.0,3.0,0.0,1.0,0,22,30,Evening
32,200618540,11/27/2020 12:00:00 AM,11/27/2020 12:00:00 AM,950,6,Hollywood,642,1,510,VEHICLE - STOLEN,,0,Unknown,,101,STREET,,,IC,Invest Cont,510,,,ORANGE,34.0981,-118.3577,2020.0,11.0,27.0,4.0,0.0,4.0,0,9,50,Morning
33,200316510,08/30/2020 12:00:00 AM,08/29/2020 12:00:00 AM,2050,3,Southwest,333,1,510,VEHICLE - STOLEN,,0,Unknown,,101,STREET,,,AO,Adult Other,510,,,JEFFERSON,34.0278,-118.3378,2020.0,8.0,29.0,5.0,0.0,3.0,1,20,50,Evening
35,200808682,04/25/2020 12:00:00 AM,04/21/2020 12:00:00 AM,1400,8,West LA,858,1,510,VEHICLE - STOLEN,,0,Unknown,,101,STREET,,,IC,Invest Cont,510,,,8800 W  PICO                         BL,34.0548,-118.3837,2020.0,4.0,21.0,1.0,0.0,2.0,0,14,0,Afternoon
36,200810737,06/17/2020 12:00:00 AM,06/16/2020 12:00:00 AM,1600,8,West LA,829,1,510,VEHICLE - STOLEN,,0,Unknown,,101,STREET,,,IC,Invest Cont,510,,,1300    WOODRUFF                     AV,34.0633,-118.4292,2020.0,6.0,16.0,1.0,0.0,2.0,0,16,0,Afternoon
37,201116973,12/26/2020 12:00:00 AM,12/26/2020 12:00:00 AM,332,11,Northeast,1169,1,510,VEHICLE - STOLEN,,0,Unknown,,101,STREET,,,IC,Invest Cont,510,,,200 S  AVENUE 51,34.1038,-118.1987,2020.0,12.0,26.0,5.0,0.0,4.0,1,3,32,Night
38,200510994,06/25/2020 12:00:00 AM,06/25/2020 12:00:00 AM,230,5,Harbor,563,1,510,VEHICLE - STOLEN,,0,Unknown,,108,PARKING LOT,,,IC,Invest Cont,510,,,14TH                         ST,33.7315,-118.2879,2020.0,6.0,25.0,3.0,0.0,2.0,0,2,30,Night
39,201107590,03/22/2020 12:00:00 AM,03/21/2020 12:00:00 AM,2000,11,Northeast,1137,1,510,VEHICLE - STOLEN,,0,Unknown,,101,STREET,,,IC,Invest Cont,510,,,700 N  AVENUE 50,34.1109,-118.2016,2020.0,3.0,21.0,5.0,0.0,1.0,1,20,0,Evening
40,200119680,10/19/2020 12:00:00 AM,10/18/2020 12:00:00 AM,1800,1,Central,159,1,510,VEHICLE - STOLEN,,0,Unknown,,108,PARKING LOT,,,IC,Invest Cont,510,,,1800    CONWAY                       PL,34.0366,-118.2325,2020.0,10.0,18.0,6.0,0.0,4.0,1,18,0,Afternoon
41,200410224,06/27/2020 12:00:00 AM,06/27/2020 12:00:00 AM,400,4,Hollenbeck,471,1,510,VEHICLE - STOLEN,,0,Unknown,,108,PARKING LOT,,,IC,Invest Cont,510,,,4TH,34.0427,-118.2237,2020.0,6.0,27.0,5.0,0.0,2.0,1,4,0,Night
45,200109800,03/29/2020 12:00:00 AM,03/29/2020 12:00:00 AM,930,1,Central,163,1,330,BURGLARY FROM VEHICLE,1307 1822 0377 0329 1414 1609 0344,0,M,W,103,ALLEY,,,IC,Invest Cont,330,,,9TH,34.0416,-118.255,2020.0,3.0,29.0,6.0,0.0,1.0,1,9,30,Morning
51,200105246,01/18/2020 12:00:00 AM,01/18/2020 12:00:00 AM,940,1,Central,118,2,624,BATTERY - SIMPLE ASSAULT,0913 0400,42,M,A,502,"MULTI-UNIT DWELLING (APARTMENT, DUPLEX, ETC)",400.0,"STRONG-ARM (HANDS, FIST, FEET OR BODILY FORCE)",AA,Adult Arrest,624,,,200 E  BLOOM                        ST,34.0639,-118.2295,2020.0,1.0,18.0,5.0,0.0,1.0,1,9,40,Morning
52,201106067,02/15/2020 12:00:00 AM,02/15/2020 12:00:00 AM,1830,11,Northeast,1101,1,330,BURGLARY FROM VEHICLE,0344 0352 1307,43,M,A,108,PARKING LOT,,,IC,Invest Cont,330,,,2700 N  VERMONT                      AV,34.1179,-118.293,2020.0,2.0,15.0,5.0,0.0,1.0,1,18,30,Afternoon
53,201116118,11/27/2020 12:00:00 AM,11/23/2020 12:00:00 AM,1200,11,Northeast,1141,2,354,THEFT OF IDENTITY,0930 1822,26,M,W,501,SINGLE FAMILY DWELLING,,,IC,Invest Cont,354,,,2000 N  VERMONT                      AV,34.1095,-118.2958,2020.0,11.0,23.0,0.0,0.0,4.0,0,12,0,Morning
55,200217442,11/15/2020 12:00:00 AM,11/15/2020 12:00:00 AM,310,2,Rampart,218,1,310,BURGLARY,1822 1609 0329 0344 0352,36,M,W,210,RESTAURANT/FAST FOOD,500.0,UNKNOWN WEAPON/OTHER WEAPON,IC,Invest Cont,310,,,1500 W  SUNSET                       BL,34.0758,-118.2552,2020.0,11.0,15.0,6.0,0.0,4.0,1,3,10,Night
56,200914052,08/27/2020 12:00:00 AM,08/27/2020 12:00:00 AM,1255,9,Van Nuys,935,2,624,BATTERY - SIMPLE ASSAULT,444,57,F,H,102,SIDEWALK,400.0,"STRONG-ARM (HANDS, FIST, FEET OR BODILY FORCE)",IC,Invest Cont,624,,,14100    SYLVAN                       ST,34.1847,-118.44,2020.0,8.0,27.0,3.0,0.0,3.0,0,12,55,Morning
57,200810920,06/20/2020 12:00:00 AM,06/20/2020 12:00:00 AM,1000,8,West LA,841,2,624,BATTERY - SIMPLE ASSAULT,1202 0448,78,F,W,510,NURSING/CONVALESCENT/RETIREMENT HOME,400.0,"STRONG-ARM (HANDS, FIST, FEET OR BODILY FORCE)",AO,Adult Other,624,,,12100    SANTA MONICA                 BL,34.0423,-118.4656,2020.0,6.0,20.0,5.0,0.0,2.0,1,10,0,Morning
58,201112187,08-04-2020 00:00,07/16/2020 12:00:00 AM,1900,11,Northeast,1144,2,662,"BUNCO, GRAND THEFT",0701 0913 0361,51,F,W,501,SINGLE FAMILY DWELLING,,,IC,Invest Cont,662,,,2100    HYPERION                     AV,34.099,-118.2738,2020.0,7.0,16.0,3.0,0.0,3.0,0,19,0,Evening
61,200105289,01/19/2020 12:00:00 AM,01/16/2020 12:00:00 AM,1700,1,Central,119,1,510,VEHICLE - STOLEN,,0,Unknown,,104,DRIVEWAY,,,IC,Invest Cont,510,,,400    BAUCHET                      ST,34.0587,-118.233,2020.0,1.0,16.0,3.0,0.0,1.0,0,17,0,Afternoon
65,200706211,02/17/2020 12:00:00 AM,02/16/2020 12:00:00 AM,2350,7,Wilshire,734,2,624,BATTERY - SIMPLE ASSAULT,444,29,F,H,502,"MULTI-UNIT DWELLING (APARTMENT, DUPLEX, ETC)",400.0,"STRONG-ARM (HANDS, FIST, FEET OR BODILY FORCE)",AO,Adult Other,624,,,6000 W  6TH                          ST,34.0677,-118.3548,2020.0,2.0,16.0,6.0,0.0,1.0,1,23,50,Evening
66,200514277,09/17/2020 12:00:00 AM,09/17/2020 12:00:00 AM,2255,5,Harbor,558,2,901,VIOLATION OF RESTRAINING ORDER,1813 2000 2038,46,F,H,502,"MULTI-UNIT DWELLING (APARTMENT, DUPLEX, ETC)",,,AO,Adult Other,901,,,200 W  AMAR                         ST,33.7478,-118.2822,2020.0,9.0,17.0,3.0,0.0,3.0,0,22,55,Evening
67,200506268,02/22/2020 12:00:00 AM,02/22/2020 12:00:00 AM,1900,5,Harbor,511,1,440,THEFT PLAIN - PETTY ($950 & UNDER),0319 0344 0429 0448 0305,29,F,W,102,SIDEWALK,400.0,"STRONG-ARM (HANDS, FIST, FEET OR BODILY FORCE)",IC,Invest Cont,440,624.0,,PACIFIC COAST,33.7926,-118.3043,2020.0,2.0,22.0,5.0,0.0,1.0,1,19,0,Evening
68,200119908,10/24/2020 12:00:00 AM,10/23/2020 12:00:00 AM,2330,1,Central,185,1,330,BURGLARY FROM VEHICLE,1609 0344 1307 1822 0329,0,F,B,108,PARKING LOT,,,IC,Invest Cont,330,,,1000 S  BROADWAY,34.0406,-118.2578,2020.0,10.0,23.0,4.0,0.0,4.0,0,23,30,Evening
69,200206940,02/27/2020 12:00:00 AM,02/27/2020 12:00:00 AM,1255,2,Rampart,216,1,230,"ASSAULT WITH DEADLY WEAPON, AGGRAVATED ASSAULT",1822 0202 1309 1310 0906 0302 1100 0430,28,M,H,101,STREET,102.0,HAND GUN,IC,Invest Cont,230,,,BELLEVUE                     AV,34.0751,-118.2717,2020.0,2.0,27.0,3.0,0.0,1.0,0,12,55,Morning
70,200709456,05/20/2020 12:00:00 AM,05/20/2020 12:00:00 AM,1250,7,Wilshire,773,1,330,BURGLARY FROM VEHICLE,1300 1309 1607 0344 0326,53,F,W,501,SINGLE FAMILY DWELLING,,,IC,Invest Cont,330,,,1800 S  COCHRAN                      AV,34.0443,-118.3538,2020.0,5.0,20.0,2.0,0.0,2.0,0,12,50,Morning
71,201014375,10/24/2020 12:00:00 AM,10/23/2020 12:00:00 AM,2330,10,West Valley,1025,2,740,"VANDALISM - FELONY ($400 & OVER, ALL CHURCH VANDALISMS)",0329 1822 1420,0,M,W,210,RESTAURANT/FAST FOOD,,,IC,Invest Cont,740,,,6800    RESEDA                       BL,34.1939,-118.536,2020.0,10.0,23.0,4.0,0.0,4.0,0,23,30,Evening
76,200911839,07-02-2020 00:00,06/26/2020 12:00:00 AM,1200,9,Van Nuys,974,1,331,THEFT FROM MOTOR VEHICLE - GRAND ($950.01 AND OVER),0344 0385,36,M,W,101,STREET,,,IC,Invest Cont,331,,,4600    WILLIS                       AV,34.1545,-118.4552,2020.0,6.0,26.0,4.0,0.0,2.0,0,12,0,Morning
77,200615995,09/28/2020 12:00:00 AM,09/27/2020 12:00:00 AM,35,6,Hollywood,646,2,740,"VANDALISM - FELONY ($400 & OVER, ALL CHURCH VANDALISMS)",0329 1822,0,X,X,203,OTHER BUSINESS,,,IC,Invest Cont,740,,,6600 W  SUNSET                       BL,34.098,-118.3335,2020.0,9.0,27.0,6.0,0.0,3.0,1,0,35,Night
83,201308239,03/16/2020 12:00:00 AM,02/28/2020 12:00:00 AM,2300,13,Newton,1333,2,745,VANDALISM - MISDEAMEANOR ($399 OR UNDER),1202 0329,62,M,W,510,NURSING/CONVALESCENT/RETIREMENT HOME,,,IC,Invest Cont,745,,,1000 E  28TH                         ST,34.0175,-118.2574,2020.0,2.0,28.0,4.0,0.0,1.0,0,23,0,Evening
86,200310566,04/25/2020 12:00:00 AM,04/25/2020 12:00:00 AM,950,3,Southwest,356,1,440,THEFT PLAIN - PETTY ($950 & UNDER),0377 0344 1822,37,M,B,402,MARKET,,,IC,Invest Cont,440,,,1700 W  JEFFERSON                    BL,34.0256,-118.3061,2020.0,4.0,25.0,5.0,0.0,2.0,1,9,50,Morning
88,201211083,04/17/2020 12:00:00 AM,04/16/2020 12:00:00 AM,1700,12,77th Street,1209,1,510,VEHICLE - STOLEN,,0,Unknown,,101,STREET,,,IC,Invest Cont,510,,,FLOWER                       ST,33.9983,-118.2813,2020.0,4.0,16.0,3.0,0.0,2.0,0,17,0,Afternoon
89,201209876,03/27/2020 12:00:00 AM,03/27/2020 12:00:00 AM,1650,12,77th Street,1263,1,210,ROBBERY,,0,M,W,101,STREET,109.0,SEMI-AUTOMATIC PISTOL,IC,Invest Cont,210,,,2000 W  80TH                         ST,33.9664,-118.3134,2020.0,3.0,27.0,4.0,0.0,1.0,0,16,50,Afternoon
90,201009044,05/15/2020 12:00:00 AM,05/13/2020 12:00:00 AM,1315,10,West Valley,1049,1,331,THEFT FROM MOTOR VEHICLE - GRAND ($950.01 AND OVER),0344 1822 1606,0,M,W,104,DRIVEWAY,,,IC,Invest Cont,331,,,16800    BURBANK                      BL,34.1718,-118.4993,2020.0,5.0,13.0,2.0,0.0,2.0,0,13,15,Afternoon
92,201307829,03-09-2020 00:00,02/28/2020 12:00:00 AM,1600,13,Newton,1309,1,510,VEHICLE - STOLEN,,0,Unknown,,104,DRIVEWAY,,,IC,Invest Cont,510,,,900    MATEO                        ST,34.0326,-118.2322,2020.0,2.0,28.0,4.0,0.0,1.0,0,16,0,Afternoon
93,200311518,05/18/2020 12:00:00 AM,05/14/2020 12:00:00 AM,1900,3,Southwest,373,1,520,VEHICLE - ATTEMPT STOLEN,1300 0329 1612 1202,65,M,B,101,STREET,,,IC,Invest Cont,520,,,3900    HUBERT                       AV,34.0142,-118.3281,2020.0,5.0,14.0,3.0,0.0,2.0,0,19,0,Evening
95,200119934,10/24/2020 12:00:00 AM,10/24/2020 12:00:00 AM,645,1,Central,128,2,354,THEFT OF IDENTITY,377,49,M,H,502,"MULTI-UNIT DWELLING (APARTMENT, DUPLEX, ETC)",,,IC,Invest Cont,354,,,200 E  1ST                          ST,34.0512,-118.2419,2020.0,10.0,24.0,5.0,0.0,4.0,1,6,45,Night
96,200814436,09/23/2020 12:00:00 AM,09/23/2020 12:00:00 AM,1100,8,West LA,885,1,510,VEHICLE - STOLEN,,0,Unknown,,101,STREET,,,IC,Invest Cont,510,,,10200    CRESTA                       DR,34.0417,-118.4041,2020.0,9.0,23.0,2.0,0.0,3.0,0,11,0,Morning
98,200911119,06/16/2020 12:00:00 AM,06/15/2020 12:00:00 AM,2300,9,Van Nuys,906,1,330,BURGLARY FROM VEHICLE,344,37,M,O,101,STREET,,,IC,Invest Cont,330,,,14200    LEADWELL                     ST,34.2041,-118.4425,2020.0,6.0,15.0,0.0,0.0,2.0,0,23,0,Evening
101,200312493,06-10-2020 00:00,05/25/2020 12:00:00 AM,1500,3,Southwest,374,2,668,"EMBEZZLEMENT, GRAND THEFT ($950.01 & OVER)",,0,Unknown,,203,OTHER BUSINESS,,,IC,Invest Cont,668,,,3800    3RD                          AV,34.0183,-118.3204,2020.0,5.0,25.0,0.0,0.0,2.0,0,15,0,Afternoon
103,201220752,09/16/2020 12:00:00 AM,09/16/2020 12:00:00 AM,1230,12,77th Street,1259,2,745,VANDALISM - MISDEAMEANOR ($399 OR UNDER),2004 1820 0913 0329 1202,62,M,B,502,"MULTI-UNIT DWELLING (APARTMENT, DUPLEX, ETC)",,,IC,Invest Cont,745,,,700 E  73RD                         ST,33.9739,-118.263,2020.0,9.0,16.0,2.0,0.0,3.0,0,12,30,Morning
105,200618244,11/20/2020 12:00:00 AM,11/19/2020 12:00:00 AM,2030,6,Hollywood,643,1,510,VEHICLE - STOLEN,,0,Unknown,,101,STREET,,,IC,Invest Cont,510,,,1600 N  LA BREA                      AV,34.1007,-118.3494,2020.0,11.0,19.0,3.0,0.0,4.0,0,20,30,Evening
106,200214497,09-01-2020 00:00,06/13/2020 12:00:00 AM,1340,2,Rampart,248,2,668,"EMBEZZLEMENT, GRAND THEFT ($950.01 & OVER)",0913 1817 0104 0344,0,X,X,108,PARKING LOT,,,IC,Invest Cont,668,,,1300 W  6TH                          ST,34.0579,-118.2649,2020.0,6.0,13.0,5.0,0.0,2.0,1,13,40,Afternoon
107,200805831,02-10-2020 00:00,01/30/2020 12:00:00 AM,5,8,West LA,831,2,354,THEFT OF IDENTITY,0100 0930 1822,57,F,W,501,SINGLE FAMILY DWELLING,,,IC,Invest Cont,354,,,500 S  BURLINGAME                   AV,34.0494,-118.4866,2020.0,1.0,30.0,3.0,0.0,1.0,0,0,5,Night
109,201309446,04/15/2020 12:00:00 AM,04/15/2020 12:00:00 AM,1730,13,Newton,1324,1,410,"BURGLARY FROM VEHICLE, ATTEMPTED",2004 0329 1402,30,M,H,101,STREET,,,AA,Adult Arrest,410,998.0,,CENTRAL                      AV,34.0233,-118.2516,2020.0,4.0,15.0,2.0,0.0,2.0,0,17,30,Afternoon
110,200717189,12/16/2020 12:00:00 AM,12/13/2020 12:00:00 AM,1500,7,Wilshire,765,1,330,BURGLARY FROM VEHICLE,1822 1300 0344 2019,43,F,B,102,SIDEWALK,,,IC,Invest Cont,330,,,PICO                         BL,34.0496,-118.3425,2020.0,12.0,13.0,6.0,0.0,4.0,1,15,0,Afternoon
111,200817626,12/17/2020 12:00:00 AM,12/16/2020 12:00:00 AM,1600,8,West LA,855,1,510,VEHICLE - STOLEN,,0,Unknown,,101,STREET,,,IC,Invest Cont,510,,,1600 S  BENTLEY                      AV,34.0484,-118.4437,2020.0,12.0,16.0,2.0,0.0,4.0,0,16,0,Afternoon
113,201106089,02/16/2020 12:00:00 AM,02/16/2020 12:00:00 AM,915,11,Northeast,1107,2,624,BATTERY - SIMPLE ASSAULT,0555 0400 0416 0419 0913,24,F,H,501,SINGLE FAMILY DWELLING,400.0,"STRONG-ARM (HANDS, FIST, FEET OR BODILY FORCE)",AA,Adult Arrest,624,,,6000    CRESTWOOD                    WY,34.1307,-118.1907,2020.0,2.0,16.0,6.0,0.0,1.0,1,9,15,Morning
115,200806568,02/27/2020 12:00:00 AM,02/20/2020 12:00:00 AM,1200,8,West LA,852,1,480,BIKE - STOLEN,0344 0346 1822,35,M,W,707,GARAGE/CARPORT,,,IC,Invest Cont,480,,,1500    BARRY                        AV,34.045,-118.4557,2020.0,2.0,20.0,3.0,0.0,1.0,0,12,0,Morning
117,201216960,07/21/2020 12:00:00 AM,07/21/2020 12:00:00 AM,1820,12,77th Street,1203,1,230,"ASSAULT WITH DEADLY WEAPON, AGGRAVATED ASSAULT",0400 0408 0913 0429,61,M,H,501,SINGLE FAMILY DWELLING,400.0,"STRONG-ARM (HANDS, FIST, FEET OR BODILY FORCE)",AA,Adult Arrest,230,,,1700 W  48TH                         ST,34.0001,-118.3096,2020.0,7.0,21.0,1.0,0.0,3.0,0,18,20,Afternoon
118,200914159,08/30/2020 12:00:00 AM,08/30/2020 12:00:00 AM,1420,9,Van Nuys,906,2,626,INTIMATE PARTNER - SIMPLE ASSAULT,2000 1814 0400,23,M,B,501,SINGLE FAMILY DWELLING,400.0,"STRONG-ARM (HANDS, FIST, FEET OR BODILY FORCE)",AO,Adult Other,626,,,7200    KATHERINE                    AV,34.2012,-118.4432,2020.0,8.0,30.0,6.0,0.0,3.0,1,14,20,Afternoon
120,201007391,03/19/2020 12:00:00 AM,03/18/2020 12:00:00 AM,1800,10,West Valley,1063,1,310,BURGLARY,1822 1609 0321 1420,0,M,W,220,NAIL SALON,,,IC,Invest Cont,310,,,19000    VENTURA                      BL,34.1725,-118.5475,2020.0,3.0,18.0,2.0,0.0,1.0,0,18,0,Afternoon
121,200906435,02/24/2020 12:00:00 AM,02/23/2020 12:00:00 AM,1800,9,Van Nuys,914,2,956,"LETTERS, LEWD  -  TELEPHONE CALLS, LEWD",1912,34,F,W,502,"MULTI-UNIT DWELLING (APARTMENT, DUPLEX, ETC)",,,IC,Invest Cont,956,,,14900    SHERMAN                      WY,34.2012,-118.4574,2020.0,2.0,23.0,6.0,0.0,1.0,1,18,0,Afternoon
122,201114637,10/14/2020 12:00:00 AM,10/13/2020 12:00:00 AM,2200,11,Northeast,1184,1,510,VEHICLE - STOLEN,,0,Unknown,,101,STREET,,,IC,Invest Cont,510,,,1600    ECHO PARK                    AV,34.0815,-118.2546,2020.0,10.0,13.0,1.0,0.0,4.0,0,22,0,Evening
123,200414361,10/28/2020 12:00:00 AM,10/15/2020 12:00:00 AM,1200,4,Hollenbeck,487,2,354,THEFT OF IDENTITY,100,49,M,W,501,SINGLE FAMILY DWELLING,,,IC,Invest Cont,354,,,1100 S  FICKETT                      ST,34.0273,-118.2176,2020.0,10.0,15.0,3.0,0.0,4.0,0,12,0,Morning
125,200312753,06/16/2020 12:00:00 AM,06/16/2020 12:00:00 AM,720,3,Southwest,353,1,442,SHOPLIFTING - PETTY THEFT ($950 & UNDER),0325 1309 0342 2021 0104,19,X,X,403,DRUG STORE,,,IC,Invest Cont,442,,,3700    CRENSHAW                     BL,34.0191,-118.3351,2020.0,6.0,16.0,1.0,0.0,2.0,0,7,20,Morning
126,200517895,12/16/2020 12:00:00 AM,12/16/2020 12:00:00 AM,2125,5,Harbor,526,2,930,CRIMINAL THREATS - NO WEAPON DISPLAYED,0432 0443 0913,40,M,H,502,"MULTI-UNIT DWELLING (APARTMENT, DUPLEX, ETC)",511.0,VERBAL THREAT,AO,Adult Other,930,,,900 N  FRIES                        AV,33.7815,-118.265,2020.0,12.0,16.0,2.0,0.0,4.0,0,21,25,Evening
128,201012706,09-03-2020 00:00,07/27/2020 12:00:00 AM,700,10,West Valley,1008,2,845,SEX OFFENDER REGISTRANT OUT OF COMPLIANCE,1501,46,M,H,501,SINGLE FAMILY DWELLING,,,AA,Adult Arrest,845,,,8100 N  BALBOA                       PL,34.2179,-118.5014,2020.0,7.0,27.0,0.0,0.0,3.0,0,7,0,Morning
129,201111473,07/15/2020 12:00:00 AM,07/15/2020 12:00:00 AM,1134,11,Northeast,1117,2,661,UNAUTHORIZED COMPUTER ACCESS,1904 1914 1822 1911,40,F,H,501,SINGLE FAMILY DWELLING,,,IC,Invest Cont,661,,,4600    ELLENWOOD                    DR,34.1293,-118.219,2020.0,7.0,15.0,2.0,0.0,3.0,0,11,34,Morning
131,200609150,04/16/2020 12:00:00 AM,04/16/2020 12:00:00 AM,1900,6,Hollywood,648,1,420,THEFT FROM MOTOR VEHICLE - PETTY ($950 & UNDER),0344 1822,26,F,O,104,DRIVEWAY,,,IC,Invest Cont,420,,,1500 N  SAINT ANDREWS                PL,34.0981,-118.3114,2020.0,4.0,16.0,3.0,0.0,2.0,0,19,0,Evening
132,200118692,09/30/2020 12:00:00 AM,09/30/2020 12:00:00 AM,410,1,Central,185,1,210,ROBBERY,0344 0334 1311 1302 1822 1218 0302 1309 2024 0916,29,M,H,101,STREET,109.0,SEMI-AUTOMATIC PISTOL,JA,Juv Arrest,210,,,BROADWAY,34.0377,-118.2607,2020.0,9.0,30.0,2.0,0.0,3.0,0,4,10,Night
133,201212836,05/15/2020 12:00:00 AM,05/15/2020 12:00:00 AM,540,12,77th Street,1268,1,420,THEFT FROM MOTOR VEHICLE - PETTY ($950 & UNDER),0344 1822 1309 0216,25,F,B,301,GAS STATION,,,IC,Invest Cont,420,,,200 E  MANCHESTER                   AV,33.964,-118.2739,2020.0,5.0,15.0,4.0,0.0,2.0,0,5,40,Night
134,200917497,11/20/2020 12:00:00 AM,11/20/2020 12:00:00 AM,1130,9,Van Nuys,966,2,624,BATTERY - SIMPLE ASSAULT,0446 0416,33,F,W,220,NAIL SALON,500.0,UNKNOWN WEAPON/OTHER WEAPON,IC,Invest Cont,624,,,13300    RIVERSIDE                    DR,34.1576,-118.4231,2020.0,11.0,20.0,4.0,0.0,4.0,0,11,30,Morning
137,200307284,02/24/2020 12:00:00 AM,02/23/2020 12:00:00 AM,1200,3,Southwest,393,1,121,"RAPE, FORCIBLE",0522 0527 1814 2000 1415 1409 0913,46,F,H,502,"MULTI-UNIT DWELLING (APARTMENT, DUPLEX, ETC)",400.0,"STRONG-ARM (HANDS, FIST, FEET OR BODILY FORCE)",AO,Adult Other,121,,,4200    DEGNAN                       BL,34.008,-118.3314,2020.0,2.0,23.0,6.0,0.0,1.0,1,12,0,Morning
138,200315866,08/16/2020 12:00:00 AM,08/16/2020 12:00:00 AM,1310,3,Southwest,362,2,745,VANDALISM - MISDEAMEANOR ($399 OR UNDER),329,30,M,B,502,"MULTI-UNIT DWELLING (APARTMENT, DUPLEX, ETC)",,,IC,Invest Cont,745,,,4800 W  MARTIN LUTHER KING JR        BL,34.017,-118.3477,2020.0,8.0,16.0,6.0,0.0,3.0,1,13,10,Afternoon
140,200408306,04/28/2020 12:00:00 AM,04/28/2020 12:00:00 AM,1650,4,Hollenbeck,488,2,624,BATTERY - SIMPLE ASSAULT,446,43,F,H,102,SIDEWALK,400.0,"STRONG-ARM (HANDS, FIST, FEET OR BODILY FORCE)",IC,Invest Cont,624,,,8TH                          ST,34.0226,-118.207,2020.0,4.0,28.0,1.0,0.0,2.0,0,16,50,Afternoon
141,200517231,11/29/2020 12:00:00 AM,11/29/2020 12:00:00 AM,1900,5,Harbor,506,2,624,BATTERY - SIMPLE ASSAULT,1802 0913 0319 0416 1309,41,M,H,301,GAS STATION,400.0,"STRONG-ARM (HANDS, FIST, FEET OR BODILY FORCE)",AO,Adult Other,624,,,CARSON,33.8315,-118.3065,2020.0,11.0,29.0,6.0,0.0,4.0,1,19,0,Evening
142,200205286,01/27/2020 12:00:00 AM,01/26/2020 12:00:00 AM,2000,2,Rampart,241,1,510,VEHICLE - STOLEN,,0,Unknown,,101,STREET,,,IC,Invest Cont,510,,,400 S  OCCIDENTAL                   BL,34.0665,-118.2828,2020.0,1.0,26.0,6.0,0.0,1.0,1,20,0,Evening
144,200614026,08/16/2020 12:00:00 AM,08/16/2020 12:00:00 AM,40,6,Hollywood,645,1,310,BURGLARY,1822 0329 0321 1601 0344 0325,0,X,X,210,RESTAURANT/FAST FOOD,,,AA,Adult Arrest,310,,,7000    HOLLYWOOD                    BL,34.1015,-118.3425,2020.0,8.0,16.0,6.0,0.0,3.0,1,0,40,Night
146,200320495,11/17/2020 12:00:00 AM,11/16/2020 12:00:00 AM,2115,3,Southwest,394,1,420,THEFT FROM MOTOR VEHICLE - PETTY ($950 & UNDER),,0,Unknown,,101,STREET,,,IC,Invest Cont,420,,,4300    2ND                          AV,34.0041,-118.3193,2020.0,11.0,16.0,0.0,0.0,4.0,0,21,15,Evening
147,200211325,06/14/2020 12:00:00 AM,06/14/2020 12:00:00 AM,1830,2,Rampart,221,1,210,ROBBERY,0910 0344 1822 0432 0345 0305 0355 0346 0400 2048,51,M,B,906,MTA - RED LINE - VERMONT/BEVERLY,113.0,SIMULATED GUN,IC,Invest Cont,210,,,300 N  VERMONT                      AV,34.0777,-118.2961,2020.0,6.0,14.0,6.0,0.0,2.0,1,18,30,Afternoon
148,200406978,03/16/2020 12:00:00 AM,03/14/2020 12:00:00 AM,58,4,Hollenbeck,443,1,510,VEHICLE - STOLEN,,0,Unknown,,108,PARKING LOT,,,IC,Invest Cont,510,,,2300    CHARLOTTE                    ST,34.0567,-118.2024,2020.0,3.0,14.0,5.0,0.0,1.0,1,0,58,Night
149,200512066,07/20/2020 12:00:00 AM,07/20/2020 12:00:00 AM,750,5,Harbor,585,1,230,"ASSAULT WITH DEADLY WEAPON, AGGRAVATED ASSAULT",2003 0561 0913 0602 1202 1402 0416,60,F,B,501,SINGLE FAMILY DWELLING,311.0,HAMMER,AA,Adult Arrest,230,998.0,,600 W  23RD                         ST,33.7234,-118.2907,2020.0,7.0,20.0,0.0,0.0,3.0,0,7,50,Morning
150,200607168,02/29/2020 12:00:00 AM,02/29/2020 12:00:00 AM,1915,6,Hollywood,678,2,930,CRIMINAL THREATS - NO WEAPON DISPLAYED,0400 0432 0421 0913,38,F,H,501,SINGLE FAMILY DWELLING,511.0,VERBAL THREAT,IC,Invest Cont,930,,,700 N  ARDMORE                      AV,34.0836,-118.3016,2020.0,2.0,29.0,5.0,0.0,1.0,1,19,15,Evening
154,201008496,04/28/2020 12:00:00 AM,04/25/2020 12:00:00 AM,1800,10,West Valley,1021,1,420,THEFT FROM MOTOR VEHICLE - PETTY ($950 & UNDER),0344 1606 0354 0913 1810,59,M,O,101,STREET,,,AO,Adult Other,420,,,7000    CORBIN                       AV,34.1975,-118.5623,2020.0,4.0,25.0,5.0,0.0,2.0,1,18,0,Afternoon
155,200111454,05-07-2020 00:00,01/30/2020 12:00:00 AM,1800,1,Central,174,1,510,VEHICLE - STOLEN,,0,Unknown,,707,GARAGE/CARPORT,,,IC,Invest Cont,510,,,700 S  SPRING                       ST,34.0445,-118.2523,2020.0,1.0,30.0,3.0,0.0,1.0,0,18,0,Afternoon
156,200321686,12/13/2020 12:00:00 AM,12/13/2020 12:00:00 AM,2125,3,Southwest,341,1,761,BRANDISH WEAPON,2004 1822 1402 0334 0421,53,M,H,301,GAS STATION,500.0,UNKNOWN WEAPON/OTHER WEAPON,AA,Adult Arrest,761,930.0,,COLISEUM,34.0183,-118.3556,2020.0,12.0,13.0,6.0,0.0,4.0,1,21,25,Evening
157,200308939,03/23/2020 12:00:00 AM,03/23/2020 12:00:00 AM,1200,3,Southwest,363,2,900,VIOLATION OF COURT ORDER,1814 2038 2000,21,F,B,231,DAY CARE/CHILDREN*,400.0,"STRONG-ARM (HANDS, FIST, FEET OR BODILY FORCE)",AO,Adult Other,900,,,3900    VIRGINIA                     RD,34.0145,-118.3408,2020.0,3.0,23.0,0.0,0.0,1.0,0,12,0,Morning
158,201007631,03/28/2020 12:00:00 AM,03/28/2020 12:00:00 AM,1645,10,West Valley,1033,1,761,BRANDISH WEAPON,0334 1822 0443 0319 0910,24,F,W,124,BUS STOP,208.0,RAZOR,IC,Invest Cont,761,,,TAMPA,34.1866,-118.5535,2020.0,3.0,28.0,5.0,0.0,1.0,1,16,45,Afternoon
165,200809562,05/17/2020 12:00:00 AM,05/17/2020 12:00:00 AM,1430,8,West LA,826,1,442,SHOPLIFTING - PETTY THEFT ($950 & UNDER),0344 0325 1822 1420 0104,0,X,X,403,DRUG STORE,,,IC,Invest Cont,442,,,11900    SAN VICENTE                  BL,34.0571,-118.474,2020.0,5.0,17.0,6.0,0.0,2.0,1,14,30,Afternoon
167,200116579,08/18/2020 12:00:00 AM,08/18/2020 12:00:00 AM,405,1,Central,151,1,310,BURGLARY,1601 0344 1403 1822 1414 1420,0,X,X,108,PARKING LOT,400.0,"STRONG-ARM (HANDS, FIST, FEET OR BODILY FORCE)",IC,Invest Cont,310,,,500 S  FREMONT                      AV,34.0526,-118.2582,2020.0,8.0,18.0,1.0,0.0,3.0,0,4,5,Night
172,200808438,04/18/2020 12:00:00 AM,04/18/2020 12:00:00 AM,1930,8,West LA,842,1,330,BURGLARY FROM VEHICLE,1402 0202 0216 1309 1609 0913 1814,25,F,W,707,GARAGE/CARPORT,,,AA,Adult Arrest,330,998.0,,11700    TEXAS                        AV,34.0472,-118.459,2020.0,4.0,18.0,5.0,0.0,2.0,1,19,30,Evening
173,201004548,01/14/2020 12:00:00 AM,01/14/2020 12:00:00 AM,1316,10,West Valley,1043,2,930,CRIMINAL THREATS - NO WEAPON DISPLAYED,1100 0913,18,F,O,502,"MULTI-UNIT DWELLING (APARTMENT, DUPLEX, ETC)",102.0,HAND GUN,AA,Adult Arrest,930,,,18600    HATTERAS                     ST,34.1774,-118.5387,2020.0,1.0,14.0,1.0,0.0,1.0,0,13,16,Afternoon
175,200310106,04/19/2020 12:00:00 AM,04/16/2020 12:00:00 AM,1600,3,Southwest,314,1,420,THEFT FROM MOTOR VEHICLE - PETTY ($950 & UNDER),1606 0344 1300,38,M,H,101,STREET,,,IC,Invest Cont,420,,,2500    4TH                          AV,34.0344,-118.3212,2020.0,4.0,16.0,3.0,0.0,2.0,0,16,0,Afternoon
177,200913781,08/21/2020 12:00:00 AM,08/20/2020 12:00:00 AM,503,9,Van Nuys,923,2,753,DISCHARGE FIREARMS/SHOTS FIRED,1100 1402 1407 0913,0,X,X,101,STREET,107.0,OTHER FIREARM,AO,Adult Other,753,998.0,,14600    KITTRIDGE                    ST,34.1907,-118.4509,2020.0,8.0,20.0,3.0,0.0,3.0,0,5,3,Night
180,200407198,03/22/2020 12:00:00 AM,03/22/2020 12:00:00 AM,430,4,Hollenbeck,466,2,626,INTIMATE PARTNER - SIMPLE ASSAULT,2000 0913 0416 1813 1243,27,F,H,501,SINGLE FAMILY DWELLING,400.0,"STRONG-ARM (HANDS, FIST, FEET OR BODILY FORCE)",AO,Adult Other,626,,,300 N  EVERGREEN                    AV,34.0436,-118.2051,2020.0,3.0,22.0,6.0,0.0,1.0,1,4,30,Night
182,200815799,10/28/2020 12:00:00 AM,10/28/2020 12:00:00 AM,730,8,West LA,828,2,354,THEFT OF IDENTITY,1822 0100 0930,80,F,W,501,SINGLE FAMILY DWELLING,,,IC,Invest Cont,354,,,10700    LINDBROOK                    DR,34.0614,-118.4381,2020.0,10.0,28.0,2.0,0.0,4.0,0,7,30,Morning
183,201211062,04/16/2020 12:00:00 AM,04/16/2020 12:00:00 AM,1900,12,77th Street,1258,2,623,BATTERY POLICE (SIMPLE),1212 0417 1822,0,X,X,726,POLICE FACILITY,400.0,"STRONG-ARM (HANDS, FIST, FEET OR BODILY FORCE)",IC,Invest Cont,623,,,7600 S  BROADWAY,33.9708,-118.2783,2020.0,4.0,16.0,3.0,0.0,2.0,0,19,0,Evening
184,200512280,07/24/2020 12:00:00 AM,07/24/2020 12:00:00 AM,1600,5,Harbor,564,2,626,INTIMATE PARTNER - SIMPLE ASSAULT,0401 0432 0913 1241 1243 1813 2000,55,F,H,517,MISSIONS/SHELTERS,400.0,"STRONG-ARM (HANDS, FIST, FEET OR BODILY FORCE)",AA,Adult Arrest,626,,,500 S  HARBOR                       BL,33.741,-118.2838,2020.0,7.0,24.0,4.0,0.0,3.0,0,16,0,Afternoon
188,200713539,09-04-2020 00:00,08/31/2020 12:00:00 AM,1000,7,Wilshire,784,1,440,THEFT PLAIN - PETTY ($950 & UNDER),0344 0603,64,M,O,101,STREET,,,IC,Invest Cont,440,,,MANSFIELD,34.0361,-118.3505,2020.0,8.0,31.0,0.0,0.0,3.0,0,10,0,Morning
191,200608531,03/30/2020 12:00:00 AM,03/30/2020 12:00:00 AM,1305,6,Hollywood,643,1,442,SHOPLIFTING - PETTY THEFT ($950 & UNDER),0344 1822,0,X,X,402,MARKET,,,IC,Invest Cont,442,,,7200 W  SUNSET                       BL,34.1007,-118.3494,2020.0,3.0,30.0,0.0,0.0,1.0,0,13,5,Afternoon
195,200409389,05/31/2020 12:00:00 AM,05/31/2020 12:00:00 AM,1800,4,Hollenbeck,455,1,761,BRANDISH WEAPON,0913 1814 2000 0334 0444,25,F,H,501,SINGLE FAMILY DWELLING,400.0,"STRONG-ARM (HANDS, FIST, FEET OR BODILY FORCE)",AO,Adult Other,626,761.0,,2100    CITY VIEW                    AV,34.0515,-118.2073,2020.0,5.0,31.0,6.0,0.0,2.0,1,18,0,Afternoon
196,200107228,02/15/2020 12:00:00 AM,02/15/2020 12:00:00 AM,2200,1,Central,153,2,745,VANDALISM - MISDEAMEANOR ($399 OR UNDER),329,26,F,B,502,"MULTI-UNIT DWELLING (APARTMENT, DUPLEX, ETC)",,,IC,Invest Cont,745,,,200 W  6TH                          ST,34.046,-118.2509,2020.0,2.0,15.0,5.0,0.0,1.0,1,22,0,Evening
198,200109910,03/31/2020 12:00:00 AM,03/31/2020 12:00:00 AM,2240,1,Central,156,2,624,BATTERY - SIMPLE ASSAULT,1218 2004 0416 0913,60,M,B,102,SIDEWALK,500.0,UNKNOWN WEAPON/OTHER WEAPON,IC,Invest Cont,624,,,500    WALL                         ST,34.0449,-118.2458,2020.0,3.0,31.0,1.0,0.0,1.0,0,22,40,Evening
205,200715141,10/21/2020 12:00:00 AM,10/20/2020 12:00:00 AM,1200,7,Wilshire,775,1,420,THEFT FROM MOTOR VEHICLE - PETTY ($950 & UNDER),,0,Unknown,,101,STREET,,,IC,Invest Cont,420,,,4800 W  17TH                         ST,34.0449,-118.3411,2020.0,10.0,20.0,1.0,0.0,4.0,0,12,0,Morning
207,200407426,03/30/2020 12:00:00 AM,03/30/2020 12:00:00 AM,1830,4,Hollenbeck,407,1,442,SHOPLIFTING - PETTY THEFT ($950 & UNDER),325,0,X,X,242,"DISCOUNT STORE (99 CENT,DOLLAR,ETC.",,,IC,Invest Cont,442,,,4600    HUNTINGTON DR,34.0881,-118.1877,2020.0,3.0,30.0,0.0,0.0,1.0,0,18,30,Afternoon
208,201014312,10/22/2020 12:00:00 AM,10/21/2020 12:00:00 AM,2000,10,West Valley,1003,2,740,"VANDALISM - FELONY ($400 & OVER, ALL CHURCH VANDALISMS)",0329 1822 1414 1420 1402 1300 1307,34,M,H,122,"VEHICLE, PASSENGER/TRUCK",,,IC,Invest Cont,740,998.0,,18500    SATICOY                      ST,34.2148,-118.5404,2020.0,10.0,21.0,2.0,0.0,4.0,0,20,0,Evening
209,200217634,11/19/2020 12:00:00 AM,11/19/2020 12:00:00 AM,1840,2,Rampart,245,2,624,BATTERY - SIMPLE ASSAULT,0913 0603 0400 0361,52,F,W,502,"MULTI-UNIT DWELLING (APARTMENT, DUPLEX, ETC)",400.0,"STRONG-ARM (HANDS, FIST, FEET OR BODILY FORCE)",AO,Adult Other,624,,,2500 W  6TH                          ST,34.0617,-118.2795,2020.0,11.0,19.0,3.0,0.0,4.0,0,18,40,Afternoon
211,200505875,02/14/2020 12:00:00 AM,02/13/2020 12:00:00 AM,2030,5,Harbor,566,1,510,VEHICLE - STOLEN,,0,Unknown,,108,PARKING LOT,,,IC,Invest Cont,510,,,1000 S  PACIFIC                      AV,33.7352,-118.2879,2020.0,2.0,13.0,3.0,0.0,1.0,0,20,30,Evening
216,200815583,10/22/2020 12:00:00 AM,10/22/2020 12:00:00 AM,1700,8,West LA,857,1,310,BURGLARY,0344 1822 1606,32,M,W,707,GARAGE/CARPORT,,,IC,Invest Cont,310,,,1100    GLENVILLE                    DR,34.0557,-118.3928,2020.0,10.0,22.0,3.0,0.0,4.0,0,17,0,Afternoon
218,200200671,04/22/2020 12:00:00 AM,04/22/2020 12:00:00 AM,1030,2,Rampart,292,1,310,BURGLARY,0344 1607 0396,64,M,H,221,PUBLIC STORAGE,,,IC,Invest Cont,310,,,1000 W  WASHINGTON                   BL,34.0396,-118.2833,2020.0,4.0,22.0,2.0,0.0,2.0,0,10,30,Morning
219,200106175,01/31/2020 12:00:00 AM,01/31/2020 12:00:00 AM,830,1,Central,157,1,341,"THEFT-GRAND ($950.01 & OVER)EXCPT,GUNS,FOWL,LIVESTK,PROD",1822 1605 1218 0344,49,F,H,502,"MULTI-UNIT DWELLING (APARTMENT, DUPLEX, ETC)",,,IC,Invest Cont,341,,,500 S  SAN PEDRO                    ST,34.0442,-118.2439,2020.0,1.0,31.0,4.0,0.0,1.0,0,8,30,Morning
225,200510674,06/16/2020 12:00:00 AM,06/15/2020 12:00:00 AM,1800,5,Harbor,526,1,510,VEHICLE - STOLEN,,0,Unknown,,101,STREET,,,IC,Invest Cont,510,,,FRIES,33.7799,-118.265,2020.0,6.0,15.0,0.0,0.0,2.0,0,18,0,Afternoon
227,200321746,12/14/2020 12:00:00 AM,11/24/2020 12:00:00 AM,1355,3,Southwest,311,2,354,THEFT OF IDENTITY,0100 0930 0922,41,M,H,501,SINGLE FAMILY DWELLING,,,IC,Invest Cont,354,,,5300    CARLIN                       ST,34.0299,-118.3595,2020.0,11.0,24.0,1.0,0.0,4.0,0,13,55,Afternoon
228,201110606,06/19/2020 12:00:00 AM,06/16/2020 12:00:00 AM,2002,11,Northeast,1123,1,331,THEFT FROM MOTOR VEHICLE - GRAND ($950.01 AND OVER),344,40,F,W,101,STREET,,,AO,Adult Other,331,,,LEGION                       LN,34.121,-118.2685,2020.0,6.0,16.0,1.0,0.0,2.0,0,20,2,Evening
231,200617231,10/26/2020 12:00:00 AM,10/26/2020 12:00:00 AM,1900,6,Hollywood,667,2,930,CRIMINAL THREATS - NO WEAPON DISPLAYED,0913 0400 0432 0443 0422 2040 1202,62,M,W,702,OFFICE BUILDING/OFFICE,511.0,VERBAL THREAT,AO,Adult Other,930,,,5800 W  SUNSET                       BL,34.0981,-118.3158,2020.0,10.0,26.0,0.0,0.0,4.0,0,19,0,Evening
232,200716147,11/19/2020 12:00:00 AM,11/19/2020 12:00:00 AM,1800,7,Wilshire,729,1,210,ROBBERY,0344 0449 0216 0432,34,F,W,102,SIDEWALK,102.0,HAND GUN,IC,Invest Cont,210,,,FIRST                        ST,34.0726,-118.3279,2020.0,11.0,19.0,3.0,0.0,4.0,0,18,0,Afternoon
233,200807585,03/22/2020 12:00:00 AM,03/18/2020 12:00:00 AM,1030,8,West LA,833,1,440,THEFT PLAIN - PETTY ($950 & UNDER),0344 0377 1822,50,F,W,702,OFFICE BUILDING/OFFICE,,,IC,Invest Cont,440,,,10900    WILSHIRE                     BL,34.0588,-118.4439,2020.0,3.0,18.0,2.0,0.0,1.0,0,10,30,Morning
234,200709741,05/28/2020 12:00:00 AM,05/28/2020 12:00:00 AM,1453,7,Wilshire,701,2,624,BATTERY - SIMPLE ASSAULT,0400 0416 1309,31,F,W,203,OTHER BUSINESS,400.0,"STRONG-ARM (HANDS, FIST, FEET OR BODILY FORCE)",IC,Invest Cont,624,,,8400    MELROSE                      PL,34.0835,-118.3734,2020.0,5.0,28.0,3.0,0.0,2.0,0,14,53,Afternoon
235,200111101,04/28/2020 12:00:00 AM,04/28/2020 12:00:00 AM,830,1,Central,154,2,740,"VANDALISM - FELONY ($400 & OVER, ALL CHURCH VANDALISMS)",0329 2004,57,F,B,710,OTHER PREMISE,,,AO,Adult Other,740,,,500 S  MAIN                         ST,34.0467,-118.2485,2020.0,4.0,28.0,1.0,0.0,2.0,0,8,30,Morning
237,200215572,09/27/2020 12:00:00 AM,07/27/2020 12:00:00 AM,1600,2,Rampart,248,2,850,INDECENT EXPOSURE,0603 0361 0529 1822,42,F,H,502,"MULTI-UNIT DWELLING (APARTMENT, DUPLEX, ETC)",,,IC,Invest Cont,850,,,300    COLUMBIA                     AV,34.0572,-118.2658,2020.0,7.0,27.0,0.0,0.0,3.0,0,16,0,Afternoon
239,200319565,10/29/2020 12:00:00 AM,10/29/2020 12:00:00 AM,1600,3,Southwest,334,2,624,BATTERY - SIMPLE ASSAULT,1822 0329 0416 1300 1309,31,F,O,108,PARKING LOT,400.0,"STRONG-ARM (HANDS, FIST, FEET OR BODILY FORCE)",IC,Invest Cont,624,,,3600    11TH                         AV,34.0216,-118.3296,2020.0,10.0,29.0,3.0,0.0,4.0,0,16,0,Afternoon
240,200316589,08/31/2020 12:00:00 AM,08/31/2020 12:00:00 AM,1245,3,Southwest,357,2,624,BATTERY - SIMPLE ASSAULT,0361 0431 0913,19,F,B,502,"MULTI-UNIT DWELLING (APARTMENT, DUPLEX, ETC)",500.0,UNKNOWN WEAPON/OTHER WEAPON,AA,Adult Arrest,624,,,1200    EXPOSITION                   BL,34.0184,-118.2952,2020.0,8.0,31.0,0.0,0.0,3.0,0,12,45,Morning
241,200708689,04/28/2020 12:00:00 AM,04/27/2020 12:00:00 AM,1030,7,Wilshire,745,1,330,BURGLARY FROM VEHICLE,1822 1300 1307 0344,52,F,W,123,PARKING UNDERGROUND/BUILDING,,,IC,Invest Cont,330,,,5600    WILSHIRE                     BL,34.0624,-118.3504,2020.0,4.0,27.0,0.0,0.0,2.0,0,10,30,Morning
242,201111404,07/14/2020 12:00:00 AM,07/13/2020 12:00:00 AM,1630,11,Northeast,1162,1,450,THEFT FROM PERSON - ATTEMPT,355,14,F,H,101,STREET,400.0,"STRONG-ARM (HANDS, FIST, FEET OR BODILY FORCE)",AA,Adult Arrest,450,,,1100 N  VERMONT                      AV,34.0909,-118.2917,2020.0,7.0,13.0,0.0,0.0,3.0,0,16,30,Afternoon
244,201300868,07/20/2020 12:00:00 AM,07/20/2020 12:00:00 AM,215,13,Newton,1344,1,210,ROBBERY,1822 1402 0344 0432,0,M,H,101,STREET,205.0,KITCHEN KNIFE,AA,Adult Arrest,210,998.0,,CENTRAL                      AV,34.0075,-118.2565,2020.0,7.0,20.0,0.0,0.0,3.0,0,2,15,Night
245,200711610,07/14/2020 12:00:00 AM,07/13/2020 12:00:00 AM,1430,7,Wilshire,721,1,341,"THEFT-GRAND ($950.01 & OVER)EXCPT,GUNS,FOWL,LIVESTK,PROD",1822 0344 0378,29,M,B,406,OTHER STORE,,,IC,Invest Cont,341,,,8500    BEVERLY                      BL,34.0761,-118.3772,2020.0,7.0,13.0,0.0,0.0,3.0,0,14,30,Afternoon
246,200619489,12/21/2020 12:00:00 AM,12/21/2020 12:00:00 AM,300,6,Hollywood,668,1,761,BRANDISH WEAPON,0450 0913 1100 0334 1407 0603 0421 0353,51,M,B,502,"MULTI-UNIT DWELLING (APARTMENT, DUPLEX, ETC)",102.0,HAND GUN,AA,Adult Arrest,753,761.0,930.0,5600    FERNWOOD                     AV,34.0958,-118.311,2020.0,12.0,21.0,0.0,0.0,4.0,0,3,0,Night
247,200614630,08/28/2020 12:00:00 AM,08/28/2020 12:00:00 AM,1500,6,Hollywood,625,2,888,TRESPASSING,1822 1202 1300 1309,82,F,W,121,YARD (RESIDENTIAL/BUSINESS),,,IC,Invest Cont,888,,,6900    LOS TILOS                    RD,34.1091,-118.3431,2020.0,8.0,28.0,4.0,0.0,3.0,0,15,0,Afternoon
248,201213202,05/20/2020 12:00:00 AM,05/20/2020 12:00:00 AM,2230,12,77th Street,1235,2,930,CRIMINAL THREATS - NO WEAPON DISPLAYED,1307 0329 0421 0432 0913 1310 0334,45,M,H,101,STREET,308.0,STICK,IC,Invest Cont,930,,,1500 W  59TH                         ST,33.9876,-118.3024,2020.0,5.0,20.0,2.0,0.0,2.0,0,22,30,Evening
249,201224533,11/16/2020 12:00:00 AM,11/16/2020 12:00:00 AM,5,12,77th Street,1256,1,230,"ASSAULT WITH DEADLY WEAPON, AGGRAVATED ASSAULT",1822 0913 1817,53,M,H,108,PARKING LOT,106.0,UNKNOWN FIREARM,AO,Adult Other,230,,,FLORENCE                     AV,33.9746,-118.2892,2020.0,11.0,16.0,0.0,0.0,4.0,0,0,5,Night
250,200412397,09-02-2020 00:00,08/21/2020 12:00:00 AM,800,4,Hollenbeck,459,1,440,THEFT PLAIN - PETTY ($950 & UNDER),344,46,M,H,232,"DELIVERY SERVICE (FED EX, UPS, COURIERS,COURIER SERVICE)*",,,IC,Invest Cont,440,,,3000    FOLSOM                       ST,34.0441,-118.1978,2020.0,8.0,21.0,4.0,0.0,3.0,0,8,0,Morning
251,201204978,01/15/2020 12:00:00 AM,01/14/2020 12:00:00 AM,1730,12,77th Street,1269,1,330,BURGLARY FROM VEHICLE,0344 0358,38,M,H,501,SINGLE FAMILY DWELLING,,,IC,Invest Cont,330,,,400 E  83RD                         ST,33.9638,-118.2673,2020.0,1.0,14.0,1.0,0.0,1.0,0,17,30,Afternoon
252,200506064,02/18/2020 12:00:00 AM,02/18/2020 12:00:00 AM,1730,5,Harbor,529,2,624,BATTERY - SIMPLE ASSAULT,0602 0913 2024 0417 0562,31,F,H,502,"MULTI-UNIT DWELLING (APARTMENT, DUPLEX, ETC)",400.0,"STRONG-ARM (HANDS, FIST, FEET OR BODILY FORCE)",JA,Juv Arrest,624,,,900    BANNING                      BL,33.7817,-118.2574,2020.0,2.0,18.0,1.0,0.0,1.0,0,17,30,Afternoon
253,200118974,10-06-2020 00:00,09/29/2020 12:00:00 AM,1340,1,Central,124,2,930,CRIMINAL THREATS - NO WEAPON DISPLAYED,0443 1822,22,M,H,102,SIDEWALK,511.0,VERBAL THREAT,IC,Invest Cont,930,,,100 W  1ST                          ST,34.0522,-118.2434,2020.0,9.0,29.0,1.0,0.0,3.0,0,13,40,Afternoon
254,201113027,08/29/2020 12:00:00 AM,08/28/2020 12:00:00 AM,2335,11,Northeast,1184,1,331,THEFT FROM MOTOR VEHICLE - GRAND ($950.01 AND OVER),385,58,F,W,104,DRIVEWAY,,,IC,Invest Cont,331,,,1800    PARK                         DR,34.0812,-118.252,2020.0,8.0,28.0,4.0,0.0,3.0,0,23,35,Evening
256,200809661,05/19/2020 12:00:00 AM,05/18/2020 12:00:00 AM,1730,8,West LA,852,1,330,BURGLARY FROM VEHICLE,0344 1822 0321,33,F,W,104,DRIVEWAY,,,IC,Invest Cont,330,,,1600    BARRY                        AV,34.0432,-118.4541,2020.0,5.0,18.0,0.0,0.0,2.0,0,17,30,Afternoon
257,200604700,01/16/2020 12:00:00 AM,01/15/2020 12:00:00 AM,1,6,Hollywood,645,1,330,BURGLARY FROM VEHICLE,0344 0358 1300 1609,35,M,O,101,STREET,,,IC,Invest Cont,330,,,HAWTHORN                     AV,34.1004,-118.3433,2020.0,1.0,15.0,2.0,0.0,1.0,0,0,1,Night
258,200305025,01/18/2020 12:00:00 AM,01/18/2020 12:00:00 AM,1400,3,Southwest,398,1,510,VEHICLE - STOLEN,,0,Unknown,,101,STREET,,,IC,Invest Cont,510,,,600 W  VERNON                       AV,34.0074,-118.285,2020.0,1.0,18.0,5.0,0.0,1.0,1,14,0,Afternoon
259,200409165,05/24/2020 12:00:00 AM,05/24/2020 12:00:00 AM,135,4,Hollenbeck,416,2,753,DISCHARGE FIREARMS/SHOTS FIRED,1100 1407,0,M,X,101,STREET,106.0,UNKNOWN FIREARM,IC,Invest Cont,753,998.0,,LINCOLN PARK                 AV,34.0787,-118.2028,2020.0,5.0,24.0,6.0,0.0,2.0,1,1,35,Night
261,200613265,07/30/2020 12:00:00 AM,07/29/2020 12:00:00 AM,730,6,Hollywood,628,1,510,VEHICLE - STOLEN,,0,Unknown,,101,STREET,,,IC,Invest Cont,510,,,5900    CHULA VISTA                  WY,34.1074,-118.3193,2020.0,7.0,29.0,2.0,0.0,3.0,0,7,30,Morning
264,200416216,12/23/2020 12:00:00 AM,12/22/2020 12:00:00 AM,1800,4,Hollenbeck,412,1,330,BURGLARY FROM VEHICLE,1302 1307,40,F,B,101,STREET,,,IC,Invest Cont,330,,,100 N  AVENUE 23,34.0757,-118.2177,2020.0,12.0,22.0,1.0,0.0,4.0,0,18,0,Afternoon
268,200322296,12/26/2020 12:00:00 AM,12/26/2020 12:00:00 AM,1900,3,Southwest,397,2,625,OTHER ASSAULT,0416 0446 1277 1309 1822,58,M,H,102,SIDEWALK,400.0,"STRONG-ARM (HANDS, FIST, FEET OR BODILY FORCE)",IC,Invest Cont,625,,,4000 S  NORMANDIE                    AV,34.0103,-118.3002,2020.0,12.0,26.0,5.0,0.0,4.0,1,19,0,Evening
269,201113970,09/25/2020 12:00:00 AM,09/21/2020 12:00:00 AM,942,11,Northeast,1162,2,668,"EMBEZZLEMENT, GRAND THEFT ($950.01 & OVER)",0330 1300 0601,0,X,X,203,OTHER BUSINESS,,,IC,Invest Cont,668,,,4500 W  HOLLYWOOD                    BL,34.0984,-118.2874,2020.0,9.0,21.0,0.0,0.0,3.0,0,9,42,Morning
270,200219047,12/27/2020 12:00:00 AM,12/27/2020 12:00:00 AM,1630,2,Rampart,218,1,510,VEHICLE - STOLEN,,0,Unknown,,101,STREET,,,IC,Invest Cont,510,,,PARK                         ST,34.0763,-118.2613,2020.0,12.0,27.0,6.0,0.0,4.0,1,16,30,Afternoon
271,200407117,03/20/2020 12:00:00 AM,03/20/2020 12:00:00 AM,230,4,Hollenbeck,455,2,740,"VANDALISM - FELONY ($400 & OVER, ALL CHURCH VANDALISMS)",329,44,M,H,502,"MULTI-UNIT DWELLING (APARTMENT, DUPLEX, ETC)",,,IC,Invest Cont,740,,,700    CORNWELL                     ST,34.0523,-118.2068,2020.0,3.0,20.0,4.0,0.0,1.0,0,2,30,Night
274,201215288,06/24/2020 12:00:00 AM,06/24/2020 12:00:00 AM,930,12,77th Street,1253,1,761,BRANDISH WEAPON,0334 1822 1218,66,M,B,101,STREET,109.0,SEMI-AUTOMATIC PISTOL,AO,Adult Other,761,,,79TH                         ST,33.9673,-118.3156,2020.0,6.0,24.0,2.0,0.0,2.0,0,9,30,Morning
277,200205103,01/22/2020 12:00:00 AM,01/21/2020 12:00:00 AM,2200,2,Rampart,217,2,740,"VANDALISM - FELONY ($400 & OVER, ALL CHURCH VANDALISMS)",1822 1609 0329,25,F,W,122,"VEHICLE, PASSENGER/TRUCK",,,IC,Invest Cont,740,,,1600    PALO ALTO                    ST,34.0697,-118.2626,2020.0,1.0,21.0,1.0,0.0,1.0,0,22,0,Evening
278,201016381,12/24/2020 12:00:00 AM,12/24/2020 12:00:00 AM,2254,10,West Valley,1001,2,956,"LETTERS, LEWD  -  TELEPHONE CALLS, LEWD",1822 1906,50,F,W,101,STREET,,,IC,Invest Cont,956,,,19000    INGOMAR                      ST,34.212,-118.5475,2020.0,12.0,24.0,3.0,0.0,4.0,0,22,54,Evening
279,200712903,08/18/2020 12:00:00 AM,08/18/2020 12:00:00 AM,2015,7,Wilshire,711,2,626,INTIMATE PARTNER - SIMPLE ASSAULT,2000 0444,25,M,B,503,HOTEL,400.0,"STRONG-ARM (HANDS, FIST, FEET OR BODILY FORCE)",AO,Adult Other,626,,,8400    BEVERLY                      BL,34.0782,-118.3695,2020.0,8.0,18.0,1.0,0.0,3.0,0,20,15,Evening
281,200604861,01/20/2020 12:00:00 AM,01/20/2020 12:00:00 AM,210,6,Hollywood,646,2,740,"VANDALISM - FELONY ($400 & OVER, ALL CHURCH VANDALISMS)",0329 0216,35,M,W,101,STREET,,,IC,Invest Cont,740,,,HOLLYWOOD,34.1016,-118.3267,2020.0,1.0,20.0,0.0,0.0,1.0,0,2,10,Night
283,201307077,02/24/2020 12:00:00 AM,02/14/2020 12:00:00 AM,40,13,Newton,1371,2,886,DISTURBING THE PEACE,1259 1251 0416,15,F,H,253,MORTUARY,,,IC,Invest Cont,886,,,5700 S  BROADWAY,33.9906,-118.2783,2020.0,2.0,14.0,4.0,0.0,1.0,0,0,40,Night
285,200209181,04/20/2020 12:00:00 AM,04/20/2020 12:00:00 AM,1610,2,Rampart,256,1,230,"ASSAULT WITH DEADLY WEAPON, AGGRAVATED ASSAULT",1402 0334 0432 2004 1822 1266 0601 2001,33,M,H,102,SIDEWALK,200.0,KNIFE WITH BLADE 6INCHES OR LESS,AA,Adult Arrest,230,998.0,,WILSHIRE,34.0564,-118.2725,2020.0,4.0,20.0,0.0,0.0,2.0,0,16,10,Afternoon
286,201007567,03/26/2020 12:00:00 AM,03/26/2020 12:00:00 AM,1840,10,West Valley,1047,2,888,TRESPASSING,1822 2026 1202,66,F,W,502,"MULTI-UNIT DWELLING (APARTMENT, DUPLEX, ETC)",,,AO,Adult Other,888,,,5500    EDWARD E HORTON              LN,34.1719,-118.5055,2020.0,3.0,26.0,3.0,0.0,1.0,0,18,40,Afternoon
287,200505250,01/30/2020 12:00:00 AM,01/30/2020 12:00:00 AM,1600,5,Harbor,525,2,626,INTIMATE PARTNER - SIMPLE ASSAULT,0400 1243 2000 0416 1814 2026 0913 1260,39,F,B,502,"MULTI-UNIT DWELLING (APARTMENT, DUPLEX, ETC)",400.0,"STRONG-ARM (HANDS, FIST, FEET OR BODILY FORCE)",AO,Adult Other,626,,,500 N  AVALON                       BL,33.7739,-118.2678,2020.0,1.0,30.0,3.0,0.0,1.0,0,16,0,Afternoon
290,200109244,03/16/2020 12:00:00 AM,03/14/2020 12:00:00 AM,2000,1,Central,147,1,210,ROBBERY,0344 0416 0334 1822 1281 0302 1218,48,M,B,102,SIDEWALK,102.0,HAND GUN,IC,Invest Cont,210,,,SAN PEDRO                    ST,34.0442,-118.2439,2020.0,3.0,14.0,5.0,0.0,1.0,1,20,0,Evening
291,201116336,12-05-2020 00:00,10/23/2020 12:00:00 AM,2000,11,Northeast,1138,1,761,BRANDISH WEAPON,0334 1822,25,M,H,101,STREET,200.0,KNIFE WITH BLADE 6INCHES OR LESS,IC,Invest Cont,761,,,PIEDMONT,34.1131,-118.1894,2020.0,10.0,23.0,4.0,0.0,4.0,0,20,0,Evening
292,201114782,10/17/2020 12:00:00 AM,10/16/2020 12:00:00 AM,1805,11,Northeast,1115,2,740,"VANDALISM - FELONY ($400 & OVER, ALL CHURCH VANDALISMS)",0329 1300 1309,50,M,W,108,PARKING LOT,,,IC,Invest Cont,740,,,2200    COLORADO                     BL,34.1391,-118.2141,2020.0,10.0,16.0,4.0,0.0,4.0,0,18,5,Afternoon
293,200310416,04/24/2020 12:00:00 AM,04/16/2020 12:00:00 AM,900,3,Southwest,337,2,354,THEFT OF IDENTITY,0100 1822 0928,45,F,H,502,"MULTI-UNIT DWELLING (APARTMENT, DUPLEX, ETC)",,,IC,Invest Cont,354,,,3000    RAYMOND                      AV,34.0273,-118.2981,2020.0,4.0,16.0,3.0,0.0,2.0,0,9,0,Morning
299,200208350,03/30/2020 12:00:00 AM,03/29/2020 12:00:00 AM,1700,2,Rampart,289,1,510,VEHICLE - STOLEN,,0,Unknown,,101,STREET,,,IC,Invest Cont,510,,,12TH,34.0449,-118.2731,2020.0,3.0,29.0,6.0,0.0,1.0,1,17,0,Afternoon
300,200414488,10/30/2020 12:00:00 AM,10/29/2020 12:00:00 AM,2200,4,Hollenbeck,477,2,624,BATTERY - SIMPLE ASSAULT,1822 0446 0417,20,F,H,501,SINGLE FAMILY DWELLING,400.0,"STRONG-ARM (HANDS, FIST, FEET OR BODILY FORCE)",IC,Invest Cont,624,,,900    MARIETTA                     ST,34.0319,-118.2113,2020.0,10.0,29.0,3.0,0.0,4.0,0,22,0,Evening
301,200808302,04/14/2020 12:00:00 AM,04/14/2020 12:00:00 AM,1930,8,West LA,838,1,341,"THEFT-GRAND ($950.01 & OVER)EXCPT,GUNS,FOWL,LIVESTK,PROD",2032 0344 1822,22,M,W,707,GARAGE/CARPORT,,,AO,Adult Other,341,,,10900    ROEBLING                     AV,34.0661,-118.4485,2020.0,4.0,14.0,1.0,0.0,2.0,0,19,30,Evening
303,200505068,01/26/2020 12:00:00 AM,01/26/2020 12:00:00 AM,1000,5,Harbor,507,2,626,INTIMATE PARTNER - SIMPLE ASSAULT,0432 0444 0913 1241 1243 1813 2000,43,F,B,502,"MULTI-UNIT DWELLING (APARTMENT, DUPLEX, ETC)",400.0,"STRONG-ARM (HANDS, FIST, FEET OR BODILY FORCE)",AA,Adult Arrest,626,,,1300 W  SEPULVEDA                    BL,33.8204,-118.3037,2020.0,1.0,26.0,6.0,0.0,1.0,1,10,0,Morning
304,200614595,08/24/2020 12:00:00 AM,08/24/2020 12:00:00 AM,40,6,Hollywood,635,2,740,"VANDALISM - FELONY ($400 & OVER, ALL CHURCH VANDALISMS)",1300 1822 0329,44,M,W,707,GARAGE/CARPORT,,,IC,Invest Cont,740,,,6600    FRANKLIN                     AV,34.1079,-118.3337,2020.0,8.0,24.0,0.0,0.0,3.0,0,0,40,Night
307,200216455,10/21/2020 12:00:00 AM,10/13/2020 12:00:00 AM,900,2,Rampart,201,2,745,VANDALISM - MISDEAMEANOR ($399 OR UNDER),0329 1822 1300,53,M,H,108,PARKING LOT,400.0,"STRONG-ARM (HANDS, FIST, FEET OR BODILY FORCE)",IC,Invest Cont,745,,,4300 W  MELROSE                      AV,34.0873,-118.296,2020.0,10.0,13.0,1.0,0.0,4.0,0,9,0,Morning
311,200116354,08/13/2020 12:00:00 AM,08/13/2020 12:00:00 AM,1425,1,Central,158,2,930,CRIMINAL THREATS - NO WEAPON DISPLAYED,0913 0319 0443 0421,35,M,B,102,SIDEWALK,511.0,VERBAL THREAT,AO,Adult Other,930,,,800 E  6TH                          ST,34.0407,-118.2427,2020.0,8.0,13.0,3.0,0.0,3.0,0,14,25,Afternoon
312,200412172,08/26/2020 12:00:00 AM,08/26/2020 12:00:00 AM,1030,4,Hollenbeck,449,2,624,BATTERY - SIMPLE ASSAULT,0562 0446,65,F,H,501,SINGLE FAMILY DWELLING,400.0,"STRONG-ARM (HANDS, FIST, FEET OR BODILY FORCE)",IC,Invest Cont,624,,,2800    GANAHL                       ST,34.0524,-118.1969,2020.0,8.0,26.0,2.0,0.0,3.0,0,10,30,Morning
313,200512111,07/21/2020 12:00:00 AM,07/21/2020 12:00:00 AM,1900,5,Harbor,514,1,510,VEHICLE - STOLEN,,0,Unknown,,121,YARD (RESIDENTIAL/BUSINESS),,,IC,Invest Cont,510,,,1000 W  PAPEETE                      ST,33.7869,-118.2778,2020.0,7.0,21.0,1.0,0.0,3.0,0,19,0,Evening
314,201113064,08/30/2020 12:00:00 AM,08/30/2020 12:00:00 AM,1500,11,Northeast,1152,2,745,VANDALISM - MISDEAMEANOR ($399 OR UNDER),329,51,F,W,501,SINGLE FAMILY DWELLING,,,IC,Invest Cont,745,,,1600    HILLHURST                    AV,34.1,-118.2874,2020.0,8.0,30.0,6.0,0.0,3.0,1,15,0,Afternoon
315,200708317,04/16/2020 12:00:00 AM,03/27/2020 12:00:00 AM,1800,7,Wilshire,745,1,420,THEFT FROM MOTOR VEHICLE - PETTY ($950 & UNDER),344,67,M,W,104,DRIVEWAY,,,AO,Adult Other,420,,,1000 S  COCHRAN                      AV,34.0549,-118.3501,2020.0,3.0,27.0,4.0,0.0,1.0,0,18,0,Afternoon
316,201015685,12-02-2020 00:00,11/22/2020 12:00:00 AM,1900,10,West Valley,1025,1,331,THEFT FROM MOTOR VEHICLE - GRAND ($950.01 AND OVER),1822 0344 1602 0385 1300 1202,64,M,W,101,STREET,,,IC,Invest Cont,331,,,ZELZAH                       AV,34.1993,-118.5225,2020.0,11.0,22.0,6.0,0.0,4.0,1,19,0,Evening
317,200808801,04/28/2020 12:00:00 AM,04/23/2020 12:00:00 AM,1030,8,West LA,848,2,662,"BUNCO, GRAND THEFT",0701 0800 1202 1822,81,M,W,501,SINGLE FAMILY DWELLING,,,IC,Invest Cont,662,,,2100    CENTURY PARK,34.0585,-118.4119,2020.0,4.0,23.0,3.0,0.0,2.0,0,10,30,Morning
318,200212736,07/19/2020 12:00:00 AM,07/19/2020 12:00:00 AM,15,2,Rampart,235,2,956,"LETTERS, LEWD  -  TELEPHONE CALLS, LEWD",2000 1814 0913 0432 1906,23,F,H,501,SINGLE FAMILY DWELLING,,,IC,Invest Cont,956,,,2400    COUNCIL                      ST,34.0697,-118.273,2020.0,7.0,19.0,6.0,0.0,3.0,1,0,15,Night
323,200208066,03/22/2020 12:00:00 AM,03/22/2020 12:00:00 AM,440,2,Rampart,269,1,520,VEHICLE - ATTEMPT STOLEN,0351 1601 1300 1309 0329 0385 1822 0209 0216 0326,27,M,H,123,PARKING UNDERGROUND/BUILDING,500.0,UNKNOWN WEAPON/OTHER WEAPON,IC,Invest Cont,520,,,1300 W  7TH                          ST,34.0523,-118.2676,2020.0,3.0,22.0,6.0,0.0,1.0,1,4,40,Night
324,200618580,11/28/2020 12:00:00 AM,11/27/2020 12:00:00 AM,1500,6,Hollywood,666,2,930,CRIMINAL THREATS - NO WEAPON DISPLAYED,0400 0443,53,F,B,501,SINGLE FAMILY DWELLING,511.0,VERBAL THREAT,IC,Invest Cont,930,,,6400    LEXINGTON                    AV,34.0925,-118.3291,2020.0,11.0,27.0,4.0,0.0,4.0,0,15,0,Afternoon
325,200816680,11/16/2020 12:00:00 AM,11/15/2020 12:00:00 AM,1900,8,West LA,827,2,740,"VANDALISM - FELONY ($400 & OVER, ALL CHURCH VANDALISMS)",1202 1307 0329 1822,76,F,W,123,PARKING UNDERGROUND/BUILDING,,,IC,Invest Cont,740,,,500 S  BARRINGTON                   AV,34.0604,-118.4684,2020.0,11.0,15.0,6.0,0.0,4.0,1,19,0,Evening
327,201219304,08/26/2020 12:00:00 AM,08/22/2020 12:00:00 AM,1700,12,77th Street,1263,1,510,VEHICLE - STOLEN,,0,Unknown,,101,STREET,,,AA,Adult Arrest,510,,,2000 W  84TH                         PL,33.9618,-118.3156,2020.0,8.0,22.0,5.0,0.0,3.0,1,17,0,Afternoon
328,200317571,09/19/2020 12:00:00 AM,09/19/2020 12:00:00 AM,1040,3,Southwest,353,1,210,ROBBERY,1822 0342 1100 0334 0302 0430 1300 1309 1407 1409,23,M,B,101,STREET,102.0,HAND GUN,IC,Invest Cont,210,,,OBAMA                        BL,34.0215,-118.3393,2020.0,9.0,19.0,5.0,0.0,3.0,1,10,40,Morning
330,200109962,04-02-2020 00:00,03/26/2020 12:00:00 AM,1030,1,Central,111,1,330,BURGLARY FROM VEHICLE,1822 1605 0344,33,M,W,101,STREET,,,IC,Invest Cont,330,,,700 N  FIGUEROA                     ST,34.0635,-118.2458,2020.0,3.0,26.0,3.0,0.0,1.0,0,10,30,Morning
331,201307804,03-09-2020 00:00,01/27/2020 12:00:00 AM,2140,13,Newton,1375,1,230,"ASSAULT WITH DEADLY WEAPON, AGGRAVATED ASSAULT",1822 1300 0302 0421 0334,37,F,H,101,STREET,109.0,SEMI-AUTOMATIC PISTOL,AA,Adult Arrest,230,,,1100 E  53RD                         ST,33.9948,-118.2565,2020.0,1.0,27.0,0.0,0.0,1.0,0,21,40,Evening
335,200906646,02/28/2020 12:00:00 AM,02/27/2020 12:00:00 AM,1030,9,Van Nuys,991,1,310,BURGLARY,0344 1606,44,M,W,501,SINGLE FAMILY DWELLING,,,IC,Invest Cont,310,,,15100    ENCANTO                      DR,34.1466,-118.462,2020.0,2.0,27.0,3.0,0.0,1.0,0,10,30,Morning
339,200212614,07/16/2020 12:00:00 AM,04/21/2020 12:00:00 AM,900,2,Rampart,233,1,420,THEFT FROM MOTOR VEHICLE - PETTY ($950 & UNDER),,0,Unknown,,101,STREET,,,IC,Invest Cont,420,,,100 N  RAMPART                      BL,34.0695,-118.2768,2020.0,4.0,21.0,1.0,0.0,2.0,0,9,0,Morning
340,200605329,01/29/2020 12:00:00 AM,01/25/2020 12:00:00 AM,1400,6,Hollywood,647,1,440,THEFT PLAIN - PETTY ($950 & UNDER),0344 1822,75,F,A,735,NIGHT CLUB (OPEN EVENINGS ONLY),,,IC,Invest Cont,440,,,1600 N  EL CENTRO                    AV,34.0998,-118.3237,2020.0,1.0,25.0,5.0,0.0,1.0,1,14,0,Afternoon
341,200706186,02/16/2020 12:00:00 AM,02/14/2020 12:00:00 AM,1615,7,Wilshire,782,1,341,"THEFT-GRAND ($950.01 & OVER)EXCPT,GUNS,FOWL,LIVESTK,PROD",0344 0394 1822,32,M,W,203,OTHER BUSINESS,,,IC,Invest Cont,341,,,1900 S  LA CIENEGA                   BL,34.0426,-118.3764,2020.0,2.0,14.0,4.0,0.0,1.0,0,16,15,Afternoon
344,200408096,04/22/2020 12:00:00 AM,04/22/2020 12:00:00 AM,1900,4,Hollenbeck,471,1,230,"ASSAULT WITH DEADLY WEAPON, AGGRAVATED ASSAULT",1402 2004 1822 0411,32,M,H,101,STREET,205.0,KITCHEN KNIFE,AA,Adult Arrest,230,998.0,,6TH,34.0391,-118.2236,2020.0,4.0,22.0,2.0,0.0,2.0,0,19,0,Evening
345,200508431,04/18/2020 12:00:00 AM,04/18/2020 12:00:00 AM,2200,5,Harbor,515,2,946,OTHER MISCELLANEOUS CRIME,0913 1243 1813,58,F,H,502,"MULTI-UNIT DWELLING (APARTMENT, DUPLEX, ETC)",,,IC,Invest Cont,946,,,1600    WILMINGTON                   BL,33.7951,-118.2752,2020.0,4.0,18.0,5.0,0.0,2.0,1,22,0,Evening
346,201219454,08/28/2020 12:00:00 AM,08/28/2020 12:00:00 AM,20,12,77th Street,1259,2,888,TRESPASSING,1402 1202 1822 0342,68,F,B,501,SINGLE FAMILY DWELLING,,,IC,Invest Cont,888,998.0,,700 E  76TH                         ST,33.9712,-118.263,2020.0,8.0,28.0,4.0,0.0,3.0,0,0,20,Night
348,200913371,08-10-2020 00:00,03/20/2020 12:00:00 AM,600,9,Van Nuys,911,2,845,SEX OFFENDER REGISTRANT OUT OF COMPLIANCE,1501,0,M,X,501,SINGLE FAMILY DWELLING,,,AA,Adult Arrest,845,,,15300    SHERMAN                      WY,34.2011,-118.4669,2020.0,3.0,20.0,4.0,0.0,1.0,0,6,0,Night
349,200909092,04/29/2020 12:00:00 AM,04/27/2020 12:00:00 AM,2100,9,Van Nuys,919,1,330,BURGLARY FROM VEHICLE,1609 0344 1300,54,M,B,101,STREET,,,IC,Invest Cont,330,,,13600    SHERMAN                      WY,34.2012,-118.4294,2020.0,4.0,27.0,0.0,0.0,2.0,0,21,0,Evening
350,200717236,12/18/2020 12:00:00 AM,12/18/2020 12:00:00 AM,1100,7,Wilshire,752,1,320,"BURGLARY, ATTEMPTED",1822 1602 0397 0329,84,F,B,501,SINGLE FAMILY DWELLING,,,IC,Invest Cont,320,,,1200    ALVIRA                       ST,34.0532,-118.3729,2020.0,12.0,18.0,4.0,0.0,4.0,0,11,0,Morning
351,200115046,07/19/2020 12:00:00 AM,07/19/2020 12:00:00 AM,1425,1,Central,166,2,624,BATTERY - SIMPLE ASSAULT,1218 0356 0305 0344 0416 1822,54,F,H,102,SIDEWALK,400.0,"STRONG-ARM (HANDS, FIST, FEET OR BODILY FORCE)",AA,Adult Arrest,624,,,7TH                          ST,34.0412,-118.2474,2020.0,7.0,19.0,6.0,0.0,3.0,1,14,25,Afternoon
352,200319472,10/27/2020 12:00:00 AM,10/27/2020 12:00:00 AM,1330,3,Southwest,314,2,740,"VANDALISM - FELONY ($400 & OVER, ALL CHURCH VANDALISMS)",1236 1307 0329 0913,18,M,B,122,"VEHICLE, PASSENGER/TRUCK",,,AA,Adult Arrest,740,,,3900 W  ADAMS                        BL,34.0326,-118.3284,2020.0,10.0,27.0,1.0,0.0,4.0,0,13,30,Afternoon
353,200610699,05/27/2020 12:00:00 AM,05/24/2020 12:00:00 AM,1730,6,Hollywood,648,1,440,THEFT PLAIN - PETTY ($950 & UNDER),344,24,M,W,502,"MULTI-UNIT DWELLING (APARTMENT, DUPLEX, ETC)",,,IC,Invest Cont,440,,,5600    CARLTON                      WY,34.1005,-118.3115,2020.0,5.0,24.0,6.0,0.0,2.0,1,17,30,Afternoon
355,200504809,01/20/2020 12:00:00 AM,01/20/2020 12:00:00 AM,945,5,Harbor,507,2,626,INTIMATE PARTNER - SIMPLE ASSAULT,1814 0913 2000 1813 0444,42,F,B,101,STREET,400.0,"STRONG-ARM (HANDS, FIST, FEET OR BODILY FORCE)",IC,Invest Cont,626,,,22800    LOCKNESS                     AV,33.819,-118.3066,2020.0,1.0,20.0,0.0,0.0,1.0,0,9,45,Morning
356,200705134,01/20/2020 12:00:00 AM,01/19/2020 12:00:00 AM,1930,7,Wilshire,702,1,480,BIKE - STOLEN,344,30,F,W,501,SINGLE FAMILY DWELLING,,,IC,Invest Cont,480,,,800 N  VISTA                        ST,34.0854,-118.3522,2020.0,1.0,19.0,6.0,0.0,1.0,1,19,30,Evening
357,200812232,07/22/2020 12:00:00 AM,07/22/2020 12:00:00 AM,1100,8,West LA,815,2,354,THEFT OF IDENTITY,930,45,M,W,501,SINGLE FAMILY DWELLING,,,IC,Invest Cont,354,,,300    DALKEITH                     AV,34.0691,-118.4619,2020.0,7.0,22.0,2.0,0.0,3.0,0,11,0,Morning
358,200611438,06/15/2020 12:00:00 AM,06/14/2020 12:00:00 AM,1300,6,Hollywood,667,2,755,BOMB SCARE,0344 0443 0404 0913,0,X,X,203,OTHER BUSINESS,511.0,VERBAL THREAT,IC,Invest Cont,755,,,5800 W  SUNSET                       BL,34.0981,-118.3158,2020.0,6.0,14.0,6.0,0.0,2.0,1,13,0,Afternoon
359,200111209,05-01-2020 00:00,04/30/2020 12:00:00 AM,1803,1,Central,162,1,210,ROBBERY,0305 0355 0319 0334 0302 0344 1309 1822,37,M,H,123,PARKING UNDERGROUND/BUILDING,102.0,HAND GUN,IC,Invest Cont,210,,,700 W  9TH                          ST,34.0462,-118.2585,2020.0,4.0,30.0,3.0,0.0,2.0,0,18,3,Afternoon
360,200415454,12-01-2020 00:00,11/16/2020 12:00:00 AM,1200,4,Hollenbeck,409,2,354,THEFT OF IDENTITY,100,47,F,H,750,CYBERSPACE,,,IC,Invest Cont,354,,,5500    ATLAS                        ST,34.0976,-118.1602,2020.0,11.0,16.0,0.0,0.0,4.0,0,12,0,Morning
362,200508796,04/27/2020 12:00:00 AM,04/25/2020 12:00:00 AM,1700,5,Harbor,515,2,740,"VANDALISM - FELONY ($400 & OVER, ALL CHURCH VANDALISMS)",1300 0329,40,F,H,122,"VEHICLE, PASSENGER/TRUCK",,,IC,Invest Cont,740,,,1500 N  AVALON                       BL,33.7948,-118.2694,2020.0,4.0,25.0,5.0,0.0,2.0,1,17,0,Afternoon
365,200313632,07-01-2020 00:00,06/30/2020 12:00:00 AM,2030,3,Southwest,307,1,331,THEFT FROM MOTOR VEHICLE - GRAND ($950.01 AND OVER),1606 1822 0385 1300,38,F,H,122,"VEHICLE, PASSENGER/TRUCK",,,IC,Invest Cont,331,,,2500    WELLINGTON                   RD,34.0339,-118.337,2020.0,6.0,30.0,1.0,0.0,2.0,0,20,30,Evening
368,200608399,03/28/2020 12:00:00 AM,03/27/2020 12:00:00 AM,1700,6,Hollywood,615,1,330,BURGLARY FROM VEHICLE,0344 0329 1307,30,M,H,101,STREET,,,IC,Invest Cont,330,,,LAKE HOLLYWOOD,34.1322,-118.3384,2020.0,3.0,27.0,4.0,0.0,1.0,0,17,0,Afternoon
369,200122630,12/20/2020 12:00:00 AM,12/19/2020 12:00:00 AM,200,1,Central,185,2,740,"VANDALISM - FELONY ($400 & OVER, ALL CHURCH VANDALISMS)",329,0,X,X,122,"VEHICLE, PASSENGER/TRUCK",,,IC,Invest Cont,740,,,900 S  BROADWAY,34.0419,-118.2564,2020.0,12.0,19.0,5.0,0.0,4.0,1,2,0,Night
371,200314858,07/28/2020 12:00:00 AM,07/27/2020 12:00:00 AM,2130,3,Southwest,319,1,510,VEHICLE - STOLEN,,0,Unknown,,101,STREET,,,AA,Adult Arrest,510,,,2100    BONSALLO                     AV,34.0323,-118.2776,2020.0,7.0,27.0,0.0,0.0,3.0,0,21,30,Evening
372,200315958,08/18/2020 12:00:00 AM,08/18/2020 12:00:00 AM,12,3,Southwest,373,2,890,FAILURE TO YIELD,1309 1501 0202 1822,19,X,X,101,STREET,,,IC,Invest Cont,890,,,MARTIN LUTHER KING JR        BL,34.0109,-118.3351,2020.0,8.0,18.0,1.0,0.0,3.0,0,0,12,Night
373,200313281,06/27/2020 12:00:00 AM,06/26/2020 12:00:00 AM,2305,3,Southwest,331,1,331,THEFT FROM MOTOR VEHICLE - GRAND ($950.01 AND OVER),0344 1309 1822 0352 0216 1606,44,M,B,101,STREET,,,IC,Invest Cont,331,,,4800    WESTHAVEN                    ST,34.0264,-118.3481,2020.0,6.0,26.0,4.0,0.0,2.0,0,23,5,Evening
374,200707668,03/22/2020 12:00:00 AM,03/21/2020 12:00:00 AM,550,7,Wilshire,759,1,510,VEHICLE - STOLEN,,0,Unknown,,101,STREET,,,IC,Invest Cont,510,,,1200    BRONSON                      AV,34.0499,-118.3242,2020.0,3.0,21.0,5.0,0.0,1.0,1,5,50,Night
375,200413270,09/29/2020 12:00:00 AM,09/29/2020 12:00:00 AM,215,4,Hollenbeck,467,2,900,VIOLATION OF COURT ORDER,2038,47,F,H,501,SINGLE FAMILY DWELLING,,,AO,Adult Other,900,,,2600 E  4TH                          ST,34.0389,-118.208,2020.0,9.0,29.0,1.0,0.0,3.0,0,2,15,Night
376,201113788,09/20/2020 12:00:00 AM,09/20/2020 12:00:00 AM,30,11,Northeast,1126,1,230,"ASSAULT WITH DEADLY WEAPON, AGGRAVATED ASSAULT",0416 1822,17,M,H,102,SIDEWALK,500.0,UNKNOWN WEAPON/OTHER WEAPON,IC,Invest Cont,230,,,YORK,34.1207,-118.2026,2020.0,9.0,20.0,6.0,0.0,3.0,1,0,30,Night
377,201011314,07/24/2020 12:00:00 AM,07/24/2020 12:00:00 AM,1540,10,West Valley,1021,2,930,CRIMINAL THREATS - NO WEAPON DISPLAYED,0913 0443,34,M,W,406,OTHER STORE,511.0,VERBAL THREAT,AA,Adult Arrest,930,,,19300    VANOWEN                      ST,34.1938,-118.5534,2020.0,7.0,24.0,4.0,0.0,3.0,0,15,40,Afternoon
380,201110895,06/27/2020 12:00:00 AM,06/26/2020 12:00:00 AM,2200,11,Northeast,1141,1,420,THEFT FROM MOTOR VEHICLE - PETTY ($950 & UNDER),,0,Unknown,,707,GARAGE/CARPORT,,,IC,Invest Cont,420,,,4700    AMBROSE                      AV,34.1099,-118.2923,2020.0,6.0,26.0,4.0,0.0,2.0,0,22,0,Evening
383,200320465,11/16/2020 12:00:00 AM,11/15/2020 12:00:00 AM,1000,3,Southwest,329,1,510,VEHICLE - STOLEN,,0,Unknown,,101,STREET,,,IC,Invest Cont,510,,,28TH                         ST,34.026,-118.2758,2020.0,11.0,15.0,6.0,0.0,4.0,1,10,0,Morning
384,200919016,12/31/2020 12:00:00 AM,12/23/2020 12:00:00 AM,1200,9,Van Nuys,915,1,310,BURGLARY,1607 0344 0358 0321 1414 1420,0,X,X,118,CONSTRUCTION SITE,,,IC,Invest Cont,310,,,7100    VAN NUYS                     BL,34.1994,-118.4488,2020.0,12.0,23.0,2.0,0.0,4.0,0,12,0,Morning
385,200610306,05/17/2020 12:00:00 AM,05/17/2020 12:00:00 AM,50,6,Hollywood,668,2,626,INTIMATE PARTNER - SIMPLE ASSAULT,0400 0416 1814 2000 0913,34,F,H,502,"MULTI-UNIT DWELLING (APARTMENT, DUPLEX, ETC)",400.0,"STRONG-ARM (HANDS, FIST, FEET OR BODILY FORCE)",AA,Adult Arrest,626,,,5600    VIRGINIA                     AV,34.0918,-118.3109,2020.0,5.0,17.0,6.0,0.0,2.0,1,0,50,Night
386,200219096,12/28/2020 12:00:00 AM,12/27/2020 12:00:00 AM,1645,2,Rampart,237,2,662,"BUNCO, GRAND THEFT",1822 0701 0800 0100,38,F,W,502,"MULTI-UNIT DWELLING (APARTMENT, DUPLEX, ETC)",,,IC,Invest Cont,662,,,1500    COUNCIL                      ST,34.0656,-118.2616,2020.0,12.0,27.0,6.0,0.0,4.0,1,16,45,Afternoon
388,201213641,05/27/2020 12:00:00 AM,05/25/2020 12:00:00 AM,1640,12,77th Street,1208,1,510,VEHICLE - STOLEN,,0,Unknown,,101,STREET,,,IC,Invest Cont,510,,,48TH                         ST,33.9997,-118.2827,2020.0,5.0,25.0,0.0,0.0,2.0,0,16,40,Afternoon
391,201005390,02-03-2020 00:00,01/31/2020 12:00:00 AM,1500,10,West Valley,1008,1,420,THEFT FROM MOTOR VEHICLE - PETTY ($950 & UNDER),0344 1822 1607,0,M,O,121,YARD (RESIDENTIAL/BUSINESS),,,IC,Invest Cont,420,,,8000    BALBOA                       BL,34.2157,-118.5011,2020.0,1.0,31.0,4.0,0.0,1.0,0,15,0,Afternoon
392,200400819,05/24/2020 12:00:00 AM,05/24/2020 12:00:00 AM,2145,4,Hollenbeck,491,1,210,ROBBERY,1822 0325 0355,0,X,X,203,OTHER BUSINESS,500.0,UNKNOWN WEAPON/OTHER WEAPON,IC,Invest Cont,210,,,1700 S  SOTO                         ST,34.0233,-118.2222,2020.0,5.0,24.0,6.0,0.0,2.0,1,21,45,Evening
395,200300601,03/19/2020 12:00:00 AM,03/18/2020 12:00:00 AM,1200,3,Southwest,335,1,330,BURGLARY FROM VEHICLE,1609 1402 1601 0329 0344 0352,29,M,W,101,STREET,,,IC,Invest Cont,330,,,2600 W  30TH                         ST,34.0276,-118.3236,2020.0,3.0,18.0,2.0,0.0,1.0,0,12,0,Morning
396,200211375,06/15/2020 12:00:00 AM,06/15/2020 12:00:00 AM,1630,2,Rampart,249,1,440,THEFT PLAIN - PETTY ($950 & UNDER),0202 0344 0394 1822,0,M,W,502,"MULTI-UNIT DWELLING (APARTMENT, DUPLEX, ETC)",,,IC,Invest Cont,440,,,1100 W  6TH                          ST,34.0541,-118.2621,2020.0,6.0,15.0,0.0,0.0,2.0,0,16,30,Afternoon
397,200618301,11/21/2020 12:00:00 AM,11/21/2020 12:00:00 AM,600,6,Hollywood,622,1,510,VEHICLE - STOLEN,,0,Unknown,,108,PARKING LOT,,,IC,Invest Cont,510,,,2300    JUPITER                      DR,34.1106,-118.3646,2020.0,11.0,21.0,5.0,0.0,4.0,1,6,0,Night
402,201222549,10/13/2020 12:00:00 AM,10/13/2020 12:00:00 AM,1620,12,77th Street,1249,2,903,CONTEMPT OF COURT,0913 2038 1312 1814,39,F,H,101,STREET,,,AO,Adult Other,903,,,600 W  GAGE                         AV,33.9824,-118.2844,2020.0,10.0,13.0,1.0,0.0,4.0,0,16,20,Afternoon
406,200817734,12/20/2020 12:00:00 AM,12/20/2020 12:00:00 AM,1050,8,West LA,854,2,740,"VANDALISM - FELONY ($400 & OVER, ALL CHURCH VANDALISMS)",1402 0329 1822,0,X,X,252,"COFFEE SHOP (STARBUCKS, COFFEE BEAN, PEET'S, ETC.)",,,IC,Invest Cont,740,998.0,,11100    SANTA MONICA                 BL,34.0474,-118.445,2020.0,12.0,20.0,6.0,0.0,4.0,1,10,50,Morning
408,200616654,10/13/2020 12:00:00 AM,10/13/2020 12:00:00 AM,2120,6,Hollywood,666,1,420,THEFT FROM MOTOR VEHICLE - PETTY ($950 & UNDER),1300 1601 1606 0344 1822 0209 0216,27,M,H,101,STREET,,,IC,Invest Cont,420,480.0,,FOUNTAIN,34.0944,-118.3288,2020.0,10.0,13.0,1.0,0.0,4.0,0,21,20,Evening
409,201113171,09-02-2020 00:00,08/24/2020 12:00:00 AM,1630,11,Northeast,1115,1,310,BURGLARY,1602 0344 0358 0397,0,X,X,203,OTHER BUSINESS,,,IC,Invest Cont,310,,,2200    FAIR PARK                    AV,34.1361,-118.215,2020.0,8.0,24.0,0.0,0.0,3.0,0,16,30,Afternoon
410,201210975,04/15/2020 12:00:00 AM,04/15/2020 12:00:00 AM,520,12,77th Street,1251,1,520,VEHICLE - ATTEMPT STOLEN,0329 1300 1309 1307 1609 0342,48,M,H,101,STREET,,,IC,Invest Cont,520,,,10TH                         AV,33.9709,-118.3287,2020.0,4.0,15.0,2.0,0.0,2.0,0,5,20,Night
412,200206684,02/23/2020 12:00:00 AM,02/23/2020 12:00:00 AM,315,2,Rampart,256,1,236,INTIMATE PARTNER - AGGRAVATED ASSAULT,2000 1813 2002 0334 0445 1601 0913,37,M,H,502,"MULTI-UNIT DWELLING (APARTMENT, DUPLEX, ETC)",200.0,KNIFE WITH BLADE 6INCHES OR LESS,AO,Adult Other,236,,,600 S  UNION                        AV,34.0565,-118.2724,2020.0,2.0,23.0,6.0,0.0,1.0,1,3,15,Night
413,200817902,12/25/2020 12:00:00 AM,12/19/2020 12:00:00 AM,1200,8,West LA,832,2,745,VANDALISM - MISDEAMEANOR ($399 OR UNDER),329,38,M,W,123,PARKING UNDERGROUND/BUILDING,,,IC,Invest Cont,745,,,800 S  WESTGATE                     AV,34.0521,-118.4699,2020.0,12.0,19.0,5.0,0.0,4.0,1,12,0,Morning
414,201109834,05/27/2020 12:00:00 AM,05/27/2020 12:00:00 AM,1230,11,Northeast,1199,2,888,TRESPASSING,1822 1501,45,F,W,501,SINGLE FAMILY DWELLING,,,IC,Invest Cont,888,,,700    AMADOR                       ST,34.0763,-118.2336,2020.0,5.0,27.0,2.0,0.0,2.0,0,12,30,Morning
417,200410108,06/23/2020 12:00:00 AM,06/23/2020 12:00:00 AM,750,4,Hollenbeck,445,1,510,VEHICLE - STOLEN,,0,Unknown,,108,PARKING LOT,,,IC,Invest Cont,510,,,1900    MARENGO                      ST,34.0575,-118.2093,2020.0,6.0,23.0,1.0,0.0,2.0,0,7,50,Morning
420,200313179,06/25/2020 12:00:00 AM,06/24/2020 12:00:00 AM,1900,3,Southwest,337,1,520,VEHICLE - ATTEMPT STOLEN,1822 0329 1300 1601,44,M,H,101,STREET,,,IC,Invest Cont,520,,,30TH                         ST,34.0274,-118.2959,2020.0,6.0,24.0,2.0,0.0,2.0,0,19,0,Evening
421,201014056,10/15/2020 12:00:00 AM,09/30/2020 12:00:00 AM,1330,10,West Valley,1018,1,510,VEHICLE - STOLEN,,0,Unknown,,101,STREET,,,IC,Invest Cont,510,,,GLORIA                       AV,34.2013,-118.4793,2020.0,9.0,30.0,2.0,0.0,3.0,0,13,30,Afternoon
422,200214424,08/31/2020 12:00:00 AM,08/30/2020 12:00:00 AM,1900,2,Rampart,246,1,510,VEHICLE - STOLEN,,0,Unknown,,101,STREET,,,IC,Invest Cont,510,,,600 S  WESTLAKE                     AV,34.0598,-118.2734,2020.0,8.0,30.0,6.0,0.0,3.0,1,19,0,Evening
423,200305373,01/24/2020 12:00:00 AM,01/24/2020 12:00:00 AM,1330,3,Southwest,397,2,626,INTIMATE PARTNER - SIMPLE ASSAULT,1814 1313 2000 0444 0429,35,F,B,102,SIDEWALK,400.0,"STRONG-ARM (HANDS, FIST, FEET OR BODILY FORCE)",IC,Invest Cont,626,,,MARTIN LUTHER KING JR        BL,34.0109,-118.3002,2020.0,1.0,24.0,4.0,0.0,1.0,0,13,30,Afternoon
424,200113649,06/19/2020 12:00:00 AM,06/18/2020 12:00:00 AM,1900,1,Central,111,1,310,BURGLARY,0329 0344 1609 1402,48,F,A,218,BEAUTY/BARBER SHOP,,,IC,Invest Cont,310,998.0,,500    ALPINE                       ST,34.0628,-118.2395,2020.0,6.0,18.0,3.0,0.0,2.0,0,19,0,Evening
428,201008401,04/22/2020 12:00:00 AM,04/19/2020 12:00:00 AM,1600,10,West Valley,1004,2,740,"VANDALISM - FELONY ($400 & OVER, ALL CHURCH VANDALISMS)",1822 0329 1300 1307,35,F,H,122,"VEHICLE, PASSENGER/TRUCK",,,IC,Invest Cont,740,,,DARBY                        AV,34.2164,-118.5334,2020.0,4.0,19.0,6.0,0.0,2.0,1,16,0,Afternoon
429,200405985,02/20/2020 12:00:00 AM,02/15/2020 12:00:00 AM,1500,4,Hollenbeck,438,2,740,"VANDALISM - FELONY ($400 & OVER, ALL CHURCH VANDALISMS)",329,47,M,H,101,STREET,,,IC,Invest Cont,740,,,2900    COVINA                       ST,34.0788,-118.1653,2020.0,2.0,15.0,5.0,0.0,1.0,1,15,0,Afternoon
433,200512410,07/29/2020 12:00:00 AM,07/29/2020 12:00:00 AM,1345,5,Harbor,587,1,440,THEFT PLAIN - PETTY ($950 & UNDER),344,39,M,H,505,MOTEL,,,IC,Invest Cont,440,,,500 W  38TH                         ST,33.7096,-118.2885,2020.0,7.0,29.0,2.0,0.0,3.0,0,13,45,Afternoon
434,200305663,01/28/2020 12:00:00 AM,01/28/2020 12:00:00 AM,1310,3,Southwest,314,2,354,THEFT OF IDENTITY,0100 1822 1210,39,M,W,501,SINGLE FAMILY DWELLING,,,IC,Invest Cont,354,,,3800 W  27TH                         ST,34.0312,-118.3262,2020.0,1.0,28.0,1.0,0.0,1.0,0,13,10,Afternoon
435,200300943,12/17/2020 12:00:00 AM,12/17/2020 12:00:00 AM,550,3,Southwest,391,2,624,BATTERY - SIMPLE ASSAULT,1822 1212 0444 1300 1309,50,M,B,108,PARKING LOT,400.0,"STRONG-ARM (HANDS, FIST, FEET OR BODILY FORCE)",IC,Invest Cont,624,,,STOCKER                      ST,33.9974,-118.3579,2020.0,12.0,17.0,3.0,0.0,4.0,0,5,50,Night
436,200113869,06/24/2020 12:00:00 AM,06/24/2020 12:00:00 AM,650,1,Central,171,1,230,"ASSAULT WITH DEADLY WEAPON, AGGRAVATED ASSAULT",0334 2060 0340 0417 0416 1402 2004 1218 0913,24,M,B,101,STREET,200.0,KNIFE WITH BLADE 6INCHES OR LESS,AO,Adult Other,230,998.0,,LA LIVE                      WY,34.0451,-118.2701,2020.0,6.0,24.0,2.0,0.0,2.0,0,6,50,Night
437,201113583,09/14/2020 12:00:00 AM,09/13/2020 12:00:00 AM,1700,11,Northeast,1173,1,310,BURGLARY,1402 0358 0344 1822,35,M,H,501,SINGLE FAMILY DWELLING,,,IC,Invest Cont,310,998.0,,2100    BAXTER                       ST,34.0915,-118.255,2020.0,9.0,13.0,6.0,0.0,3.0,1,17,0,Afternoon
439,200804664,01/16/2020 12:00:00 AM,01/16/2020 12:00:00 AM,1810,8,West LA,831,1,230,"ASSAULT WITH DEADLY WEAPON, AGGRAVATED ASSAULT",1822 0444 0429 0400 1202,61,F,W,102,SIDEWALK,400.0,"STRONG-ARM (HANDS, FIST, FEET OR BODILY FORCE)",IC,Invest Cont,230,,,12400    WILSHIRE                     BL,34.0473,-118.4768,2020.0,1.0,16.0,3.0,0.0,1.0,0,18,10,Afternoon
440,200708413,04/19/2020 12:00:00 AM,04/18/2020 12:00:00 AM,1600,7,Wilshire,759,1,330,BURGLARY FROM VEHICLE,1609 0344,38,M,H,108,PARKING LOT,,,IC,Invest Cont,330,,,4100 W  PICO                         BL,34.0495,-118.3215,2020.0,4.0,18.0,5.0,0.0,2.0,1,16,0,Afternoon
441,200413927,10/17/2020 12:00:00 AM,10/16/2020 12:00:00 AM,2100,4,Hollenbeck,412,2,740,"VANDALISM - FELONY ($400 & OVER, ALL CHURCH VANDALISMS)",0329 1307,50,M,W,108,PARKING LOT,,,IC,Invest Cont,740,,,200 N  AVENUE 25,34.078,-118.2181,2020.0,10.0,16.0,4.0,0.0,4.0,0,21,0,Evening
443,200115887,08-05-2020 00:00,07/29/2020 12:00:00 AM,2100,1,Central,162,1,510,VEHICLE - STOLEN,,0,Unknown,,101,STREET,,,IC,Invest Cont,510,,,800 S  OLIVE                        ST,34.0437,-118.2582,2020.0,7.0,29.0,2.0,0.0,3.0,0,21,0,Evening
444,201223062,10/21/2020 12:00:00 AM,10/21/2020 12:00:00 AM,2130,12,77th Street,1263,1,230,"ASSAULT WITH DEADLY WEAPON, AGGRAVATED ASSAULT",1822 0450,0,M,B,101,STREET,106.0,UNKNOWN FIREARM,IC,Invest Cont,230,,,DENKER                       AV,33.96,-118.3047,2020.0,10.0,21.0,2.0,0.0,4.0,0,21,30,Evening
445,200322320,12/27/2020 12:00:00 AM,12/27/2020 12:00:00 AM,2030,3,Southwest,312,2,901,VIOLATION OF RESTRAINING ORDER,0913 2038 2000 1814 2004 1309 0216,39,F,H,502,"MULTI-UNIT DWELLING (APARTMENT, DUPLEX, ETC)",,,IC,Invest Cont,901,,,3000 S  CLOVERDALE                   AV,34.0273,-118.3594,2020.0,12.0,27.0,6.0,0.0,4.0,1,20,30,Evening
446,200415366,11/29/2020 12:00:00 AM,11/29/2020 12:00:00 AM,130,4,Hollenbeck,415,2,745,VANDALISM - MISDEAMEANOR ($399 OR UNDER),329,0,X,X,301,GAS STATION,,,IC,Invest Cont,745,,,2800 N  BROADWAY,34.0762,-118.2119,2020.0,11.0,29.0,6.0,0.0,4.0,1,1,30,Night
448,200907410,03/13/2020 12:00:00 AM,03/13/2020 12:00:00 AM,300,9,Van Nuys,964,1,331,THEFT FROM MOTOR VEHICLE - GRAND ($950.01 AND OVER),0329 1300 0344,19,M,O,101,STREET,,,IC,Invest Cont,331,740.0,,14200    RIVERSIDE                    DR,34.1576,-118.4422,2020.0,3.0,13.0,4.0,0.0,1.0,0,3,0,Night
449,200712536,08-08-2020 00:00,07/30/2020 12:00:00 AM,2105,7,Wilshire,747,2,354,THEFT OF IDENTITY,1822 0929,39,F,W,501,SINGLE FAMILY DWELLING,,,IC,Invest Cont,354,,,5100 W  OLYMPIC                      BL,34.0571,-118.34,2020.0,7.0,30.0,3.0,0.0,3.0,0,21,5,Evening
450,200908380,04-12-2020 00:00,03/20/2020 12:00:00 AM,224,9,Van Nuys,941,1,341,"THEFT-GRAND ($950.01 & OVER)EXCPT,GUNS,FOWL,LIVESTK,PROD",344,48,M,B,210,RESTAURANT/FAST FOOD,,,IC,Invest Cont,341,,,14800    BURBANK                      BL,34.1766,-118.4589,2020.0,3.0,20.0,4.0,0.0,1.0,0,2,24,Night
453,201215291,06/24/2020 12:00:00 AM,06/23/2020 12:00:00 AM,900,12,77th Street,1265,1,440,THEFT PLAIN - PETTY ($950 & UNDER),0913 0344,49,F,B,501,SINGLE FAMILY DWELLING,,,IC,Invest Cont,440,,,1100 W  81ST                         PL,33.9654,-118.2937,2020.0,6.0,23.0,1.0,0.0,2.0,0,9,0,Morning
456,200511995,07/18/2020 12:00:00 AM,07/18/2020 12:00:00 AM,800,5,Harbor,563,1,510,VEHICLE - STOLEN,,0,Unknown,,101,STREET,,,IC,Invest Cont,510,,,900 W  17TH                         ST,33.7288,-118.2973,2020.0,7.0,18.0,5.0,0.0,3.0,1,8,0,Morning
457,201105172,01/28/2020 12:00:00 AM,01/27/2020 12:00:00 AM,1540,11,Northeast,1149,1,440,THEFT PLAIN - PETTY ($950 & UNDER),0344 0352 2024,40,F,H,102,SIDEWALK,,,IC,Invest Cont,440,,,FIGUEROA,34.1076,-118.1968,2020.0,1.0,27.0,0.0,0.0,1.0,0,15,40,Afternoon
459,200712273,07/31/2020 12:00:00 AM,07/31/2020 12:00:00 AM,2020,7,Wilshire,775,2,626,INTIMATE PARTNER - SIMPLE ASSAULT,0416 1814 2000 2004,38,F,B,101,STREET,,,AO,Adult Other,626,,,WASHINGTON                   BL,34.0427,-118.3423,2020.0,7.0,31.0,4.0,0.0,3.0,0,20,20,Evening
460,200116884,08/24/2020 12:00:00 AM,08/24/2020 12:00:00 AM,2245,1,Central,124,1,231,ASSAULT WITH DEADLY WEAPON ON POLICE OFFICER,1501 0400 1212 1822,0,M,H,726,POLICE FACILITY,500.0,UNKNOWN WEAPON/OTHER WEAPON,IC,Invest Cont,231,,,100 W  1ST                          ST,34.0522,-118.2434,2020.0,8.0,24.0,0.0,0.0,3.0,0,22,45,Evening
461,200509761,05/21/2020 12:00:00 AM,05/21/2020 12:00:00 AM,1330,5,Harbor,526,1,330,BURGLARY FROM VEHICLE,0358 1302 0321 0344 1307 1609,57,F,H,103,ALLEY,,,IC,Invest Cont,330,,,900 N  AVALON                       BL,33.7798,-118.2656,2020.0,5.0,21.0,3.0,0.0,2.0,0,13,30,Afternoon
463,200611658,06/22/2020 12:00:00 AM,06/22/2020 12:00:00 AM,628,6,Hollywood,632,1,761,BRANDISH WEAPON,0334 1822,59,F,O,101,STREET,216.0,SCISSORS,IC,Invest Cont,761,,,SUNSET,34.098,-118.3645,2020.0,6.0,22.0,0.0,0.0,2.0,0,6,28,Night
464,200205356,01/28/2020 12:00:00 AM,01/28/2020 12:00:00 AM,1545,2,Rampart,245,1,480,BIKE - STOLEN,0344 1822 0910 2049,99,M,H,801,MTA BUS,,,IC,Invest Cont,480,,,7TH                          ST,34.057,-118.2779,2020.0,1.0,28.0,1.0,0.0,1.0,0,15,45,Afternoon
465,200100612,02/19/2020 12:00:00 AM,02/19/2020 12:00:00 AM,2110,1,Central,171,2,662,"BUNCO, GRAND THEFT",1309 0344 1402 0913 0800,26,M,O,156,VALET,500.0,UNKNOWN WEAPON/OTHER WEAPON,IC,Invest Cont,662,998.0,,900 W  OLYMPIC                      BL,34.0454,-118.2657,2020.0,2.0,19.0,2.0,0.0,1.0,0,21,10,Evening
467,200908452,04/15/2020 12:00:00 AM,04/15/2020 12:00:00 AM,2123,9,Van Nuys,952,2,624,BATTERY - SIMPLE ASSAULT,400,31,M,H,502,"MULTI-UNIT DWELLING (APARTMENT, DUPLEX, ETC)",400.0,"STRONG-ARM (HANDS, FIST, FEET OR BODILY FORCE)",AA,Adult Arrest,624,,,14800    BURBANK                      BL,34.1721,-118.4553,2020.0,4.0,15.0,2.0,0.0,2.0,0,21,23,Evening
468,201207405,02/18/2020 12:00:00 AM,02/18/2020 12:00:00 AM,945,12,77th Street,1268,1,420,THEFT FROM MOTOR VEHICLE - PETTY ($950 & UNDER),,0,Unknown,,101,STREET,,,IC,Invest Cont,420,,,84TH                         ST,33.9633,-118.2783,2020.0,2.0,18.0,1.0,0.0,1.0,0,9,45,Morning
470,200915186,09/27/2020 12:00:00 AM,09/26/2020 12:00:00 AM,1930,9,Van Nuys,932,1,420,THEFT FROM MOTOR VEHICLE - PETTY ($950 & UNDER),0344 1822,41,F,W,123,PARKING UNDERGROUND/BUILDING,,,IC,Invest Cont,420,,,14900    VICTORY                      BL,34.1867,-118.4582,2020.0,9.0,26.0,5.0,0.0,3.0,1,19,30,Evening
473,200614366,08/23/2020 12:00:00 AM,08/23/2020 12:00:00 AM,920,6,Hollywood,646,1,341,"THEFT-GRAND ($950.01 & OVER)EXCPT,GUNS,FOWL,LIVESTK,PROD",344,48,M,B,101,STREET,,,IC,Invest Cont,341,,,HOLLYWOOD,34.1016,-118.3333,2020.0,8.0,23.0,6.0,0.0,3.0,1,9,20,Morning
474,200508664,04/24/2020 12:00:00 AM,04/24/2020 12:00:00 AM,800,5,Harbor,506,1,761,BRANDISH WEAPON,0400 0913 0602 0561,49,M,H,502,"MULTI-UNIT DWELLING (APARTMENT, DUPLEX, ETC)",511.0,VERBAL THREAT,AO,Adult Other,761,,,2100    WESTERN                      AV,33.8365,-118.3092,2020.0,4.0,24.0,4.0,0.0,2.0,0,8,0,Morning
475,200216132,10/13/2020 12:00:00 AM,10/13/2020 12:00:00 AM,2000,2,Rampart,205,2,624,BATTERY - SIMPLE ASSAULT,1822 0400,51,F,H,102,SIDEWALK,400.0,"STRONG-ARM (HANDS, FIST, FEET OR BODILY FORCE)",AO,Adult Other,624,,,DILLON,34.0824,-118.2768,2020.0,10.0,13.0,1.0,0.0,4.0,0,20,0,Evening
476,201215480,06/27/2020 12:00:00 AM,06/27/2020 12:00:00 AM,1115,12,77th Street,1251,2,625,OTHER ASSAULT,2000 0913 0562 0444 0329,65,F,B,501,SINGLE FAMILY DWELLING,400.0,"STRONG-ARM (HANDS, FIST, FEET OR BODILY FORCE)",AO,Adult Other,625,,,3400 W  78TH                         PL,33.9681,-118.333,2020.0,6.0,27.0,5.0,0.0,2.0,1,11,15,Morning
477,200316094,08/21/2020 12:00:00 AM,08/21/2020 12:00:00 AM,330,3,Southwest,376,2,740,"VANDALISM - FELONY ($400 & OVER, ALL CHURCH VANDALISMS)",1307 0329 1822,47,F,B,122,"VEHICLE, PASSENGER/TRUCK",,,AA,Adult Arrest,740,,,EXPOSITION                   BL,34.0183,-118.3089,2020.0,8.0,21.0,4.0,0.0,3.0,0,3,30,Night
479,200317915,09/26/2020 12:00:00 AM,09/26/2020 12:00:00 AM,1420,3,Southwest,333,2,624,BATTERY - SIMPLE ASSAULT,1822 0401 1236,34,F,H,210,RESTAURANT/FAST FOOD,400.0,"STRONG-ARM (HANDS, FIST, FEET OR BODILY FORCE)",IC,Invest Cont,624,,,2800    CRENSHAW                     BL,34.0278,-118.3378,2020.0,9.0,26.0,5.0,0.0,3.0,1,14,20,Afternoon
480,200812103,07/21/2020 12:00:00 AM,07/21/2020 12:00:00 AM,110,8,West LA,847,1,210,ROBBERY,0334 0344 0355 0342 0202 0209 1822 0916,39,M,W,101,STREET,206.0,SWITCH BLADE,IC,Invest Cont,210,,,10300    BELLWOOD                     AV,34.0515,-118.418,2020.0,7.0,21.0,1.0,0.0,3.0,0,1,10,Night
483,201111795,07/24/2020 12:00:00 AM,07/24/2020 12:00:00 AM,915,11,Northeast,1153,2,625,OTHER ASSAULT,0356 1822 1416 2029,69,M,O,109,PARK/PLAYGROUND,500.0,UNKNOWN WEAPON/OTHER WEAPON,IC,Invest Cont,625,,,LOS FELIZ,34.1081,-118.3079,2020.0,7.0,24.0,4.0,0.0,3.0,0,9,15,Morning
484,200210233,05/15/2020 12:00:00 AM,05/15/2020 12:00:00 AM,2100,2,Rampart,245,1,330,BURGLARY FROM VEHICLE,0913 0344 1307 1609 0329 1810,29,F,H,101,STREET,,,IC,Invest Cont,330,,,400 S  LAKE                         ST,34.0621,-118.2747,2020.0,5.0,15.0,4.0,0.0,2.0,0,21,0,Evening
488,201105065,01/24/2020 12:00:00 AM,01/17/2020 12:00:00 AM,1530,11,Northeast,1148,1,341,"THEFT-GRAND ($950.01 & OVER)EXCPT,GUNS,FOWL,LIVESTK,PROD",0344 0385,56,M,H,101,STREET,,,IC,Invest Cont,341,,,200 N  AVENUE 49,34.1048,-118.2043,2020.0,1.0,17.0,4.0,0.0,1.0,0,15,30,Afternoon
491,201224761,11/18/2020 12:00:00 AM,11/18/2020 12:00:00 AM,1940,12,77th Street,1203,2,753,DISCHARGE FIREARMS/SHOTS FIRED,1100 1402 1407,0,X,X,101,STREET,106.0,UNKNOWN FIREARM,IC,Invest Cont,753,998.0,,1500 W  50TH                         ST,33.9982,-118.3086,2020.0,11.0,18.0,2.0,0.0,4.0,0,19,40,Evening
494,201112838,08/24/2020 12:00:00 AM,08/24/2020 12:00:00 AM,800,11,Northeast,1163,2,624,BATTERY - SIMPLE ASSAULT,0206 0416 0400 0913 0432 1817,41,F,B,502,"MULTI-UNIT DWELLING (APARTMENT, DUPLEX, ETC)",400.0,"STRONG-ARM (HANDS, FIST, FEET OR BODILY FORCE)",IC,Invest Cont,624,,,1200 N  EDGEMONT                     ST,34.0934,-118.2961,2020.0,8.0,24.0,0.0,0.0,3.0,0,8,0,Morning
495,200512288,07/26/2020 12:00:00 AM,07/26/2020 12:00:00 AM,400,5,Harbor,532,1,330,BURGLARY FROM VEHICLE,0344 1300,21,M,H,104,DRIVEWAY,,,IC,Invest Cont,330,,,1200    BAY VIEW                     AV,33.7867,-118.2705,2020.0,7.0,26.0,6.0,0.0,3.0,1,4,0,Night
496,200312831,06/17/2020 12:00:00 AM,06/15/2020 12:00:00 AM,1700,3,Southwest,362,1,330,BURGLARY FROM VEHICLE,0329 0344 1601 1608 1822,33,F,B,707,GARAGE/CARPORT,,,IC,Invest Cont,330,,,NICOLET                      AV,34.0129,-118.3513,2020.0,6.0,15.0,0.0,0.0,2.0,0,17,0,Afternoon
497,200218879,12/22/2020 12:00:00 AM,12/20/2020 12:00:00 AM,700,2,Rampart,245,2,626,INTIMATE PARTNER - SIMPLE ASSAULT,0913 2000 1814 1810 0429 0400,32,F,B,502,"MULTI-UNIT DWELLING (APARTMENT, DUPLEX, ETC)",400.0,"STRONG-ARM (HANDS, FIST, FEET OR BODILY FORCE)",IC,Invest Cont,626,,,400 S  GRAND VIEW                   ST,34.063,-118.2754,2020.0,12.0,20.0,6.0,0.0,4.0,1,7,0,Morning
498,200808920,04/30/2020 12:00:00 AM,04/30/2020 12:00:00 AM,1040,8,West LA,817,1,210,ROBBERY,0325 0945 0344 0352 1822 2028 0443 1420,0,X,X,203,OTHER BUSINESS,500.0,UNKNOWN WEAPON/OTHER WEAPON,IC,Invest Cont,210,,,10800    WEYBURN                      AV,34.0623,-118.4434,2020.0,4.0,30.0,3.0,0.0,2.0,0,10,40,Morning
499,200121312,11/20/2020 12:00:00 AM,11/20/2020 12:00:00 AM,100,1,Central,162,2,740,"VANDALISM - FELONY ($400 & OVER, ALL CHURCH VANDALISMS)",329,24,F,B,122,"VEHICLE, PASSENGER/TRUCK",,,IC,Invest Cont,740,,,300 W  9TH                          ST,34.0462,-118.2585,2020.0,11.0,20.0,4.0,0.0,4.0,0,1,0,Night
500,200410794,07/15/2020 12:00:00 AM,07/15/2020 12:00:00 AM,1100,4,Hollenbeck,464,1,331,THEFT FROM MOTOR VEHICLE - GRAND ($950.01 AND OVER),344,46,M,H,101,STREET,,,IC,Invest Cont,331,,,CESAR E CHAVEZ               AV,34.0479,-118.2103,2020.0,7.0,15.0,2.0,0.0,3.0,0,11,0,Morning
503,200111785,05/16/2020 12:00:00 AM,05/16/2020 12:00:00 AM,1150,1,Central,154,2,624,BATTERY - SIMPLE ASSAULT,0305 0416 0913,2,M,B,102,SIDEWALK,400.0,"STRONG-ARM (HANDS, FIST, FEET OR BODILY FORCE)",IC,Invest Cont,624,,,500 S  MAIN                         ST,34.0467,-118.2485,2020.0,5.0,16.0,5.0,0.0,2.0,1,11,50,Morning
505,201110029,06-03-2020 00:00,05/30/2020 12:00:00 AM,1710,11,Northeast,1161,1,480,BIKE - STOLEN,0397 0344,27,F,O,501,SINGLE FAMILY DWELLING,,,IC,Invest Cont,480,,,1200 N  MARIPOSA                     AV,34.0931,-118.2994,2020.0,5.0,30.0,5.0,0.0,2.0,1,17,10,Afternoon
508,201107834,03/28/2020 12:00:00 AM,03/27/2020 12:00:00 AM,2130,11,Northeast,1128,2,740,"VANDALISM - FELONY ($400 & OVER, ALL CHURCH VANDALISMS)",329,0,X,X,402,MARKET,,,IC,Invest Cont,740,,,600 N  AVENUE 64,34.1225,-118.1818,2020.0,3.0,27.0,4.0,0.0,1.0,0,21,30,Evening
509,200410168,06/25/2020 12:00:00 AM,06/25/2020 12:00:00 AM,10,4,Hollenbeck,473,2,745,VANDALISM - MISDEAMEANOR ($399 OR UNDER),0329 1300,32,F,H,101,STREET,,,IC,Invest Cont,745,,,SOTO                         ST,34.0365,-118.2144,2020.0,6.0,25.0,3.0,0.0,2.0,0,0,10,Night
510,200114908,07/16/2020 12:00:00 AM,07/15/2020 12:00:00 AM,2045,1,Central,101,2,354,THEFT OF IDENTITY,0930 0377,28,F,O,501,SINGLE FAMILY DWELLING,,,IC,Invest Cont,354,,,900    WHITE KNOLL                  DR,34.0671,-118.2483,2020.0,7.0,15.0,2.0,0.0,3.0,0,20,45,Evening
511,200712242,07/31/2020 12:00:00 AM,07/31/2020 12:00:00 AM,5,7,Wilshire,784,1,510,VEHICLE - STOLEN,,0,Unknown,,101,STREET,,,IC,Invest Cont,510,,,5000 W  21ST                         ST,34.0385,-118.3485,2020.0,7.0,31.0,4.0,0.0,3.0,0,0,5,Night
512,200817762,12/20/2020 12:00:00 AM,12/19/2020 12:00:00 AM,1430,8,West LA,882,1,331,THEFT FROM MOTOR VEHICLE - GRAND ($950.01 AND OVER),0344 1822 0385 1309 1602 1420,49,F,O,101,STREET,,,IC,Invest Cont,331,,,11400    MISSISSIPPI                  AV,34.0379,-118.4453,2020.0,12.0,19.0,5.0,0.0,4.0,1,14,30,Afternoon
513,200308567,03/14/2020 12:00:00 AM,03/14/2020 12:00:00 AM,2250,3,Southwest,375,2,624,BATTERY - SIMPLE ASSAULT,1822 0416 0446 0419,28,F,H,222,LAUNDROMAT,400.0,"STRONG-ARM (HANDS, FIST, FEET OR BODILY FORCE)",IC,Invest Cont,624,,,3800 S  WESTERN                      AV,34.0146,-118.313,2020.0,3.0,14.0,5.0,0.0,1.0,1,22,50,Evening
517,200904935,01/23/2020 12:00:00 AM,01/18/2020 12:00:00 AM,1450,9,Van Nuys,914,1,440,THEFT PLAIN - PETTY ($950 & UNDER),0394 0344,30,F,H,119,"PORCH, RESIDENTIAL",,,IC,Invest Cont,440,,,15100    SHERMAN                      WY,34.2012,-118.4618,2020.0,1.0,18.0,5.0,0.0,1.0,1,14,50,Afternoon
518,200518024,12/20/2020 12:00:00 AM,12/20/2020 12:00:00 AM,1630,5,Harbor,517,2,626,INTIMATE PARTNER - SIMPLE ASSAULT,0913 0444 1813 2000 2002,33,F,H,502,"MULTI-UNIT DWELLING (APARTMENT, DUPLEX, ETC)",400.0,"STRONG-ARM (HANDS, FIST, FEET OR BODILY FORCE)",AA,Adult Arrest,626,,,1000    BROAD                        AV,33.783,-118.261,2020.0,12.0,20.0,6.0,0.0,4.0,1,16,30,Afternoon
519,201209427,03/19/2020 12:00:00 AM,03/18/2020 12:00:00 AM,1300,12,77th Street,1208,2,745,VANDALISM - MISDEAMEANOR ($399 OR UNDER),1300 0329 1822,26,F,H,122,"VEHICLE, PASSENGER/TRUCK",,,IC,Invest Cont,745,,,600 W  49TH                         ST,33.9988,-118.2842,2020.0,3.0,18.0,2.0,0.0,1.0,0,13,0,Afternoon
520,200411004,07/21/2020 12:00:00 AM,07/18/2020 12:00:00 AM,1900,4,Hollenbeck,443,1,230,"ASSAULT WITH DEADLY WEAPON, AGGRAVATED ASSAULT",1218 0447 0334 1822,56,M,H,101,STREET,306.0,ROCK/THROWN OBJECT,IC,Invest Cont,230,,,CESAR E CHAVEZ               AV,34.0609,-118.2052,2020.0,7.0,18.0,5.0,0.0,3.0,1,19,0,Evening
522,200705401,01/30/2020 12:00:00 AM,01/27/2020 12:00:00 AM,1800,7,Wilshire,787,1,440,THEFT PLAIN - PETTY ($950 & UNDER),344,22,M,B,101,STREET,,,IC,Invest Cont,440,,,2300    CRENSHAW                     BL,34.0375,-118.335,2020.0,1.0,27.0,0.0,0.0,1.0,0,18,0,Afternoon
524,200213814,08/17/2020 12:00:00 AM,08/16/2020 12:00:00 AM,1900,2,Rampart,266,2,740,"VANDALISM - FELONY ($400 & OVER, ALL CHURCH VANDALISMS)",0329 0603 0913 0311 2004 1202,85,F,H,502,"MULTI-UNIT DWELLING (APARTMENT, DUPLEX, ETC)",500.0,UNKNOWN WEAPON/OTHER WEAPON,AA,Adult Arrest,740,,,800 S  UNION                        AV,34.0531,-118.2738,2020.0,8.0,16.0,6.0,0.0,3.0,1,19,0,Evening
528,200613294,07/31/2020 12:00:00 AM,07/30/2020 12:00:00 AM,1915,6,Hollywood,636,1,761,BRANDISH WEAPON,0334 1822,27,M,B,102,SIDEWALK,102.0,HAND GUN,AO,Adult Other,761,,,HOLLYWOOD                    BL,34.1016,-118.3333,2020.0,7.0,30.0,3.0,0.0,3.0,0,19,15,Evening
529,200210888,06-02-2020 00:00,05/28/2020 12:00:00 AM,900,2,Rampart,248,2,664,"BUNCO, PETTY THEFT",1822 0800 0701 1900,28,F,H,502,"MULTI-UNIT DWELLING (APARTMENT, DUPLEX, ETC)",,,IC,Invest Cont,664,,,400    WITMER                       ST,34.0576,-118.2644,2020.0,5.0,28.0,3.0,0.0,2.0,0,9,0,Morning
530,200122480,12/17/2020 12:00:00 AM,12/17/2020 12:00:00 AM,1815,1,Central,185,1,330,BURGLARY FROM VEHICLE,1307 0344 0329 1609 1822 1403,23,M,W,108,PARKING LOT,,,IC,Invest Cont,330,,,900 S  BROADWAY,34.0419,-118.2564,2020.0,12.0,17.0,3.0,0.0,4.0,0,18,15,Afternoon
532,200120187,10/28/2020 12:00:00 AM,10/27/2020 12:00:00 AM,1700,1,Central,162,1,341,"THEFT-GRAND ($950.01 & OVER)EXCPT,GUNS,FOWL,LIVESTK,PROD",0344 1202 1822 0352 0346 0305,67,M,W,102,SIDEWALK,,,IC,Invest Cont,341,,,7TH,34.0473,-118.2566,2020.0,10.0,27.0,1.0,0.0,4.0,0,17,0,Afternoon
534,200211831,06/26/2020 12:00:00 AM,06/26/2020 12:00:00 AM,1800,2,Rampart,279,2,624,BATTERY - SIMPLE ASSAULT,0603 0416 0446 0319 0913,54,M,H,502,"MULTI-UNIT DWELLING (APARTMENT, DUPLEX, ETC)",400.0,"STRONG-ARM (HANDS, FIST, FEET OR BODILY FORCE)",AO,Adult Other,624,,,900 S  ALBANY                       ST,34.0492,-118.2702,2020.0,6.0,26.0,4.0,0.0,2.0,0,18,0,Afternoon
535,201112727,08/21/2020 12:00:00 AM,08/21/2020 12:00:00 AM,50,11,Northeast,1189,2,900,VIOLATION OF COURT ORDER,2038 0913 0360 1202,77,F,H,501,SINGLE FAMILY DWELLING,,,AO,Adult Other,900,,,3400    MARMION                      WY,34.0864,-118.2155,2020.0,8.0,21.0,4.0,0.0,3.0,0,0,50,Night
537,200711696,07/14/2020 12:00:00 AM,07/14/2020 12:00:00 AM,1235,7,Wilshire,705,2,624,BATTERY - SIMPLE ASSAULT,0400 0416 1309 1218,44,M,W,102,SIDEWALK,400.0,"STRONG-ARM (HANDS, FIST, FEET OR BODILY FORCE)",IC,Invest Cont,624,,,FORMOSA                      AV,34.0889,-118.3462,2020.0,7.0,14.0,1.0,0.0,3.0,0,12,35,Morning
538,200518007,12/20/2020 12:00:00 AM,12/19/2020 12:00:00 AM,2200,5,Harbor,562,1,510,VEHICLE - STOLEN,,0,Unknown,,101,STREET,,,IC,Invest Cont,510,,,1200 W  9TH                          ST,33.7361,-118.3039,2020.0,12.0,19.0,5.0,0.0,4.0,1,22,0,Evening
539,200411203,07/27/2020 12:00:00 AM,07/26/2020 12:00:00 AM,2355,4,Hollenbeck,489,1,510,VEHICLE - STOLEN,,0,Unknown,,101,STREET,,,IC,Invest Cont,510,,,2700    WYNWOOD                      LN,34.0264,-118.2171,2020.0,7.0,26.0,6.0,0.0,3.0,1,23,55,Evening
541,200109311,03/17/2020 12:00:00 AM,03/17/2020 12:00:00 AM,445,1,Central,111,1,230,"ASSAULT WITH DEADLY WEAPON, AGGRAVATED ASSAULT",0302 1820 0334 0913,26,F,B,502,"MULTI-UNIT DWELLING (APARTMENT, DUPLEX, ETC)",102.0,HAND GUN,IC,Invest Cont,230,,,500 N  FIGUEROA                     ST,34.0617,-118.2469,2020.0,3.0,17.0,1.0,0.0,1.0,0,4,45,Night
542,201011299,07/23/2020 12:00:00 AM,07/23/2020 12:00:00 AM,930,10,West Valley,1041,2,900,VIOLATION OF COURT ORDER,0913 2021 1202 2038 0555,70,F,W,501,SINGLE FAMILY DWELLING,,,AO,Adult Other,900,,,5900    JULIAN                       LN,34.1776,-118.5541,2020.0,7.0,23.0,3.0,0.0,3.0,0,9,30,Morning
543,200320956,11/27/2020 12:00:00 AM,11/25/2020 12:00:00 AM,800,3,Southwest,308,1,510,VEHICLE - STOLEN,,0,Unknown,,101,STREET,,,IC,Invest Cont,510,,,22ND                         ST,34.0357,-118.2829,2020.0,11.0,25.0,2.0,0.0,4.0,0,8,0,Morning
546,200913093,08-04-2020 00:00,07/28/2020 12:00:00 AM,800,9,Van Nuys,914,1,420,THEFT FROM MOTOR VEHICLE - PETTY ($950 & UNDER),,0,Unknown,,101,STREET,,,IC,Invest Cont,420,,,14900    VANOWEN                      ST,34.1976,-118.4574,2020.0,7.0,28.0,1.0,0.0,3.0,0,8,0,Morning
547,200706789,02/24/2020 12:00:00 AM,01/24/2020 12:00:00 AM,1,7,Wilshire,753,2,354,THEFT OF IDENTITY,0930 1822,30,M,W,501,SINGLE FAMILY DWELLING,,,IC,Invest Cont,354,,,1000 S  OGDEN                        DR,34.0574,-118.3619,2020.0,1.0,24.0,4.0,0.0,1.0,0,0,1,Night
548,200814291,09/20/2020 12:00:00 AM,09/20/2020 12:00:00 AM,130,8,West LA,802,2,624,BATTERY - SIMPLE ASSAULT,0400 0401 0446,25,F,W,501,SINGLE FAMILY DWELLING,400.0,"STRONG-ARM (HANDS, FIST, FEET OR BODILY FORCE)",AO,Adult Other,624,,,1300    MARINETTE                    RD,34.054,-118.5191,2020.0,9.0,20.0,6.0,0.0,3.0,1,1,30,Night
549,201206297,02-02-2020 00:00,01/31/2020 12:00:00 AM,2000,12,77th Street,1259,1,510,VEHICLE - STOLEN,,0,Unknown,,101,STREET,,,IC,Invest Cont,510,,,7600 S  CENTRAL                      AV,33.9711,-118.2629,2020.0,1.0,31.0,4.0,0.0,1.0,0,20,0,Evening
550,200507569,03/24/2020 12:00:00 AM,03/17/2020 12:00:00 AM,2200,5,Harbor,524,2,930,CRIMINAL THREATS - NO WEAPON DISPLAYED,1822 0906 0446 0342 0416 0417 0421 1218,34,M,H,102,SIDEWALK,400.0,"STRONG-ARM (HANDS, FIST, FEET OR BODILY FORCE)",IC,Invest Cont,930,,,700    KING                         AV,33.7778,-118.2753,2020.0,3.0,17.0,1.0,0.0,1.0,0,22,0,Evening
551,200517068,11/23/2020 12:00:00 AM,11/23/2020 12:00:00 AM,1100,5,Harbor,526,2,740,"VANDALISM - FELONY ($400 & OVER, ALL CHURCH VANDALISMS)",0329 1202 1300,60,F,H,122,"VEHICLE, PASSENGER/TRUCK",,,IC,Invest Cont,740,,,ANAHEIM,33.7798,-118.2651,2020.0,11.0,23.0,0.0,0.0,4.0,0,11,0,Morning
552,201115225,10/29/2020 12:00:00 AM,10/29/2020 12:00:00 AM,530,11,Northeast,1177,1,510,VEHICLE - STOLEN,,0,Unknown,,108,PARKING LOT,,,IC,Invest Cont,510,,,2200 N  FIGUEROA                     ST,34.0884,-118.2258,2020.0,10.0,29.0,3.0,0.0,4.0,0,5,30,Night
554,200912584,07/20/2020 12:00:00 AM,07/20/2020 12:00:00 AM,1445,9,Van Nuys,935,1,230,"ASSAULT WITH DEADLY WEAPON, AGGRAVATED ASSAULT",1300 0447 2004 1310 1822,46,M,W,101,STREET,212.0,BOTTLE,IC,Invest Cont,230,,,VICTORY                      BL,34.1867,-118.4443,2020.0,7.0,20.0,0.0,0.0,3.0,0,14,45,Afternoon
555,200517191,11/28/2020 12:00:00 AM,11/28/2020 12:00:00 AM,1500,5,Harbor,511,1,815,SEXUAL PENETRATION W/FOREIGN OBJECT,0503 0515 0556 0522 0913,34,F,H,501,SINGLE FAMILY DWELLING,400.0,"STRONG-ARM (HANDS, FIST, FEET OR BODILY FORCE)",IC,Invest Cont,815,,,1600    256TH                        ST,33.7915,-118.3043,2020.0,11.0,28.0,5.0,0.0,4.0,1,15,0,Afternoon
559,201112958,08/27/2020 12:00:00 AM,08/22/2020 12:00:00 AM,1600,11,Northeast,1151,1,210,ROBBERY,0400 0416 0344 2034,61,M,H,101,STREET,400.0,"STRONG-ARM (HANDS, FIST, FEET OR BODILY FORCE)",IC,Invest Cont,210,,,4800 W  HOLLYWOOD                    BL,34.1018,-118.2953,2020.0,8.0,22.0,5.0,0.0,3.0,1,16,0,Afternoon
565,200716533,11/30/2020 12:00:00 AM,11/26/2020 12:00:00 AM,1130,7,Wilshire,745,2,740,"VANDALISM - FELONY ($400 & OVER, ALL CHURCH VANDALISMS)",329,42,M,H,101,STREET,,,IC,Invest Cont,740,,,SAN VICENTE                  BL,34.0527,-118.3509,2020.0,11.0,26.0,3.0,0.0,4.0,0,11,30,Morning
566,200908411,04/13/2020 12:00:00 AM,04/13/2020 12:00:00 AM,1320,9,Van Nuys,971,1,310,BURGLARY,1606 0314 1402 2004,63,F,B,501,SINGLE FAMILY DWELLING,,,AA,Adult Arrest,310,998.0,,14900    VENTURA                      BL,34.1564,-118.463,2020.0,4.0,13.0,0.0,0.0,2.0,0,13,20,Afternoon
567,200407318,03/27/2020 12:00:00 AM,03/27/2020 12:00:00 AM,315,4,Hollenbeck,422,2,740,"VANDALISM - FELONY ($400 & OVER, ALL CHURCH VANDALISMS)",329,40,M,O,203,OTHER BUSINESS,,,IC,Invest Cont,740,,,2600 N  BROADWAY,34.0736,-118.2156,2020.0,3.0,27.0,4.0,0.0,1.0,0,3,15,Night
569,200216757,10/27/2020 12:00:00 AM,10/21/2020 12:00:00 AM,600,2,Rampart,261,2,354,THEFT OF IDENTITY,0100 0930 0928,56,M,K,502,"MULTI-UNIT DWELLING (APARTMENT, DUPLEX, ETC)",,,IC,Invest Cont,354,,,700 S  CORONADO                     ST,34.0584,-118.2824,2020.0,10.0,21.0,2.0,0.0,4.0,0,6,0,Night
572,201214933,06/18/2020 12:00:00 AM,06/18/2020 12:00:00 AM,100,12,77th Street,1255,1,210,ROBBERY,0344 0342 1822 0355 0908,24,M,H,101,STREET,102.0,HAND GUN,IC,Invest Cont,210,,,1300 W  78TH                         ST,33.9694,-118.2981,2020.0,6.0,18.0,3.0,0.0,2.0,0,1,0,Night
574,200410977,07/20/2020 12:00:00 AM,07/13/2020 12:00:00 AM,1330,4,Hollenbeck,463,1,310,BURGLARY,0344 0329 1602,0,M,W,704,ELEMENTARY SCHOOL,,,IC,Invest Cont,310,,,1900 E  2ND                          ST,34.045,-118.2165,2020.0,7.0,13.0,0.0,0.0,3.0,0,13,30,Afternoon
575,200710724,06/19/2020 12:00:00 AM,05/23/2020 12:00:00 AM,1330,7,Wilshire,705,1,310,BURGLARY,0344 1606,54,M,W,501,SINGLE FAMILY DWELLING,,,IC,Invest Cont,310,,,600 N  ALTA VISTA                   BL,34.0819,-118.3474,2020.0,5.0,23.0,5.0,0.0,2.0,1,13,30,Afternoon
577,200120169,10/28/2020 12:00:00 AM,10/27/2020 12:00:00 AM,1600,1,Central,153,1,310,BURGLARY,0344 0329 0397 1602 1607 1822 1414,32,M,W,118,CONSTRUCTION SITE,,,IC,Invest Cont,310,,,600 S  BROADWAY,34.0459,-118.2526,2020.0,10.0,27.0,1.0,0.0,4.0,0,16,0,Afternoon
578,200515535,10/20/2020 12:00:00 AM,10/20/2020 12:00:00 AM,1007,5,Harbor,564,1,510,VEHICLE - STOLEN,,0,Unknown,,108,PARKING LOT,,,AA,Adult Arrest,510,,,200 W  6TH                          ST,33.7387,-118.2814,2020.0,10.0,20.0,1.0,0.0,4.0,0,10,7,Morning
580,201013600,09/30/2020 12:00:00 AM,09/28/2020 12:00:00 AM,1900,10,West Valley,1025,2,627,CHILD ABUSE (PHYSICAL) - SIMPLE ASSAULT,0913 0553 0552 0400 0416 0417 1420,9,M,O,502,"MULTI-UNIT DWELLING (APARTMENT, DUPLEX, ETC)",400.0,"STRONG-ARM (HANDS, FIST, FEET OR BODILY FORCE)",AO,Adult Other,627,,,18300    VANOWEN                      ST,34.1975,-118.5273,2020.0,9.0,28.0,0.0,0.0,3.0,0,19,0,Evening
584,200709574,05/23/2020 12:00:00 AM,05/23/2020 12:00:00 AM,1920,7,Wilshire,732,1,210,ROBBERY,0945 0344 0421 2004,0,M,O,203,OTHER BUSINESS,511.0,VERBAL THREAT,AA,Adult Arrest,210,,,6100    WILSHIRE                     BL,34.0665,-118.3662,2020.0,5.0,23.0,5.0,0.0,2.0,1,19,20,Evening
587,200205402,01/17/2020 12:00:00 AM,01/16/2020 12:00:00 AM,1600,2,Rampart,261,1,331,THEFT FROM MOTOR VEHICLE - GRAND ($950.01 AND OVER),1606 0344 0352 0377 1202,65,M,H,108,PARKING LOT,,,IC,Invest Cont,331,,,2400    JAMES M WOOD                 BL,34.0567,-118.2815,2020.0,1.0,16.0,3.0,0.0,1.0,0,16,0,Afternoon
588,201209121,03/14/2020 12:00:00 AM,03/13/2020 12:00:00 AM,2100,12,77th Street,1267,1,330,BURGLARY FROM VEHICLE,1307 1609 1822 0344 0329 1300,22,M,B,101,STREET,,,IC,Invest Cont,330,,,900 W  85TH                         ST,33.9613,-118.2893,2020.0,3.0,13.0,4.0,0.0,1.0,0,21,0,Evening
589,201215423,06/26/2020 12:00:00 AM,06/26/2020 12:00:00 AM,1000,12,77th Street,1215,2,626,INTIMATE PARTNER - SIMPLE ASSAULT,2000 1823 1276 2047 0416 0338 0340 2038 0329 0913,21,F,B,518,TRANSITIONAL HOUSING/HALFWAY HOUSE,400.0,"STRONG-ARM (HANDS, FIST, FEET OR BODILY FORCE)",AA,Adult Arrest,626,,,1200 W  56TH                         ST,33.9915,-118.2959,2020.0,6.0,26.0,4.0,0.0,2.0,0,10,0,Morning
590,200804730,01/17/2020 12:00:00 AM,01/16/2020 12:00:00 AM,1900,8,West LA,835,1,331,THEFT FROM MOTOR VEHICLE - GRAND ($950.01 AND OVER),0344 0385 1822,31,M,W,101,STREET,,,IC,Invest Cont,331,,,LA GRANGE,34.0472,-118.4333,2020.0,1.0,16.0,3.0,0.0,1.0,0,19,0,Evening
592,200618640,11/30/2020 12:00:00 AM,11/27/2020 12:00:00 AM,1900,6,Hollywood,663,1,210,ROBBERY,0400 0344 1300 1822,20,M,B,401,MINI-MART,102.0,HAND GUN,IC,Invest Cont,210,,,6700    SANTA MONICA                 BL,34.0907,-118.3368,2020.0,11.0,27.0,4.0,0.0,4.0,0,19,0,Evening
593,201014895,11-09-2020 00:00,10/30/2020 12:00:00 AM,1145,10,West Valley,1021,1,331,THEFT FROM MOTOR VEHICLE - GRAND ($950.01 AND OVER),1822 0344 1300,44,M,C,101,STREET,,,IC,Invest Cont,331,,,19600    BASSETT                      ST,34.196,-118.56,2020.0,10.0,30.0,4.0,0.0,4.0,0,11,45,Morning
595,201015594,11/30/2020 12:00:00 AM,11/30/2020 12:00:00 AM,1300,10,West Valley,1077,1,331,THEFT FROM MOTOR VEHICLE - GRAND ($950.01 AND OVER),1300 0377 0344 1606 1822,23,F,O,108,PARKING LOT,,,IC,Invest Cont,331,,,17100    VENTURA                      BL,34.1602,-118.5054,2020.0,11.0,30.0,0.0,0.0,4.0,0,13,0,Afternoon
598,201308570,03/23/2020 12:00:00 AM,03/22/2020 12:00:00 AM,2000,13,Newton,1333,1,510,VEHICLE - STOLEN,,0,Unknown,,101,STREET,,,IC,Invest Cont,510,,,2700    TRINITY                      ST,34.0216,-118.2638,2020.0,3.0,22.0,6.0,0.0,1.0,1,20,0,Evening
599,200210793,05/29/2020 12:00:00 AM,05/28/2020 12:00:00 AM,1230,2,Rampart,266,1,236,INTIMATE PARTNER - AGGRAVATED ASSAULT,0913 1814 1813 0356 0444 0416 0334 0446 0419 2000,24,F,H,502,"MULTI-UNIT DWELLING (APARTMENT, DUPLEX, ETC)",400.0,"STRONG-ARM (HANDS, FIST, FEET OR BODILY FORCE)",AO,Adult Other,236,,,800    BEACON                       AV,34.0521,-118.2738,2020.0,5.0,28.0,3.0,0.0,2.0,0,12,30,Morning
603,200110957,04/24/2020 12:00:00 AM,04/24/2020 12:00:00 AM,255,1,Central,119,1,341,"THEFT-GRAND ($950.01 & OVER)EXCPT,GUNS,FOWL,LIVESTK,PROD",0910 0344 1822,0,X,X,834,LA UNION STATION (NOT LINE SPECIFIC),,,IC,Invest Cont,341,,,800 N  ALAMEDA                      ST,34.0563,-118.2374,2020.0,4.0,24.0,4.0,0.0,2.0,0,2,55,Night
604,200116609,08/18/2020 12:00:00 AM,08/18/2020 12:00:00 AM,1800,1,Central,166,2,624,BATTERY - SIMPLE ASSAULT,0416 1822 1218 2003,58,F,B,102,SIDEWALK,500.0,UNKNOWN WEAPON/OTHER WEAPON,IC,Invest Cont,624,,,600 S  SAN PEDRO                    ST,34.0421,-118.2469,2020.0,8.0,18.0,1.0,0.0,3.0,0,18,0,Afternoon
605,200312028,05/29/2020 12:00:00 AM,05/29/2020 12:00:00 AM,125,3,Southwest,312,1,251,SHOTS FIRED AT INHABITED DWELLING,0329 1202 1822,60,F,H,502,"MULTI-UNIT DWELLING (APARTMENT, DUPLEX, ETC)",102.0,HAND GUN,IC,Invest Cont,251,,,2900 S  REDONDO                      BL,34.0271,-118.3585,2020.0,5.0,29.0,4.0,0.0,2.0,0,1,25,Night
607,200208387,03/31/2020 12:00:00 AM,03/30/2020 12:00:00 AM,1900,2,Rampart,261,1,510,VEHICLE - STOLEN,,0,Unknown,,101,STREET,,,IC,Invest Cont,510,,,700 S  CARONDELET                   ST,34.0584,-118.281,2020.0,3.0,30.0,0.0,0.0,1.0,0,19,0,Evening
612,200405697,02/13/2020 12:00:00 AM,02/13/2020 12:00:00 AM,2300,4,Hollenbeck,461,2,740,"VANDALISM - FELONY ($400 & OVER, ALL CHURCH VANDALISMS)",1100 1407 0329,0,F,H,101,STREET,,,IC,Invest Cont,740,998.0,,300 S  PECAN                        ST,34.0453,-118.2218,2020.0,2.0,13.0,3.0,0.0,1.0,0,23,0,Evening
614,201226495,12/16/2020 12:00:00 AM,12/15/2020 12:00:00 AM,2200,12,77th Street,1211,1,510,VEHICLE - STOLEN,,0,Unknown,,101,STREET,,,IC,Invest Cont,510,,,5400    BRYNHURST                    AV,33.9909,-118.3333,2020.0,12.0,15.0,1.0,0.0,4.0,0,22,0,Evening
615,200412026,08/22/2020 12:00:00 AM,08/21/2020 12:00:00 AM,1850,4,Hollenbeck,468,2,745,VANDALISM - MISDEAMEANOR ($399 OR UNDER),0329 0311,41,F,O,501,SINGLE FAMILY DWELLING,,,IC,Invest Cont,745,,,100 S  CONCORD                      ST,34.0375,-118.1969,2020.0,8.0,21.0,4.0,0.0,3.0,0,18,50,Afternoon
616,200910314,05/30/2020 12:00:00 AM,05/29/2020 12:00:00 AM,2215,9,Van Nuys,914,2,740,"VANDALISM - FELONY ($400 & OVER, ALL CHURCH VANDALISMS)",0329 1300,25,F,H,108,PARKING LOT,,,AO,Adult Other,740,,,14900    VANOWEN                      ST,34.1976,-118.4574,2020.0,5.0,29.0,4.0,0.0,2.0,0,22,15,Evening
617,201213261,05/16/2020 12:00:00 AM,05/16/2020 12:00:00 AM,1800,12,77th Street,1205,2,922,CHILD STEALING,913,41,M,H,501,SINGLE FAMILY DWELLING,,,AO,Adult Other,922,,,4800 S  BUDLONG                      AV,33.9992,-118.2959,2020.0,5.0,16.0,5.0,0.0,2.0,1,18,0,Afternoon
618,200508408,04/18/2020 12:00:00 AM,04/18/2020 12:00:00 AM,1200,5,Harbor,528,1,420,THEFT FROM MOTOR VEHICLE - PETTY ($950 & UNDER),,0,Unknown,,108,PARKING LOT,,,IC,Invest Cont,420,,,1200    BLINN                        AV,33.7876,-118.2452,2020.0,4.0,18.0,5.0,0.0,2.0,1,12,0,Morning
619,200517938,12/18/2020 12:00:00 AM,12/18/2020 12:00:00 AM,342,5,Harbor,501,1,310,BURGLARY,0344 0358 1402 1602 0397,0,X,X,221,PUBLIC STORAGE,,,IC,Invest Cont,310,,,600 W  184TH                        ST,33.8684,-118.2842,2020.0,12.0,18.0,4.0,0.0,4.0,0,3,42,Night
621,200704920,01/14/2020 12:00:00 AM,01/14/2020 12:00:00 AM,2130,7,Wilshire,723,1,330,BURGLARY FROM VEHICLE,1300 1822 1609 0344,26,F,W,101,STREET,,,IC,Invest Cont,330,,,3RD                          ST,34.0719,-118.3637,2020.0,1.0,14.0,1.0,0.0,1.0,0,21,30,Evening
622,201224479,11/15/2020 12:00:00 AM,11/15/2020 12:00:00 AM,200,12,77th Street,1208,1,230,"ASSAULT WITH DEADLY WEAPON, AGGRAVATED ASSAULT",1822 0443 0319 0334 0302 1309,47,M,B,101,STREET,109.0,SEMI-AUTOMATIC PISTOL,AO,Adult Other,230,,,HOOVER                       ST,33.9996,-118.2871,2020.0,11.0,15.0,6.0,0.0,4.0,1,2,0,Night
626,200710521,06/15/2020 12:00:00 AM,05/30/2020 12:00:00 AM,1420,7,Wilshire,723,2,623,BATTERY POLICE (SIMPLE),0917 0416 1822 0209 1212 0447,0,M,X,101,STREET,500.0,UNKNOWN WEAPON/OTHER WEAPON,IC,Invest Cont,623,,,3RD                          ST,34.0719,-118.3614,2020.0,5.0,30.0,5.0,0.0,2.0,1,14,20,Afternoon
627,201207530,02/20/2020 12:00:00 AM,02/20/2020 12:00:00 AM,1620,12,77th Street,1266,1,341,"THEFT-GRAND ($950.01 & OVER)EXCPT,GUNS,FOWL,LIVESTK,PROD",0910 0344 0216 1822 1258 0346 2049 2051,17,F,H,801,MTA BUS,,,IC,Invest Cont,341,,,FIGUEROA,33.9679,-118.2827,2020.0,2.0,20.0,3.0,0.0,1.0,0,16,20,Afternoon
628,201305498,01/27/2020 12:00:00 AM,01/27/2020 12:00:00 AM,1000,13,Newton,1365,2,626,INTIMATE PARTNER - SIMPLE ASSAULT,2000 0448 1309 1813 1243,28,F,H,101,STREET,400.0,"STRONG-ARM (HANDS, FIST, FEET OR BODILY FORCE)",AO,Adult Other,626,,,HOOPER                       ST,34.0002,-118.2521,2020.0,1.0,27.0,0.0,0.0,1.0,0,10,0,Morning
632,200711079,06/30/2020 12:00:00 AM,06/29/2020 12:00:00 AM,1550,7,Wilshire,769,2,930,CRIMINAL THREATS - NO WEAPON DISPLAYED,0433 1912 2000 1814,26,F,H,502,"MULTI-UNIT DWELLING (APARTMENT, DUPLEX, ETC)",511.0,VERBAL THREAT,AA,Adult Arrest,930,,,1500    4TH                          AV,34.0436,-118.3213,2020.0,6.0,29.0,0.0,0.0,2.0,0,15,50,Afternoon
634,200606525,02/19/2020 12:00:00 AM,02/19/2020 12:00:00 AM,937,6,Hollywood,647,2,626,INTIMATE PARTNER - SIMPLE ASSAULT,2000 1814 0444,32,F,H,501,SINGLE FAMILY DWELLING,400.0,"STRONG-ARM (HANDS, FIST, FEET OR BODILY FORCE)",AO,Adult Other,626,,,1500 N  EL CENTRO                    AV,34.098,-118.3237,2020.0,2.0,19.0,2.0,0.0,1.0,0,9,37,Morning
635,200909957,05/21/2020 12:00:00 AM,05/15/2020 12:00:00 AM,2205,9,Van Nuys,989,1,420,THEFT FROM MOTOR VEHICLE - PETTY ($950 & UNDER),0344 1822,26,F,W,101,STREET,,,IC,Invest Cont,420,,,4300    VENTURA CANYON               AV,34.1478,-118.4296,2020.0,5.0,15.0,4.0,0.0,2.0,0,22,5,Evening
637,201218738,07/21/2020 12:00:00 AM,07/21/2020 12:00:00 AM,1750,12,77th Street,1251,2,956,"LETTERS, LEWD  -  TELEPHONE CALLS, LEWD",,59,F,B,501,SINGLE FAMILY DWELLING,,,IC,Invest Cont,956,,,3100 W  78TH                         ST,33.9691,-118.3265,2020.0,7.0,21.0,1.0,0.0,3.0,0,17,50,Afternoon
638,200808741,04/27/2020 12:00:00 AM,04/26/2020 12:00:00 AM,1900,8,West LA,826,1,510,VEHICLE - STOLEN,,0,Unknown,,104,DRIVEWAY,,,IC,Invest Cont,510,,,100 S  WESTGATE                     AV,34.0629,-118.4728,2020.0,4.0,26.0,6.0,0.0,2.0,1,19,0,Evening
639,200710996,06/26/2020 12:00:00 AM,06/26/2020 12:00:00 AM,1315,7,Wilshire,705,2,930,CRIMINAL THREATS - NO WEAPON DISPLAYED,421,30,F,W,210,RESTAURANT/FAST FOOD,511.0,VERBAL THREAT,AO,Adult Other,930,,,7200 W  MELROSE                      AV,34.0835,-118.3462,2020.0,6.0,26.0,4.0,0.0,2.0,0,13,15,Afternoon
640,201115112,10/26/2020 12:00:00 AM,10/24/2020 12:00:00 AM,1800,11,Northeast,1173,1,510,VEHICLE - STOLEN,,0,Unknown,,101,STREET,,,IC,Invest Cont,510,,,2100    ALLESANDRO                   ST,34.0924,-118.2568,2020.0,10.0,24.0,5.0,0.0,4.0,1,18,0,Afternoon
641,201108692,04/24/2020 12:00:00 AM,04/22/2020 12:00:00 AM,1500,11,Northeast,1101,2,626,INTIMATE PARTNER - SIMPLE ASSAULT,2000 0446 0400 1601 2004 1218 0432 1814,40,F,W,109,PARK/PLAYGROUND,400.0,"STRONG-ARM (HANDS, FIST, FEET OR BODILY FORCE)",AO,Adult Other,626,,,5100    ZOO                          DR,34.1534,-118.3097,2020.0,4.0,22.0,2.0,0.0,2.0,0,15,0,Afternoon
643,201107660,03/24/2020 12:00:00 AM,02/24/2020 12:00:00 AM,910,11,Northeast,1181,1,341,"THEFT-GRAND ($950.01 & OVER)EXCPT,GUNS,FOWL,LIVESTK,PROD",0394 0344,35,F,W,501,SINGLE FAMILY DWELLING,,,IC,Invest Cont,341,,,1300 N  BENTON                       WY,34.082,-118.2694,2020.0,2.0,24.0,0.0,0.0,1.0,0,9,10,Morning
645,200500566,02/24/2020 12:00:00 AM,02/24/2020 12:00:00 AM,330,5,Harbor,565,1,761,BRANDISH WEAPON,0443 1822 0319 0334 0416 1402 2004,35,M,W,108,PARKING LOT,304.0,CLUB/BAT,AO,Adult Other,761,998.0,,800 W  9TH                          ST,33.7361,-118.2946,2020.0,2.0,24.0,0.0,0.0,1.0,0,3,30,Night
647,200411904,08/19/2020 12:00:00 AM,08/19/2020 12:00:00 AM,1345,4,Hollenbeck,477,2,624,BATTERY - SIMPLE ASSAULT,446,43,M,H,103,ALLEY,400.0,"STRONG-ARM (HANDS, FIST, FEET OR BODILY FORCE)",AA,Adult Arrest,624,,,2900    WHITTIER                     BL,34.0317,-118.2097,2020.0,8.0,19.0,2.0,0.0,3.0,0,13,45,Afternoon
648,200815772,10/27/2020 12:00:00 AM,10/25/2020 12:00:00 AM,1930,8,West LA,855,1,420,THEFT FROM MOTOR VEHICLE - PETTY ($950 & UNDER),,0,Unknown,,101,STREET,,,IC,Invest Cont,420,,,1400    VETERAN                      AV,34.0517,-118.442,2020.0,10.0,25.0,6.0,0.0,4.0,1,19,30,Evening
649,201006193,02/19/2020 12:00:00 AM,02/19/2020 12:00:00 AM,745,10,West Valley,1063,2,901,VIOLATION OF RESTRAINING ORDER,2038 0913 0361,23,F,H,102,SIDEWALK,,,AO,Adult Other,901,,,18500    CLARK                        ST,34.1704,-118.536,2020.0,2.0,19.0,2.0,0.0,1.0,0,7,45,Morning
652,201006630,02/29/2020 12:00:00 AM,02/28/2020 12:00:00 AM,2340,10,West Valley,1039,2,740,"VANDALISM - FELONY ($400 & OVER, ALL CHURCH VANDALISMS)",1822 0329 1420,0,M,W,502,"MULTI-UNIT DWELLING (APARTMENT, DUPLEX, ETC)",,,IC,Invest Cont,740,,,15900    VANOWEN                      ST,34.1939,-118.4793,2020.0,2.0,28.0,4.0,0.0,1.0,0,23,40,Evening
653,201211594,04/26/2020 12:00:00 AM,04/24/2020 12:00:00 AM,1820,12,77th Street,1242,1,510,VEHICLE - STOLEN,,0,Unknown,,101,STREET,,,IC,Invest Cont,510,,,6000    ARLINGTON                    AV,33.9855,-118.3186,2020.0,4.0,24.0,4.0,0.0,2.0,0,18,20,Afternoon
655,200915687,10-08-2020 00:00,09/28/2020 12:00:00 AM,1900,9,Van Nuys,931,1,331,THEFT FROM MOTOR VEHICLE - GRAND ($950.01 AND OVER),0344 0385,34,F,W,101,STREET,,,IC,Invest Cont,331,,,FIRMAMENT                    AV,34.1866,-118.4719,2020.0,9.0,28.0,0.0,0.0,3.0,0,19,0,Evening
657,200111713,05/14/2020 12:00:00 AM,05/13/2020 12:00:00 AM,1400,1,Central,165,1,341,"THEFT-GRAND ($950.01 & OVER)EXCPT,GUNS,FOWL,LIVESTK,PROD",1402 0344 0397 1602 1822,56,M,H,214,"BUS DEPOT/TERMINAL, OTHER THAN MTA",,,IC,Invest Cont,341,998.0,,200 E  6TH                          ST,34.0446,-118.249,2020.0,5.0,13.0,2.0,0.0,2.0,0,14,0,Afternoon
658,201106617,02/28/2020 12:00:00 AM,02/28/2020 12:00:00 AM,1,11,Northeast,1186,1,310,BURGLARY,0344 1402 1419 1407,0,X,X,726,POLICE FACILITY,,,IC,Invest Cont,310,998.0,,1800    ACADEMY                      DR,34.0807,-118.2425,2020.0,2.0,28.0,4.0,0.0,1.0,0,0,1,Night
659,200510041,05/28/2020 12:00:00 AM,05/28/2020 12:00:00 AM,1530,5,Harbor,528,1,510,VEHICLE - STOLEN,,0,Unknown,,108,PARKING LOT,,,IC,Invest Cont,510,,,1200    BLINN                        AV,33.7876,-118.2452,2020.0,5.0,28.0,3.0,0.0,2.0,0,15,30,Afternoon
660,201217288,07/27/2020 12:00:00 AM,07/20/2020 12:00:00 AM,800,12,77th Street,1252,1,330,BURGLARY FROM VEHICLE,1822 0385,0,X,X,501,SINGLE FAMILY DWELLING,,,IC,Invest Cont,330,,,2600 W  74TH                         ST,33.9728,-118.3243,2020.0,7.0,20.0,0.0,0.0,3.0,0,8,0,Morning
661,201207841,02/25/2020 12:00:00 AM,02/25/2020 12:00:00 AM,1200,12,77th Street,1243,1,230,"ASSAULT WITH DEADLY WEAPON, AGGRAVATED ASSAULT",0400 0416 1822,58,F,B,101,STREET,500.0,UNKNOWN WEAPON/OTHER WEAPON,IC,Invest Cont,230,,,6300 S  WESTERN                      AV,33.982,-118.3089,2020.0,2.0,25.0,1.0,0.0,1.0,0,12,0,Morning
667,201112056,07/31/2020 12:00:00 AM,07/31/2020 12:00:00 AM,1250,11,Northeast,1149,1,210,ROBBERY,0344 1309 1313 2033,25,M,H,108,PARKING LOT,304.0,CLUB/BAT,IC,Invest Cont,210,,,5600 N  FIGUEROA                     ST,34.109,-118.194,2020.0,7.0,31.0,4.0,0.0,3.0,0,12,50,Morning
670,200400694,03/26/2020 12:00:00 AM,03/26/2020 12:00:00 AM,1435,4,Hollenbeck,422,1,230,"ASSAULT WITH DEADLY WEAPON, AGGRAVATED ASSAULT",0906 0302 1309 0334 1100 1407 1822,23,M,H,102,SIDEWALK,102.0,HAND GUN,IC,Invest Cont,230,998.0,,2200    THOMAS                       ST,34.0707,-118.2103,2020.0,3.0,26.0,3.0,0.0,1.0,0,14,35,Afternoon
674,201215860,07-01-2020 00:00,06/27/2020 12:00:00 AM,1900,12,77th Street,1215,2,850,INDECENT EXPOSURE,1251 1258 0361 0500 0529,10,F,H,502,"MULTI-UNIT DWELLING (APARTMENT, DUPLEX, ETC)",400.0,"STRONG-ARM (HANDS, FIST, FEET OR BODILY FORCE)",AO,Adult Other,850,,,5700 S  NORMANDIE                    AV,33.9909,-118.3002,2020.0,6.0,27.0,5.0,0.0,2.0,1,19,0,Evening
675,200117954,09/14/2020 12:00:00 AM,09/14/2020 12:00:00 AM,1245,1,Central,163,1,442,SHOPLIFTING - PETTY THEFT ($950 & UNDER),1822 0443 0344,25,M,H,203,OTHER BUSINESS,,,IC,Invest Cont,442,,,700 S  BROADWAY,34.0444,-118.2541,2020.0,9.0,14.0,0.0,0.0,3.0,0,12,45,Morning
677,200306830,02/16/2020 12:00:00 AM,02/16/2020 12:00:00 AM,1800,3,Southwest,396,1,310,BURGLARY,0344 0321 1606,25,M,H,501,SINGLE FAMILY DWELLING,,,IC,Invest Cont,310,,,800 W  41ST                         ST,34.0092,-118.2872,2020.0,2.0,16.0,6.0,0.0,1.0,1,18,0,Afternoon
679,200105709,01/25/2020 12:00:00 AM,01/25/2020 12:00:00 AM,1040,1,Central,181,1,341,"THEFT-GRAND ($950.01 & OVER)EXCPT,GUNS,FOWL,LIVESTK,PROD",0344 1822,29,M,O,713,CONVENTION CENTER,,,IC,Invest Cont,341,,,1200 S  FIGUEROA                     ST,34.0431,-118.2692,2020.0,1.0,25.0,5.0,0.0,1.0,1,10,40,Morning
681,200611886,06/27/2020 12:00:00 AM,06/27/2020 12:00:00 AM,220,6,Hollywood,677,2,626,INTIMATE PARTNER - SIMPLE ASSAULT,2000 1813 1814 0400 0444 0429 0416 0913,22,F,H,502,"MULTI-UNIT DWELLING (APARTMENT, DUPLEX, ETC)",400.0,"STRONG-ARM (HANDS, FIST, FEET OR BODILY FORCE)",AO,Adult Other,626,,,5100 W  MELROSE                      AV,34.0865,-118.3169,2020.0,6.0,27.0,5.0,0.0,2.0,1,2,20,Night
684,200321099,11/30/2020 12:00:00 AM,11/30/2020 12:00:00 AM,805,3,Southwest,393,2,740,"VANDALISM - FELONY ($400 & OVER, ALL CHURCH VANDALISMS)",1822 0329 1300 1309,19,X,X,122,"VEHICLE, PASSENGER/TRUCK",304.0,CLUB/BAT,IC,Invest Cont,740,,,43RD                         PL,34.0041,-118.3325,2020.0,11.0,30.0,0.0,0.0,4.0,0,8,5,Morning
685,200816822,11/24/2020 12:00:00 AM,10/30/2020 12:00:00 AM,921,8,West LA,855,2,668,"EMBEZZLEMENT, GRAND THEFT ($950.01 & OVER)",,0,Unknown,,203,OTHER BUSINESS,,,IC,Invest Cont,668,,,10700    SANTA MONICA                 BL,34.0492,-118.4394,2020.0,10.0,30.0,4.0,0.0,4.0,0,9,21,Morning
686,201216955,07/22/2020 12:00:00 AM,07/20/2020 12:00:00 AM,1700,12,77th Street,1215,1,440,THEFT PLAIN - PETTY ($950 & UNDER),0394 1822 0344,29,M,B,501,SINGLE FAMILY DWELLING,,,IC,Invest Cont,440,,,1300 W  53RD                         ST,33.9941,-118.2985,2020.0,7.0,20.0,0.0,0.0,3.0,0,17,0,Afternoon
687,200609358,04/22/2020 12:00:00 AM,04/22/2020 12:00:00 AM,100,6,Hollywood,649,1,320,"BURGLARY, ATTEMPTED",0344 1607,0,X,X,210,RESTAURANT/FAST FOOD,,,AA,Adult Arrest,320,,,5100    HOLLYWOOD                    BL,34.1018,-118.3009,2020.0,4.0,22.0,2.0,0.0,2.0,0,1,0,Night
688,200804757,01/15/2020 12:00:00 AM,01/15/2020 12:00:00 AM,1030,8,West LA,855,2,740,"VANDALISM - FELONY ($400 & OVER, ALL CHURCH VANDALISMS)",1605 0329 1822 1420,53,F,A,108,PARKING LOT,,,IC,Invest Cont,740,,,11000    SANTA MONICA                 BL,34.0492,-118.4397,2020.0,1.0,15.0,2.0,0.0,1.0,0,10,30,Morning
691,201307162,02/23/2020 12:00:00 AM,02/22/2020 12:00:00 AM,900,13,Newton,1309,1,330,BURGLARY FROM VEHICLE,344,26,F,W,101,STREET,,,IC,Invest Cont,330,,,VIOLET                       ST,34.0326,-118.23,2020.0,2.0,22.0,5.0,0.0,1.0,1,9,0,Morning
697,201006192,02/19/2020 12:00:00 AM,02/19/2020 12:00:00 AM,1309,10,West Valley,1008,1,442,SHOPLIFTING - PETTY THEFT ($950 & UNDER),0325 1822 1420 0345 0202,0,M,W,243,"DIY CENTER (LOWE'S,HOME DEPOT,OSH,CONTRACTORS WAREHOUSE)",,,IC,Invest Cont,442,,,16800    ROSCOE                       BL,34.221,-118.4989,2020.0,2.0,19.0,2.0,0.0,1.0,0,13,9,Afternoon
698,201223646,10/30/2020 12:00:00 AM,10/30/2020 12:00:00 AM,2240,12,77th Street,1268,2,626,INTIMATE PARTNER - SIMPLE ASSAULT,0913 0400 0444 1814 2000,22,F,H,502,"MULTI-UNIT DWELLING (APARTMENT, DUPLEX, ETC)",400.0,"STRONG-ARM (HANDS, FIST, FEET OR BODILY FORCE)",AA,Adult Arrest,626,,,200 W  81ST                         ST,33.9659,-118.2765,2020.0,10.0,30.0,4.0,0.0,4.0,0,22,40,Evening
699,200912679,07/23/2020 12:00:00 AM,02/27/2020 12:00:00 AM,900,9,Van Nuys,942,2,888,TRESPASSING,1501,0,X,X,101,STREET,,,IC,Invest Cont,888,,,TYRONE,34.1802,-118.4443,2020.0,2.0,27.0,3.0,0.0,1.0,0,9,0,Morning
700,201309884,04/25/2020 12:00:00 AM,04/23/2020 12:00:00 AM,2030,13,Newton,1372,1,210,ROBBERY,0416 0344 0429 1822,54,M,H,101,STREET,400.0,"STRONG-ARM (HANDS, FIST, FEET OR BODILY FORCE)",IC,Invest Cont,210,,,55TH                         ST,33.9925,-118.2701,2020.0,4.0,23.0,3.0,0.0,2.0,0,20,30,Evening
701,200704937,01/19/2020 12:00:00 AM,01/19/2020 12:00:00 AM,300,7,Wilshire,705,2,624,BATTERY - SIMPLE ASSAULT,1309 0216 0416 0440 1218,31,M,W,103,ALLEY,400.0,"STRONG-ARM (HANDS, FIST, FEET OR BODILY FORCE)",IC,Invest Cont,624,,,LA BREA,34.0871,-118.3441,2020.0,1.0,19.0,6.0,0.0,1.0,1,3,0,Night
703,200111581,05-11-2020 00:00,04/29/2020 12:00:00 AM,1030,1,Central,138,2,740,"VANDALISM - FELONY ($400 & OVER, ALL CHURCH VANDALISMS)",329,46,F,C,122,"VEHICLE, PASSENGER/TRUCK",,,IC,Invest Cont,740,,,200 E  2ND                          ST,34.0503,-118.2433,2020.0,4.0,29.0,2.0,0.0,2.0,0,10,30,Morning
704,200608099,03/19/2020 12:00:00 AM,03/19/2020 12:00:00 AM,545,6,Hollywood,666,2,740,"VANDALISM - FELONY ($400 & OVER, ALL CHURCH VANDALISMS)",1402,0,X,X,726,POLICE FACILITY,,,IC,Invest Cont,740,998.0,,1300    WILCOX                       AV,34.0944,-118.331,2020.0,3.0,19.0,3.0,0.0,1.0,0,5,45,Night
708,201109222,05-10-2020 00:00,04/17/2020 12:00:00 AM,1200,11,Northeast,1172,1,510,VEHICLE - STOLEN,,0,Unknown,,707,GARAGE/CARPORT,,,IC,Invest Cont,510,,,1500 N  OCCIDENTAL                   BL,34.0865,-118.2694,2020.0,4.0,17.0,4.0,0.0,2.0,0,12,0,Morning
710,200507310,03/17/2020 12:00:00 AM,03/17/2020 12:00:00 AM,1930,5,Harbor,509,2,626,INTIMATE PARTNER - SIMPLE ASSAULT,1814 2000 0913 0444,33,F,O,501,SINGLE FAMILY DWELLING,400.0,"STRONG-ARM (HANDS, FIST, FEET OR BODILY FORCE)",IC,Invest Cont,626,,,25600    BELLE PORTE                  AV,33.7976,-118.3011,2020.0,3.0,17.0,1.0,0.0,1.0,0,19,30,Evening
711,201205748,01/25/2020 12:00:00 AM,01/24/2020 12:00:00 AM,801,12,77th Street,1273,2,930,CRIMINAL THREATS - NO WEAPON DISPLAYED,0443 0319 0913 1816,44,F,B,301,GAS STATION,511.0,VERBAL THREAT,AO,Adult Other,930,,,8600 S  WESTERN                      AV,33.96,-118.309,2020.0,1.0,24.0,4.0,0.0,1.0,0,8,1,Morning
712,201100811,12/20/2020 12:00:00 AM,12/20/2020 12:00:00 AM,1700,11,Northeast,1136,1,520,VEHICLE - ATTEMPT STOLEN,1402 1300,53,M,H,108,PARKING LOT,,,IC,Invest Cont,520,998.0,,4200    EAGLE ROCK                   BL,34.1218,-118.2251,2020.0,12.0,20.0,6.0,0.0,4.0,1,17,0,Afternoon
715,201214881,06/18/2020 12:00:00 AM,06/17/2020 12:00:00 AM,1000,12,77th Street,1248,1,510,VEHICLE - STOLEN,,0,Unknown,,101,STREET,,,IC,Invest Cont,510,,,900 W  66TH                         ST,33.9792,-118.2892,2020.0,6.0,17.0,2.0,0.0,2.0,0,10,0,Morning
718,201012465,08/26/2020 12:00:00 AM,08/25/2020 12:00:00 AM,1800,10,West Valley,1023,2,740,"VANDALISM - FELONY ($400 & OVER, ALL CHURCH VANDALISMS)",0329 1822 2004,55,M,W,122,"VEHICLE, PASSENGER/TRUCK",,,IC,Invest Cont,740,,,6800    SYLVIA                       AV,34.1938,-118.5524,2020.0,8.0,25.0,1.0,0.0,3.0,0,18,0,Afternoon
719,201210854,04/13/2020 12:00:00 AM,04/13/2020 12:00:00 AM,100,12,77th Street,1207,2,624,BATTERY - SIMPLE ASSAULT,0913 0561 0400 0416,42,F,H,102,SIDEWALK,400.0,"STRONG-ARM (HANDS, FIST, FEET OR BODILY FORCE)",AO,Adult Other,624,,,900 W  50TH                         PL,33.997,-118.2886,2020.0,4.0,13.0,0.0,0.0,2.0,0,1,0,Night
720,201305189,01/22/2020 12:00:00 AM,01/21/2020 12:00:00 AM,1800,13,Newton,1385,2,626,INTIMATE PARTNER - SIMPLE ASSAULT,0416 0432 1814 2000,26,F,B,203,OTHER BUSINESS,400.0,"STRONG-ARM (HANDS, FIST, FEET OR BODILY FORCE)",IC,Invest Cont,626,,,6000 S  SAN PEDRO                    ST,33.9852,-118.2696,2020.0,1.0,21.0,1.0,0.0,1.0,0,18,0,Afternoon
721,201207670,02/23/2020 12:00:00 AM,02/23/2020 12:00:00 AM,200,12,77th Street,1266,1,210,ROBBERY,0342 0330 0344 0416 0446 0913 0916 1310 1311 1815,29,M,H,101,STREET,400.0,"STRONG-ARM (HANDS, FIST, FEET OR BODILY FORCE)",IC,Invest Cont,210,,,80TH,33.9667,-118.2871,2020.0,2.0,23.0,6.0,0.0,1.0,1,2,0,Night
723,200709908,05/31/2020 12:00:00 AM,05/31/2020 12:00:00 AM,130,7,Wilshire,702,1,310,BURGLARY,0906 0358,0,F,O,406,OTHER STORE,,,AO,Adult Other,310,,,7300    MELROSE                      AV,34.0836,-118.3487,2020.0,5.0,31.0,6.0,0.0,2.0,1,1,30,Night
725,201008392,04/25/2020 12:00:00 AM,04/25/2020 12:00:00 AM,2000,10,West Valley,1003,2,740,"VANDALISM - FELONY ($400 & OVER, ALL CHURCH VANDALISMS)",0329 0913 1309 0202 2004 1420 0359 1817 0529 0445,30,F,H,502,"MULTI-UNIT DWELLING (APARTMENT, DUPLEX, ETC)",,,IC,Invest Cont,740,,,7800    BAIRD                        AV,34.212,-118.5374,2020.0,4.0,25.0,5.0,0.0,2.0,1,20,0,Evening
732,201221512,09/27/2020 12:00:00 AM,09/25/2020 12:00:00 AM,520,12,77th Street,1248,1,440,THEFT PLAIN - PETTY ($950 & UNDER),1822 0344 0216 0321 0324,0,X,X,210,RESTAURANT/FAST FOOD,,,IC,Invest Cont,440,,,900 W  FLORENCE                     AV,33.9792,-118.2893,2020.0,9.0,25.0,4.0,0.0,3.0,0,5,20,Night
733,200320945,11/26/2020 12:00:00 AM,11/26/2020 12:00:00 AM,1230,3,Southwest,396,2,740,"VANDALISM - FELONY ($400 & OVER, ALL CHURCH VANDALISMS)",0329 0913 1309,42,F,B,122,"VEHICLE, PASSENGER/TRUCK",500.0,UNKNOWN WEAPON/OTHER WEAPON,IC,Invest Cont,740,,,800 W  42ND                         PL,34.0064,-118.2879,2020.0,11.0,26.0,3.0,0.0,4.0,0,12,30,Morning
734,201108544,04/20/2020 12:00:00 AM,04/18/2020 12:00:00 AM,1700,11,Northeast,1126,1,420,THEFT FROM MOTOR VEHICLE - PETTY ($950 & UNDER),,0,Unknown,,101,STREET,,,IC,Invest Cont,420,,,5200    BUCHANAN                     ST,34.1189,-118.2031,2020.0,4.0,18.0,5.0,0.0,2.0,1,17,0,Afternoon
736,200300896,11/23/2020 12:00:00 AM,11/23/2020 12:00:00 AM,915,3,Southwest,356,1,331,THEFT FROM MOTOR VEHICLE - GRAND ($950.01 AND OVER),1606 1822 0342 0344 0385 1300 1309,47,M,H,101,STREET,,,AA,Adult Arrest,331,,,HALLDALE                     AV,34.02,-118.3029,2020.0,11.0,23.0,0.0,0.0,4.0,0,9,15,Morning
737,201210465,03/26/2020 12:00:00 AM,03/26/2020 12:00:00 AM,2020,12,77th Street,1269,1,341,"THEFT-GRAND ($950.01 & OVER)EXCPT,GUNS,FOWL,LIVESTK,PROD",344,32,M,B,514,GROUP HOME,,,IC,Invest Cont,341,,,400 E  81ST                         ST,33.9656,-118.2673,2020.0,3.0,26.0,3.0,0.0,1.0,0,20,20,Evening
739,200411785,08/16/2020 12:00:00 AM,08/16/2020 12:00:00 AM,455,4,Hollenbeck,423,1,230,"ASSAULT WITH DEADLY WEAPON, AGGRAVATED ASSAULT",0334 0302 0913 0906,35,F,H,101,STREET,102.0,HAND GUN,IC,Invest Cont,230,,,MISSION                      RD,34.0606,-118.2144,2020.0,8.0,16.0,6.0,0.0,3.0,1,4,55,Night
741,200611456,06/16/2020 12:00:00 AM,06/15/2020 12:00:00 AM,1430,6,Hollywood,645,2,626,INTIMATE PARTNER - SIMPLE ASSAULT,0400 0416 0448 0429 0344 1814 2000 0913,22,F,H,503,HOTEL,400.0,"STRONG-ARM (HANDS, FIST, FEET OR BODILY FORCE)",IC,Invest Cont,626,,,6800 W  SUNSET                       BL,34.098,-118.3393,2020.0,6.0,15.0,0.0,0.0,2.0,0,14,30,Afternoon
742,200817047,12-01-2020 00:00,11/20/2020 12:00:00 AM,1145,8,West LA,858,2,624,BATTERY - SIMPLE ASSAULT,0400 0448 0913,62,M,W,502,"MULTI-UNIT DWELLING (APARTMENT, DUPLEX, ETC)",400.0,"STRONG-ARM (HANDS, FIST, FEET OR BODILY FORCE)",AO,Adult Other,624,,,1600 S  CREST                        DR,34.0496,-118.3875,2020.0,11.0,20.0,4.0,0.0,4.0,0,11,45,Morning
744,201223136,10/22/2020 12:00:00 AM,10/22/2020 12:00:00 AM,1915,12,77th Street,1283,1,230,"ASSAULT WITH DEADLY WEAPON, AGGRAVATED ASSAULT",1100 0430 0906,20,F,B,102,SIDEWALK,106.0,UNKNOWN FIREARM,IC,Invest Cont,230,,,WESTERN                      AV,33.9455,-118.309,2020.0,10.0,22.0,3.0,0.0,4.0,0,19,15,Evening
746,200608304,03/24/2020 12:00:00 AM,03/24/2020 12:00:00 AM,1550,6,Hollywood,666,2,624,BATTERY - SIMPLE ASSAULT,0416 0400 1822,20,F,B,101,STREET,400.0,"STRONG-ARM (HANDS, FIST, FEET OR BODILY FORCE)",IC,Invest Cont,624,,,HOLLYWOOD,34.0944,-118.3277,2020.0,3.0,24.0,1.0,0.0,1.0,0,15,50,Afternoon
747,201205074,01/16/2020 12:00:00 AM,01/16/2020 12:00:00 AM,1625,12,77th Street,1213,1,761,BRANDISH WEAPON,0334 1402 1822 2004 1218 0421 0445,69,M,B,251,RECYCLING CENTER,201.0,KNIFE WITH BLADE OVER 6 INCHES IN LENGTH,AA,Adult Arrest,761,930.0,,GRAMERCY,33.9891,-118.3139,2020.0,1.0,16.0,3.0,0.0,1.0,0,16,25,Afternoon
750,200305889,02-01-2020 00:00,01/31/2020 12:00:00 AM,2000,3,Southwest,393,1,420,THEFT FROM MOTOR VEHICLE - PETTY ($950 & UNDER),0344 0385 1606 1300,29,F,H,101,STREET,,,IC,Invest Cont,420,,,2800 W  VERNON                       AV,34.0074,-118.329,2020.0,1.0,31.0,4.0,0.0,1.0,0,20,0,Evening
751,200114073,06/29/2020 12:00:00 AM,06/28/2020 12:00:00 AM,2346,1,Central,152,1,230,"ASSAULT WITH DEADLY WEAPON, AGGRAVATED ASSAULT",0416 0305 1822 1218 1202 1414 1420 0910 2004 2034,61,F,B,835,7TH AND METRO CENTER (NOT LINE SPECIFIC),400.0,"STRONG-ARM (HANDS, FIST, FEET OR BODILY FORCE)",IC,Invest Cont,230,,,600 S  FIGUEROA                     ST,34.0505,-118.2588,2020.0,6.0,28.0,6.0,0.0,2.0,1,23,46,Evening
753,201211063,04/17/2020 12:00:00 AM,04/17/2020 12:00:00 AM,5,12,77th Street,1258,1,230,"ASSAULT WITH DEADLY WEAPON, AGGRAVATED ASSAULT",0906 1402 1407 1100 0450 1822 1309,20,F,H,101,STREET,102.0,HAND GUN,IC,Invest Cont,230,998.0,,79TH                         ST,33.9679,-118.2695,2020.0,4.0,17.0,4.0,0.0,2.0,0,0,5,Night
754,200112245,05/28/2020 12:00:00 AM,05/27/2020 12:00:00 AM,100,1,Central,141,1,440,THEFT PLAIN - PETTY ($950 & UNDER),1822 0352 1218 0344,59,M,B,508,FRAT HOUSE/SORORITY/DORMITORY,,,IC,Invest Cont,440,,,300 S  FIGUEROA                     ST,34.0542,-118.2566,2020.0,5.0,27.0,2.0,0.0,2.0,0,1,0,Night
755,200117177,08/31/2020 12:00:00 AM,08/29/2020 12:00:00 AM,220,1,Central,162,1,230,"ASSAULT WITH DEADLY WEAPON, AGGRAVATED ASSAULT",0416 0450 1822 1407 1402 1309,0,M,B,101,STREET,102.0,HAND GUN,IC,Invest Cont,230,,,800 S  OLIVE                        ST,34.0437,-118.2582,2020.0,8.0,29.0,5.0,0.0,3.0,1,2,20,Night
757,200209078,04/17/2020 12:00:00 AM,04/16/2020 12:00:00 AM,1430,2,Rampart,256,2,740,"VANDALISM - FELONY ($400 & OVER, ALL CHURCH VANDALISMS)",0329 0311,19,X,X,704,ELEMENTARY SCHOOL,,,IC,Invest Cont,740,,,600    LITTLE                       ST,34.0555,-118.2725,2020.0,4.0,16.0,3.0,0.0,2.0,0,14,30,Afternoon
758,201015278,11/21/2020 12:00:00 AM,11/21/2020 12:00:00 AM,335,10,West Valley,1088,1,420,THEFT FROM MOTOR VEHICLE - PETTY ($950 & UNDER),1822 1300 0344 1309 0386 1606 1420,49,M,W,101,STREET,,,IC,Invest Cont,420,,,17000    OAK VIEW                     DR,34.1515,-118.5036,2020.0,11.0,21.0,5.0,0.0,4.0,1,3,35,Night
760,200614702,08/30/2020 12:00:00 AM,08/27/2020 12:00:00 AM,1400,6,Hollywood,667,2,740,"VANDALISM - FELONY ($400 & OVER, ALL CHURCH VANDALISMS)",0329 1300 1822,72,M,B,122,"VEHICLE, PASSENGER/TRUCK",,,IC,Invest Cont,740,,,GORDON                       ST,34.098,-118.3201,2020.0,8.0,27.0,3.0,0.0,3.0,0,14,0,Afternoon
762,200218813,12/20/2020 12:00:00 AM,12/19/2020 12:00:00 AM,1900,2,Rampart,235,1,420,THEFT FROM MOTOR VEHICLE - PETTY ($950 & UNDER),,0,Unknown,,101,STREET,,,IC,Invest Cont,420,,,LAKE                         ST,34.0653,-118.2725,2020.0,12.0,19.0,5.0,0.0,4.0,1,19,0,Evening
763,200206644,02/22/2020 12:00:00 AM,02/21/2020 12:00:00 AM,1900,2,Rampart,237,1,510,VEHICLE - STOLEN,,0,Unknown,,101,STREET,,,IC,Invest Cont,510,,,UNION                        PL,34.0606,-118.2672,2020.0,2.0,21.0,4.0,0.0,1.0,0,19,0,Evening
764,200321043,11/28/2020 12:00:00 AM,11/27/2020 12:00:00 AM,1900,3,Southwest,361,2,930,CRIMINAL THREATS - NO WEAPON DISPLAYED,0913 2000 1814 0443,33,F,B,502,"MULTI-UNIT DWELLING (APARTMENT, DUPLEX, ETC)",511.0,VERBAL THREAT,AO,Adult Other,930,,,4700    TACANA                       ST,34.0163,-118.3523,2020.0,11.0,27.0,4.0,0.0,4.0,0,19,0,Evening
765,200214459,09-01-2020 00:00,08/31/2020 12:00:00 AM,1900,2,Rampart,235,1,510,VEHICLE - STOLEN,,0,Unknown,,101,STREET,,,IC,Invest Cont,510,,,200 N  ALVARADO                     ST,34.0677,-118.2731,2020.0,8.0,31.0,0.0,0.0,3.0,0,19,0,Evening
766,200908604,04/18/2020 12:00:00 AM,04/15/2020 12:00:00 AM,1800,9,Van Nuys,906,2,740,"VANDALISM - FELONY ($400 & OVER, ALL CHURCH VANDALISMS)",0329 1300,34,M,H,101,STREET,,,IC,Invest Cont,740,,,7400    TYRONE                       AV,34.2048,-118.4443,2020.0,4.0,15.0,2.0,0.0,2.0,0,18,0,Afternoon
767,200300900,11/25/2020 12:00:00 AM,11/25/2020 12:00:00 AM,615,3,Southwest,399,1,250,"SHOTS FIRED AT MOVING VEHICLE, TRAIN OR AIRCRAFT",1822 1100 0329 1310 1309 0334 0302 0430 1407 0202,32,F,H,101,STREET,109.0,SEMI-AUTOMATIC PISTOL,IC,Invest Cont,250,,,VERNON                       AV,34.0038,-118.2827,2020.0,11.0,25.0,2.0,0.0,4.0,0,6,15,Night
768,201116834,12/21/2020 12:00:00 AM,12/18/2020 12:00:00 AM,1800,11,Northeast,1117,1,331,THEFT FROM MOTOR VEHICLE - GRAND ($950.01 AND OVER),0385 1822 1300,56,M,H,101,STREET,,,IC,Invest Cont,331,,,LANGDALE                     AV,34.1302,-118.2174,2020.0,12.0,18.0,4.0,0.0,4.0,0,18,0,Afternoon
769,200709995,06-04-2020 00:00,05/30/2020 12:00:00 AM,1830,7,Wilshire,722,1,310,BURGLARY,0358 0344,46,M,H,403,DRUG STORE,,,IC,Invest Cont,310,,,400 S  SAN VICENTE                  BL,34.0715,-118.3764,2020.0,5.0,30.0,5.0,0.0,2.0,1,18,30,Afternoon
770,201105237,01/29/2020 12:00:00 AM,01/28/2020 12:00:00 AM,2300,11,Northeast,1181,1,331,THEFT FROM MOTOR VEHICLE - GRAND ($950.01 AND OVER),0344 0385,28,F,K,101,STREET,,,IC,Invest Cont,331,,,MONTANA                      ST,34.0819,-118.2649,2020.0,1.0,28.0,1.0,0.0,1.0,0,23,0,Evening
771,200608036,03/17/2020 12:00:00 AM,03/17/2020 12:00:00 AM,430,6,Hollywood,666,1,220,ATTEMPTED ROBBERY,334,34,M,O,114,TAXI,107.0,OTHER FIREARM,IC,Invest Cont,220,,,LA MIRADA,34.0935,-118.3266,2020.0,3.0,17.0,1.0,0.0,1.0,0,4,30,Night
773,200321894,12/17/2020 12:00:00 AM,12/17/2020 12:00:00 AM,1510,3,Southwest,356,2,626,INTIMATE PARTNER - SIMPLE ASSAULT,2000 1814 0913 1309 0416 0446,42,F,B,501,SINGLE FAMILY DWELLING,400.0,"STRONG-ARM (HANDS, FIST, FEET OR BODILY FORCE)",IC,Invest Cont,626,,,1500 W  35TH                         ST,34.0246,-118.3032,2020.0,12.0,17.0,3.0,0.0,4.0,0,15,10,Afternoon
774,200906541,02/26/2020 12:00:00 AM,02/26/2020 12:00:00 AM,625,9,Van Nuys,952,2,624,BATTERY - SIMPLE ASSAULT,0910 1612 0416,45,F,W,801,MTA BUS,515.0,PHYSICAL PRESENCE,IC,Invest Cont,624,,,CLARK,34.1685,-118.4659,2020.0,2.0,26.0,2.0,0.0,1.0,0,6,25,Night
776,200113642,06/19/2020 12:00:00 AM,06/18/2020 12:00:00 AM,1500,1,Central,152,2,624,BATTERY - SIMPLE ASSAULT,1822 0416,24,F,H,403,DRUG STORE,400.0,"STRONG-ARM (HANDS, FIST, FEET OR BODILY FORCE)",IC,Invest Cont,624,,,600 W  7TH                          ST,34.0491,-118.2558,2020.0,6.0,18.0,3.0,0.0,2.0,0,15,0,Afternoon
777,200311722,05/21/2020 12:00:00 AM,05/20/2020 12:00:00 AM,2230,3,Southwest,396,2,627,CHILD ABUSE (PHYSICAL) - SIMPLE ASSAULT,0552 0448 0444 1251 1258,13,F,H,502,"MULTI-UNIT DWELLING (APARTMENT, DUPLEX, ETC)",400.0,"STRONG-ARM (HANDS, FIST, FEET OR BODILY FORCE)",IC,Invest Cont,627,,,800 W  43RD                         ST,34.0055,-118.2872,2020.0,5.0,20.0,2.0,0.0,2.0,0,22,30,Evening
778,200619000,12-08-2020 00:00,11/28/2020 12:00:00 AM,1550,6,Hollywood,622,1,341,"THEFT-GRAND ($950.01 & OVER)EXCPT,GUNS,FOWL,LIVESTK,PROD",1822 0344 0394,31,M,W,502,"MULTI-UNIT DWELLING (APARTMENT, DUPLEX, ETC)",,,IC,Invest Cont,341,,,1700 N  STANLEY                      AV,34.1017,-118.3562,2020.0,11.0,28.0,5.0,0.0,4.0,1,15,50,Afternoon
779,200917659,11/24/2020 12:00:00 AM,11/24/2020 12:00:00 AM,1230,9,Van Nuys,905,2,627,CHILD ABUSE (PHYSICAL) - SIMPLE ASSAULT,0416 1309 1259,15,F,H,502,"MULTI-UNIT DWELLING (APARTMENT, DUPLEX, ETC)",400.0,"STRONG-ARM (HANDS, FIST, FEET OR BODILY FORCE)",AO,Adult Other,627,,,14600    WYANDOTTE                    ST,34.203,-118.4514,2020.0,11.0,24.0,1.0,0.0,4.0,0,12,30,Morning
780,201224609,11/15/2020 12:00:00 AM,11/15/2020 12:00:00 AM,1730,12,77th Street,1208,2,903,CONTEMPT OF COURT,0913 0361 2038,14,F,H,501,SINGLE FAMILY DWELLING,,,IC,Invest Cont,903,,,5000 S  FIGUEROA                     ST,33.9997,-118.2849,2020.0,11.0,15.0,6.0,0.0,4.0,1,17,30,Afternoon
782,200508338,04/16/2020 12:00:00 AM,04/16/2020 12:00:00 AM,515,5,Harbor,555,1,420,THEFT FROM MOTOR VEHICLE - PETTY ($950 & UNDER),0385 1300,51,M,H,101,STREET,,,IC,Invest Cont,420,,,600 W  SANTA CRUZ                   ST,33.7442,-118.2901,2020.0,4.0,16.0,3.0,0.0,2.0,0,5,15,Night
784,201116110,11/27/2020 12:00:00 AM,11/26/2020 12:00:00 AM,1330,11,Northeast,1161,1,480,BIKE - STOLEN,344,46,M,O,121,YARD (RESIDENTIAL/BUSINESS),,,IC,Invest Cont,480,,,1100 N  ALEXANDRIA                   AV,34.0908,-118.2984,2020.0,11.0,26.0,3.0,0.0,4.0,0,13,30,Afternoon
785,200607338,03-04-2020 00:00,01/20/2020 12:00:00 AM,1700,6,Hollywood,646,2,661,UNAUTHORIZED COMPUTER ACCESS,1822 0917 1914,50,F,W,203,OTHER BUSINESS,,,IC,Invest Cont,661,,,6600 W  SUNSET                       BL,34.098,-118.3332,2020.0,1.0,20.0,0.0,0.0,1.0,0,17,0,Afternoon
786,200918506,12/16/2020 12:00:00 AM,12/14/2020 12:00:00 AM,1200,9,Van Nuys,932,2,354,THEFT OF IDENTITY,0922 1822,45,M,H,502,"MULTI-UNIT DWELLING (APARTMENT, DUPLEX, ETC)",,,IC,Invest Cont,354,,,14800    VICTORY                      BL,34.1867,-118.4567,2020.0,12.0,14.0,0.0,0.0,4.0,0,12,0,Morning
787,200109159,03/14/2020 12:00:00 AM,03/14/2020 12:00:00 AM,1330,1,Central,134,2,624,BATTERY - SIMPLE ASSAULT,2004 1822 0447 0356 1266,47,M,H,402,MARKET,500.0,UNKNOWN WEAPON/OTHER WEAPON,IC,Invest Cont,624,,,300 S  BROADWAY,34.051,-118.248,2020.0,3.0,14.0,5.0,0.0,1.0,1,13,30,Afternoon
788,200212860,07/21/2020 12:00:00 AM,07/21/2020 12:00:00 AM,2250,2,Rampart,233,1,440,THEFT PLAIN - PETTY ($950 & UNDER),2000 1814 0913 0444 0400 0344,38,F,H,502,"MULTI-UNIT DWELLING (APARTMENT, DUPLEX, ETC)",400.0,"STRONG-ARM (HANDS, FIST, FEET OR BODILY FORCE)",AO,Adult Other,440,626.0,,2700 W  TEMPLE                       ST,34.0729,-118.2757,2020.0,7.0,21.0,1.0,0.0,3.0,0,22,50,Evening
791,200114101,06/29/2020 12:00:00 AM,06/29/2020 12:00:00 AM,700,1,Central,156,2,626,INTIMATE PARTNER - SIMPLE ASSAULT,2000 0416 1814,31,M,H,502,"MULTI-UNIT DWELLING (APARTMENT, DUPLEX, ETC)",400.0,"STRONG-ARM (HANDS, FIST, FEET OR BODILY FORCE)",AO,Adult Other,626,,,500    SAN JULIAN                   ST,34.0429,-118.2462,2020.0,6.0,29.0,0.0,0.0,2.0,0,7,0,Morning
792,200619576,12/22/2020 12:00:00 AM,12/22/2020 12:00:00 AM,1810,6,Hollywood,638,1,210,ROBBERY,0945 1822 0325 0601 0400 0334 0432 0209,0,X,X,403,DRUG STORE,200.0,KNIFE WITH BLADE 6INCHES OR LESS,IC,Invest Cont,210,,,1800 N  WESTERN                      AV,34.1038,-118.3151,2020.0,12.0,22.0,1.0,0.0,4.0,0,18,10,Afternoon
793,200617466,11-01-2020 00:00,10/31/2020 12:00:00 AM,1700,6,Hollywood,645,1,330,BURGLARY FROM VEHICLE,0344 1300 1501 1822,63,M,W,101,STREET,,,IC,Invest Cont,330,,,1700 N  ORANGE                       DR,34.1015,-118.3417,2020.0,10.0,31.0,5.0,0.0,4.0,1,17,0,Afternoon
796,200615861,09/25/2020 12:00:00 AM,09/24/2020 12:00:00 AM,2050,6,Hollywood,643,2,740,"VANDALISM - FELONY ($400 & OVER, ALL CHURCH VANDALISMS)",0329 1822,37,M,B,116,OTHER/OUTSIDE,500.0,UNKNOWN WEAPON/OTHER WEAPON,IC,Invest Cont,740,,,HAWTHORN,34.0998,-118.349,2020.0,9.0,24.0,3.0,0.0,3.0,0,20,50,Evening
800,201109104,05-07-2020 00:00,04/28/2020 12:00:00 AM,30,11,Northeast,1143,1,330,BURGLARY FROM VEHICLE,0344 1307,34,F,W,101,STREET,,,IC,Invest Cont,330,,,1900    TALMADGE                     ST,34.1054,-118.283,2020.0,4.0,28.0,1.0,0.0,2.0,0,0,30,Night
801,200716544,11/30/2020 12:00:00 AM,11/30/2020 12:00:00 AM,1718,7,Wilshire,722,1,420,THEFT FROM MOTOR VEHICLE - PETTY ($950 & UNDER),,0,Unknown,,101,STREET,,,IC,Invest Cont,420,,,BEVERLY                      BL,34.0761,-118.3742,2020.0,11.0,30.0,0.0,0.0,4.0,0,17,18,Afternoon
806,200105425,01/22/2020 12:00:00 AM,01/22/2020 12:00:00 AM,5,1,Central,119,1,440,THEFT PLAIN - PETTY ($950 & UNDER),1202 0377 2034 0344,61,M,H,210,RESTAURANT/FAST FOOD,,,IC,Invest Cont,440,,,500    RAMIREZ                      ST,34.0552,-118.2322,2020.0,1.0,22.0,2.0,0.0,1.0,0,0,5,Night
809,200118445,09/24/2020 12:00:00 AM,09/22/2020 12:00:00 AM,1148,1,Central,124,2,740,"VANDALISM - FELONY ($400 & OVER, ALL CHURCH VANDALISMS)",329,0,M,W,101,STREET,,,IC,Invest Cont,740,,,2ND                          ST,34.051,-118.2445,2020.0,9.0,22.0,1.0,0.0,3.0,0,11,48,Morning
810,200211796,06/25/2020 12:00:00 AM,06/17/2020 12:00:00 AM,900,2,Rampart,247,2,662,"BUNCO, GRAND THEFT",0701 0344 0800 1000 0100 1822,19,F,H,502,"MULTI-UNIT DWELLING (APARTMENT, DUPLEX, ETC)",,,IC,Invest Cont,662,,,500 S  UNION                        AV,34.0596,-118.2701,2020.0,6.0,17.0,2.0,0.0,2.0,0,9,0,Morning
812,201016369,12/25/2020 12:00:00 AM,12/24/2020 12:00:00 AM,2200,10,West Valley,1001,1,235,CHILD ABUSE (PHYSICAL) - AGGRAVATED ASSAULT,,0,X,X,501,SINGLE FAMILY DWELLING,500.0,UNKNOWN WEAPON/OTHER WEAPON,AA,Adult Arrest,235,,,19000    INGOMAR                      ST,34.212,-118.5475,2020.0,12.0,24.0,3.0,0.0,4.0,0,22,0,Evening
813,200107715,02/23/2020 12:00:00 AM,02/23/2020 12:00:00 AM,130,1,Central,185,1,230,"ASSAULT WITH DEADLY WEAPON, AGGRAVATED ASSAULT",1822 0416,32,M,B,203,OTHER BUSINESS,400.0,"STRONG-ARM (HANDS, FIST, FEET OR BODILY FORCE)",AA,Adult Arrest,230,,,1000 S  HILL                         ST,34.0402,-118.2598,2020.0,2.0,23.0,6.0,0.0,1.0,1,1,30,Night
814,200412273,08/29/2020 12:00:00 AM,08/29/2020 12:00:00 AM,540,4,Hollenbeck,413,1,510,VEHICLE - STOLEN,,0,Unknown,,101,STREET,,,IC,Invest Cont,510,,,100 E  AVENUE 33,34.083,-118.2137,2020.0,8.0,29.0,5.0,0.0,3.0,1,5,40,Night
815,200308845,03/20/2020 12:00:00 AM,03/20/2020 12:00:00 AM,1030,3,Southwest,321,1,341,"THEFT-GRAND ($950.01 & OVER)EXCPT,GUNS,FOWL,LIVESTK,PROD",0202 0344 1210 1309 1822 2032,43,F,B,402,MARKET,,,IC,Invest Cont,341,,,3500 S  LA CIENEGA                   BL,34.0242,-118.3722,2020.0,3.0,20.0,4.0,0.0,1.0,0,10,30,Morning
817,200122487,12/17/2020 12:00:00 AM,12/17/2020 12:00:00 AM,1625,1,Central,153,2,624,BATTERY - SIMPLE ASSAULT,0416 1266 1420 1822,32,M,B,405,CLOTHING STORE,400.0,"STRONG-ARM (HANDS, FIST, FEET OR BODILY FORCE)",IC,Invest Cont,624,,,600 S  BROADWAY,34.0459,-118.2526,2020.0,12.0,17.0,3.0,0.0,4.0,0,16,25,Afternoon
818,201224065,11-06-2020 00:00,10/26/2020 12:00:00 AM,800,12,77th Street,1203,1,440,THEFT PLAIN - PETTY ($950 & UNDER),0344 0394 1822,25,F,H,501,SINGLE FAMILY DWELLING,,,IC,Invest Cont,440,,,4600 S  GRAMERCY                     PL,34.001,-118.3138,2020.0,10.0,26.0,0.0,0.0,4.0,0,8,0,Morning
819,200608336,03/25/2020 12:00:00 AM,03/25/2020 12:00:00 AM,1120,6,Hollywood,647,2,624,BATTERY - SIMPLE ASSAULT,0400 0444 0913,40,M,O,502,"MULTI-UNIT DWELLING (APARTMENT, DUPLEX, ETC)",400.0,"STRONG-ARM (HANDS, FIST, FEET OR BODILY FORCE)",IC,Invest Cont,624,,,5800 W  SUNSET                       BL,34.0998,-118.3211,2020.0,3.0,25.0,2.0,0.0,1.0,0,11,20,Morning
820,200413246,09/28/2020 12:00:00 AM,09/28/2020 12:00:00 AM,30,4,Hollenbeck,409,1,331,THEFT FROM MOTOR VEHICLE - GRAND ($950.01 AND OVER),344,31,M,F,101,STREET,,,IC,Invest Cont,331,,,4300    ALPHA                        ST,34.0945,-118.1593,2020.0,9.0,28.0,0.0,0.0,3.0,0,0,30,Night
821,200911713,06/29/2020 12:00:00 AM,06/27/2020 12:00:00 AM,1700,9,Van Nuys,933,2,745,VANDALISM - MISDEAMEANOR ($399 OR UNDER),329,0,X,X,108,PARKING LOT,,,IC,Invest Cont,745,,,14700    ERWIN                        ST,34.1836,-118.4575,2020.0,6.0,27.0,5.0,0.0,2.0,1,17,0,Afternoon
822,200909909,05/19/2020 12:00:00 AM,05/19/2020 12:00:00 AM,2030,9,Van Nuys,964,2,956,"LETTERS, LEWD  -  TELEPHONE CALLS, LEWD",1822 1906,34,F,W,502,"MULTI-UNIT DWELLING (APARTMENT, DUPLEX, ETC)",,,IC,Invest Cont,956,,,5100    WOODMAN                      AV,34.1603,-118.4399,2020.0,5.0,19.0,1.0,0.0,2.0,0,20,30,Evening
823,201116142,11/28/2020 12:00:00 AM,11/25/2020 12:00:00 AM,1000,11,Northeast,1113,1,341,"THEFT-GRAND ($950.01 & OVER)EXCPT,GUNS,FOWL,LIVESTK,PROD",0325 0344,0,X,X,404,DEPARTMENT STORE,,,IC,Invest Cont,341,,,2700    COLORADO                     BL,34.1425,-118.2239,2020.0,11.0,25.0,2.0,0.0,4.0,0,10,0,Morning
824,200904592,01/14/2020 12:00:00 AM,01/14/2020 12:00:00 AM,1100,9,Van Nuys,904,1,510,VEHICLE - STOLEN,,0,Unknown,,101,STREET,,,IC,Invest Cont,510,,,15200    LEADWELL                     ST,34.2039,-118.464,2020.0,1.0,14.0,1.0,0.0,1.0,0,11,0,Morning
827,201213516,05/24/2020 12:00:00 AM,05/24/2020 12:00:00 AM,300,12,77th Street,1251,2,624,BATTERY - SIMPLE ASSAULT,1822 0416,44,F,B,401,MINI-MART,400.0,"STRONG-ARM (HANDS, FIST, FEET OR BODILY FORCE)",IC,Invest Cont,624,,,3300 W  FLORENCE                     AV,33.9746,-118.3294,2020.0,5.0,24.0,6.0,0.0,2.0,1,3,0,Night
828,200500685,06/14/2020 12:00:00 AM,06/14/2020 12:00:00 AM,1851,5,Harbor,504,1,442,SHOPLIFTING - PETTY THEFT ($950 & UNDER),0325 1236 1402,0,X,X,404,DEPARTMENT STORE,,,AA,Adult Arrest,442,998.0,,NORMANDIE,33.8583,-118.2992,2020.0,6.0,14.0,6.0,0.0,2.0,1,18,51,Afternoon
829,201106632,02/28/2020 12:00:00 AM,02/28/2020 12:00:00 AM,1320,11,Northeast,1144,1,330,BURGLARY FROM VEHICLE,0344 0358 1307,32,M,W,101,STREET,500.0,UNKNOWN WEAPON/OTHER WEAPON,IC,Invest Cont,330,,,2600    ARMSTRONG                    AV,34.1042,-118.2639,2020.0,2.0,28.0,4.0,0.0,1.0,0,13,20,Afternoon
832,201207883,02/26/2020 12:00:00 AM,02/26/2020 12:00:00 AM,1425,12,77th Street,1233,1,230,"ASSAULT WITH DEADLY WEAPON, AGGRAVATED ASSAULT",0342 1402 0416 0445 1822,53,M,B,108,PARKING LOT,311.0,HAMMER,IC,Invest Cont,230,998.0,,1800 W  SLAUSON                      AV,33.9892,-118.3089,2020.0,2.0,26.0,2.0,0.0,1.0,0,14,25,Afternoon
833,200918905,12/28/2020 12:00:00 AM,12/26/2020 12:00:00 AM,2040,9,Van Nuys,935,2,626,INTIMATE PARTNER - SIMPLE ASSAULT,0429 1218 2000,25,F,H,502,"MULTI-UNIT DWELLING (APARTMENT, DUPLEX, ETC)",400.0,"STRONG-ARM (HANDS, FIST, FEET OR BODILY FORCE)",AO,Adult Other,626,,,14100    SYLVAN                       ST,34.1847,-118.44,2020.0,12.0,26.0,5.0,0.0,4.0,1,20,40,Evening
834,200915292,09/28/2020 12:00:00 AM,09/28/2020 12:00:00 AM,1730,9,Van Nuys,935,2,624,BATTERY - SIMPLE ASSAULT,1414 0342 0416,57,F,H,502,"MULTI-UNIT DWELLING (APARTMENT, DUPLEX, ETC)",308.0,STICK,AO,Adult Other,624,,,14100    DELANO                       ST,34.1826,-118.4444,2020.0,9.0,28.0,0.0,0.0,3.0,0,17,30,Afternoon
835,200911790,06/30/2020 12:00:00 AM,06/30/2020 12:00:00 AM,2020,9,Van Nuys,909,2,740,"VANDALISM - FELONY ($400 & OVER, ALL CHURCH VANDALISMS)",0906 0329 0342 1309 0311,54,M,W,406,OTHER STORE,,,IC,Invest Cont,740,,,7200    WOODMAN                      AV,34.2012,-118.4312,2020.0,6.0,30.0,1.0,0.0,2.0,0,20,20,Evening
838,200615818,09/24/2020 12:00:00 AM,09/24/2020 12:00:00 AM,700,6,Hollywood,646,1,510,VEHICLE - STOLEN,,0,Unknown,,108,PARKING LOT,,,IC,Invest Cont,510,,,6700 W  SUNSET                       BL,34.098,-118.3365,2020.0,9.0,24.0,3.0,0.0,3.0,0,7,0,Morning
839,200610004,04/26/2020 12:00:00 AM,04/25/2020 12:00:00 AM,1945,6,Hollywood,615,1,330,BURGLARY FROM VEHICLE,1300 1307 1601 1609 0344 0352,48,M,A,101,STREET,,,IC,Invest Cont,330,,,CANYON LAKE                  DR,34.1276,-118.3269,2020.0,4.0,25.0,5.0,0.0,2.0,1,19,45,Evening
841,200312848,06/18/2020 12:00:00 AM,06/17/2020 12:00:00 AM,700,3,Southwest,397,1,510,VEHICLE - STOLEN,,0,Unknown,,101,STREET,,,IC,Invest Cont,510,,,43RD,34.0055,-118.2915,2020.0,6.0,17.0,2.0,0.0,2.0,0,7,0,Morning
842,201210401,03/31/2020 12:00:00 AM,03/31/2020 12:00:00 AM,2123,12,77th Street,1268,1,648,ARSON,1501 0323,56,F,X,501,SINGLE FAMILY DWELLING,,,IC,Invest Cont,648,,,100 W  79TH                         ST,33.9679,-118.2739,2020.0,3.0,31.0,1.0,0.0,1.0,0,21,23,Evening
843,200411060,07/22/2020 12:00:00 AM,07/22/2020 12:00:00 AM,2210,4,Hollenbeck,497,2,740,"VANDALISM - FELONY ($400 & OVER, ALL CHURCH VANDALISMS)",0329 1300,0,X,X,511,PROJECT/TENEMENT/PUBLIC HOUSING,,,IC,Invest Cont,740,,,OLYMPIC,34.0188,-118.2066,2020.0,7.0,22.0,2.0,0.0,3.0,0,22,10,Evening
844,200816451,11/14/2020 12:00:00 AM,11/13/2020 12:00:00 AM,200,8,West LA,833,1,440,THEFT PLAIN - PETTY ($950 & UNDER),0344 1609 0216 1822 1309 1420,0,X,X,507,CONDOMINIUM/TOWNHOUSE,,,IC,Invest Cont,440,,,1300    KELTON                       AV,34.0543,-118.4435,2020.0,11.0,13.0,4.0,0.0,4.0,0,2,0,Night
845,200506572,03-01-2020 00:00,02/29/2020 12:00:00 AM,2100,5,Harbor,509,1,330,BURGLARY FROM VEHICLE,1300 1609 1307 0344 1206 0358 1302,55,F,W,108,PARKING LOT,,,IC,Invest Cont,330,,,WESTERN,33.7978,-118.3076,2020.0,2.0,29.0,5.0,0.0,1.0,1,21,0,Evening
848,200709746,05/28/2020 12:00:00 AM,05/28/2020 12:00:00 AM,1115,7,Wilshire,784,2,624,BATTERY - SIMPLE ASSAULT,1202 1701 0444 0360,67,F,B,501,SINGLE FAMILY DWELLING,400.0,"STRONG-ARM (HANDS, FIST, FEET OR BODILY FORCE)",IC,Invest Cont,624,,,2400 S  ORANGE                       DR,34.0358,-118.3517,2020.0,5.0,28.0,3.0,0.0,2.0,0,11,15,Morning
849,200806342,02/22/2020 12:00:00 AM,02/20/2020 12:00:00 AM,2100,8,West LA,898,1,510,VEHICLE - STOLEN,,0,Unknown,,103,ALLEY,,,IC,Invest Cont,510,,,2700 S  ROBERTSON                    BL,34.0374,-118.3886,2020.0,2.0,20.0,3.0,0.0,1.0,0,21,0,Evening
850,200310293,04/22/2020 12:00:00 AM,04/22/2020 12:00:00 AM,1000,3,Southwest,319,2,940,EXTORTION,0202 0209 0422 1912 1916,22,F,H,501,SINGLE FAMILY DWELLING,511.0,VERBAL THREAT,IC,Invest Cont,940,,,1900    ESTRELLA                     AV,34.0339,-118.2755,2020.0,4.0,22.0,2.0,0.0,2.0,0,10,0,Morning
851,200113636,06/19/2020 12:00:00 AM,06/16/2020 12:00:00 AM,1400,1,Central,135,1,330,BURGLARY FROM VEHICLE,1307 0344,41,M,W,707,GARAGE/CARPORT,,,IC,Invest Cont,330,,,300 S  MAIN                         ST,34.0481,-118.2472,2020.0,6.0,16.0,1.0,0.0,2.0,0,14,0,Afternoon
852,200808746,04/26/2020 12:00:00 AM,04/26/2020 12:00:00 AM,1444,8,West LA,859,1,442,SHOPLIFTING - PETTY THEFT ($950 & UNDER),0104 0325 0344 1309 1822,0,X,X,203,OTHER BUSINESS,,,IC,Invest Cont,442,,,8700 W  PICO                         BL,34.0544,-118.3816,2020.0,4.0,26.0,6.0,0.0,2.0,1,14,44,Afternoon
853,200118182,09/18/2020 12:00:00 AM,09/18/2020 12:00:00 AM,1800,1,Central,139,1,330,BURGLARY FROM VEHICLE,0344 1609 1307 0329 1822,23,F,W,102,SIDEWALK,500.0,UNKNOWN WEAPON/OTHER WEAPON,IC,Invest Cont,330,,,2ND                          ST,34.0472,-118.2352,2020.0,9.0,18.0,4.0,0.0,3.0,0,18,0,Afternoon
854,200609109,04/15/2020 12:00:00 AM,04/15/2020 12:00:00 AM,1610,6,Hollywood,642,1,331,THEFT FROM MOTOR VEHICLE - GRAND ($950.01 AND OVER),1402 1822 0344 0930,30,M,W,101,STREET,,,AA,Adult Arrest,331,998.0,,GENESEE,34.0981,-118.3582,2020.0,4.0,15.0,2.0,0.0,2.0,0,16,10,Afternoon
856,200811000,06/22/2020 12:00:00 AM,06/21/2020 12:00:00 AM,2120,8,West LA,881,2,624,BATTERY - SIMPLE ASSAULT,0400 0416 1278,22,M,O,101,STREET,400.0,"STRONG-ARM (HANDS, FIST, FEET OR BODILY FORCE)",IC,Invest Cont,624,,,BUNDY,34.0353,-118.4571,2020.0,6.0,21.0,6.0,0.0,2.0,1,21,20,Evening
857,200711605,07/14/2020 12:00:00 AM,05/19/2020 12:00:00 AM,1000,7,Wilshire,732,2,354,THEFT OF IDENTITY,1822 0930,34,F,H,501,SINGLE FAMILY DWELLING,,,IC,Invest Cont,354,,,6300    COLGATE                      AV,34.069,-118.3614,2020.0,5.0,19.0,1.0,0.0,2.0,0,10,0,Morning
859,200415554,12-03-2020 00:00,11/30/2020 12:00:00 AM,400,4,Hollenbeck,404,2,745,VANDALISM - MISDEAMEANOR ($399 OR UNDER),329,0,M,X,301,GAS STATION,,,IC,Invest Cont,745,,,400 S  AVENUE 60,34.1074,-118.1858,2020.0,11.0,30.0,0.0,0.0,4.0,0,4,0,Night
860,201305363,01/24/2020 12:00:00 AM,01/24/2020 12:00:00 AM,1640,13,Newton,1395,2,626,INTIMATE PARTNER - SIMPLE ASSAULT,2000 0913 0444,20,F,H,501,SINGLE FAMILY DWELLING,400.0,"STRONG-ARM (HANDS, FIST, FEET OR BODILY FORCE)",IC,Invest Cont,626,,,500 E  68TH                         ST,33.9779,-118.2666,2020.0,1.0,24.0,4.0,0.0,1.0,0,16,40,Afternoon
861,201010267,06/22/2020 12:00:00 AM,06/22/2020 12:00:00 AM,1140,10,West Valley,1024,2,624,BATTERY - SIMPLE ASSAULT,0913 0444 0603 2021,51,F,W,104,DRIVEWAY,400.0,"STRONG-ARM (HANDS, FIST, FEET OR BODILY FORCE)",AO,Adult Other,624,,,18600    HART                         ST,34.1976,-118.5404,2020.0,6.0,22.0,0.0,0.0,2.0,0,11,40,Morning
863,201221702,09/30/2020 12:00:00 AM,09/30/2020 12:00:00 AM,2130,12,77th Street,1255,1,230,"ASSAULT WITH DEADLY WEAPON, AGGRAVATED ASSAULT",1822 1402 1407 1100 0430 0906,58,M,B,101,STREET,102.0,HAND GUN,IC,Invest Cont,230,,,76TH                         ST,33.9711,-118.2917,2020.0,9.0,30.0,2.0,0.0,3.0,0,21,30,Evening
864,201217557,07/31/2020 12:00:00 AM,07/31/2020 12:00:00 AM,1855,12,77th Street,1283,2,626,INTIMATE PARTNER - SIMPLE ASSAULT,2000 1823 0913 0448 0356 0319 1203,38,F,H,501,SINGLE FAMILY DWELLING,400.0,"STRONG-ARM (HANDS, FIST, FEET OR BODILY FORCE)",AO,Adult Other,626,,,9300 S  WESTERN                      AV,33.9515,-118.309,2020.0,7.0,31.0,4.0,0.0,3.0,0,18,55,Afternoon
865,200305032,01/18/2020 12:00:00 AM,01/18/2020 12:00:00 AM,1310,3,Southwest,343,1,210,ROBBERY,0906 0342 1402 0312 0334 0324 2024 1236 0432 1414,19,X,X,210,RESTAURANT/FAST FOOD,102.0,HAND GUN,JA,Juv Arrest,210,,,3700 S  LA BREA                      AV,34.0199,-118.3608,2020.0,1.0,18.0,5.0,0.0,1.0,1,13,10,Afternoon
866,200907646,03/20/2020 12:00:00 AM,03/18/2020 12:00:00 AM,1630,9,Van Nuys,933,2,354,THEFT OF IDENTITY,0377 0930 1822,0,M,H,101,STREET,,,IC,Invest Cont,354,,,14600    FRIAR                        ST,34.1857,-118.4509,2020.0,3.0,18.0,2.0,0.0,1.0,0,16,30,Afternoon
867,201015320,11/23/2020 12:00:00 AM,11/22/2020 12:00:00 AM,2200,10,West Valley,1035,1,331,THEFT FROM MOTOR VEHICLE - GRAND ($950.01 AND OVER),1822 0344 1300 0385,51,F,W,501,SINGLE FAMILY DWELLING,,,IC,Invest Cont,331,,,6400    NEWCASTLE                    AV,34.1868,-118.5255,2020.0,11.0,22.0,6.0,0.0,4.0,1,22,0,Evening
868,200205661,01/29/2020 12:00:00 AM,01/28/2020 12:00:00 AM,1430,2,Rampart,256,2,745,VANDALISM - MISDEAMEANOR ($399 OR UNDER),329,0,X,X,704,ELEMENTARY SCHOOL,,,IC,Invest Cont,745,,,600    LITTLE                       ST,34.0555,-118.2725,2020.0,1.0,28.0,1.0,0.0,1.0,0,14,30,Afternoon
869,200615303,09-12-2020 00:00,08/21/2020 12:00:00 AM,1500,6,Hollywood,643,1,480,BIKE - STOLEN,344,46,F,W,123,PARKING UNDERGROUND/BUILDING,,,IC,Invest Cont,480,,,1500 N  POINSETTIA                   PL,34.098,-118.3479,2020.0,8.0,21.0,4.0,0.0,3.0,0,15,0,Afternoon
875,201207118,02/13/2020 12:00:00 AM,02/13/2020 12:00:00 AM,1736,12,77th Street,1258,1,341,"THEFT-GRAND ($950.01 & OVER)EXCPT,GUNS,FOWL,LIVESTK,PROD",1402 1822 0325 0344 2024,0,X,X,203,OTHER BUSINESS,,,JA,Juv Arrest,341,998.0,,7200 S  BROADWAY,33.9747,-118.2783,2020.0,2.0,13.0,3.0,0.0,1.0,0,17,36,Afternoon
876,200710645,05/31/2020 12:00:00 AM,05/30/2020 12:00:00 AM,1625,7,Wilshire,711,1,231,ASSAULT WITH DEADLY WEAPON ON POLICE OFFICER,0447 1212 1822,0,X,X,101,STREET,212.0,BOTTLE,IC,Invest Cont,231,,,BEVERLY,34.0761,-118.3614,2020.0,5.0,30.0,5.0,0.0,2.0,1,16,25,Afternoon
878,201219590,08/29/2020 12:00:00 AM,08/29/2020 12:00:00 AM,1720,12,77th Street,1251,1,761,BRANDISH WEAPON,0334 1822 2033 0910,50,M,B,101,STREET,200.0,KNIFE WITH BLADE 6INCHES OR LESS,IC,Invest Cont,761,,,CRENSHAW,33.9745,-118.3309,2020.0,8.0,29.0,5.0,0.0,3.0,1,17,20,Afternoon
879,200910010,05/22/2020 12:00:00 AM,05/21/2020 12:00:00 AM,1800,9,Van Nuys,909,1,510,VEHICLE - STOLEN,,0,Unknown,,101,STREET,,,IC,Invest Cont,510,,,WOODMAN                      AV,34.2072,-118.4312,2020.0,5.0,21.0,3.0,0.0,2.0,0,18,0,Afternoon
880,201011121,07/19/2020 12:00:00 AM,07/18/2020 12:00:00 AM,1800,10,West Valley,1045,1,510,VEHICLE - STOLEN,,0,Unknown,,101,STREET,,,IC,Invest Cont,510,,,ETIWANDA,34.1802,-118.5308,2020.0,7.0,18.0,5.0,0.0,3.0,1,18,0,Afternoon
881,200505252,01/30/2020 12:00:00 AM,01/28/2020 12:00:00 AM,1900,5,Harbor,565,1,420,THEFT FROM MOTOR VEHICLE - PETTY ($950 & UNDER),0344 1300 0377 1606,46,F,B,707,GARAGE/CARPORT,,,IC,Invest Cont,420,,,800 S  GRAND                        AV,33.737,-118.2901,2020.0,1.0,28.0,1.0,0.0,1.0,0,19,0,Evening
882,200905992,02/14/2020 12:00:00 AM,02/13/2020 12:00:00 AM,1050,9,Van Nuys,923,1,350,"THEFT, PERSON",0344 0448 1309 0346 1822,46,M,H,101,STREET,400.0,"STRONG-ARM (HANDS, FIST, FEET OR BODILY FORCE)",IC,Invest Cont,350,,,VESPER,34.1887,-118.4509,2020.0,2.0,13.0,3.0,0.0,1.0,0,10,50,Morning
886,200211432,06/17/2020 12:00:00 AM,06/16/2020 12:00:00 AM,2000,2,Rampart,215,1,510,VEHICLE - STOLEN,,0,Unknown,,101,STREET,,,IC,Invest Cont,510,,,BELLEVUE,34.0755,-118.2727,2020.0,6.0,16.0,1.0,0.0,2.0,0,20,0,Evening
887,200811205,06/28/2020 12:00:00 AM,06/27/2020 12:00:00 AM,2100,8,West LA,842,2,626,INTIMATE PARTNER - SIMPLE ASSAULT,1814 2000 0416 0446,35,M,H,502,"MULTI-UNIT DWELLING (APARTMENT, DUPLEX, ETC)",400.0,"STRONG-ARM (HANDS, FIST, FEET OR BODILY FORCE)",AO,Adult Other,626,,,1400 S  WESTGATE                     AV,34.0431,-118.4599,2020.0,6.0,27.0,5.0,0.0,2.0,1,21,0,Evening
888,200507883,04-02-2020 00:00,03/26/2020 12:00:00 AM,1755,5,Harbor,566,1,330,BURGLARY FROM VEHICLE,0344 1300 1601,45,F,W,123,PARKING UNDERGROUND/BUILDING,,,IC,Invest Cont,330,,,400 W  7TH                          ST,33.7347,-118.2842,2020.0,3.0,26.0,3.0,0.0,1.0,0,17,55,Afternoon
889,200912549,07/20/2020 12:00:00 AM,07/19/2020 12:00:00 AM,545,9,Van Nuys,969,1,330,BURGLARY FROM VEHICLE,0344 2004,36,F,X,108,PARKING LOT,,,AA,Adult Arrest,330,,,4900    COLDWATER CANYON             AV,34.1597,-118.4138,2020.0,7.0,19.0,6.0,0.0,3.0,1,5,45,Night
890,200210575,05/24/2020 12:00:00 AM,05/24/2020 12:00:00 AM,830,2,Rampart,215,1,761,BRANDISH WEAPON,2004 1218 0334 0432 0913 1817,49,M,W,158,TRANSIENT ENCAMPMENT,213.0,CLEAVER,AO,Adult Other,761,,,SILVER LAKE                  BL,34.0772,-118.2818,2020.0,5.0,24.0,6.0,0.0,2.0,1,8,30,Morning
891,200514509,09/25/2020 12:00:00 AM,09/24/2020 12:00:00 AM,2200,5,Harbor,513,1,440,THEFT PLAIN - PETTY ($950 & UNDER),0344 2032,44,M,W,108,PARKING LOT,,,IC,Invest Cont,440,,,1400 W  PACIFIC COAST                HY,33.7907,-118.2829,2020.0,9.0,24.0,3.0,0.0,3.0,0,22,0,Evening
893,200216352,10/19/2020 12:00:00 AM,10/19/2020 12:00:00 AM,1630,2,Rampart,235,1,210,ROBBERY,1822 0342 0344 0400 0416 0446 1308 1309 1313 0390,64,F,O,102,SIDEWALK,400.0,"STRONG-ARM (HANDS, FIST, FEET OR BODILY FORCE)",IC,Invest Cont,210,,,100 N  ALVARADO                     ST,34.0677,-118.2731,2020.0,10.0,19.0,0.0,0.0,4.0,0,16,30,Afternoon
895,200616009,09/28/2020 12:00:00 AM,09/28/2020 12:00:00 AM,1220,6,Hollywood,663,1,420,THEFT FROM MOTOR VEHICLE - PETTY ($950 & UNDER),1300 1309 0349 1822,0,X,X,101,STREET,,,IC,Invest Cont,420,,,LAS PALMAS,34.0926,-118.3363,2020.0,9.0,28.0,0.0,0.0,3.0,0,12,20,Morning
896,200216535,10/23/2020 12:00:00 AM,10/23/2020 12:00:00 AM,245,2,Rampart,202,2,745,VANDALISM - MISDEAMEANOR ($399 OR UNDER),1822 1307 0329,29,M,H,122,"VEHICLE, PASSENGER/TRUCK",,,IC,Invest Cont,745,,,SANTA MONICA                 BL,34.0909,-118.2867,2020.0,10.0,23.0,4.0,0.0,4.0,0,2,45,Night
897,200811087,06/24/2020 12:00:00 AM,06/23/2020 12:00:00 AM,2200,8,West LA,898,2,624,BATTERY - SIMPLE ASSAULT,416,24,M,W,514,GROUP HOME,400.0,"STRONG-ARM (HANDS, FIST, FEET OR BODILY FORCE)",AO,Adult Other,624,,,8900    HARGIS                       ST,34.0352,-118.387,2020.0,6.0,23.0,1.0,0.0,2.0,0,22,0,Evening
898,200614091,08/17/2020 12:00:00 AM,08/17/2020 12:00:00 AM,230,6,Hollywood,657,2,740,"VANDALISM - FELONY ($400 & OVER, ALL CHURCH VANDALISMS)",0329 1307 1609,52,M,H,108,PARKING LOT,,,IC,Invest Cont,740,,,1000 N  WILTON                       PL,34.0885,-118.3136,2020.0,8.0,17.0,0.0,0.0,3.0,0,2,30,Night
899,200711930,06/27/2020 12:00:00 AM,06/27/2020 12:00:00 AM,1320,7,Wilshire,721,1,440,THEFT PLAIN - PETTY ($950 & UNDER),344,33,F,W,404,DEPARTMENT STORE,,,IC,Invest Cont,440,,,BEVERLY                      BL,34.0761,-118.3766,2020.0,6.0,27.0,5.0,0.0,2.0,1,13,20,Afternoon
902,200618475,11/25/2020 12:00:00 AM,11/23/2020 12:00:00 AM,2300,6,Hollywood,647,1,330,BURGLARY FROM VEHICLE,0344 0358 1300 1609 1822,26,F,B,101,STREET,,,IC,Invest Cont,330,,,ARGYLE,34.0998,-118.3252,2020.0,11.0,23.0,0.0,0.0,4.0,0,23,0,Evening
904,201225434,11/25/2020 12:00:00 AM,11/25/2020 12:00:00 AM,1800,12,77th Street,1241,2,922,CHILD STEALING,1501,20,F,B,502,"MULTI-UNIT DWELLING (APARTMENT, DUPLEX, ETC)",,,AO,Adult Other,922,,,6300 S  VICTORIA                     AV,33.9806,-118.3323,2020.0,11.0,25.0,2.0,0.0,4.0,0,18,0,Afternoon
905,200115355,07/25/2020 12:00:00 AM,07/25/2020 12:00:00 AM,1200,1,Central,174,2,626,INTIMATE PARTNER - SIMPLE ASSAULT,0416 2000 1813 0445 0913 1414,41,F,B,502,"MULTI-UNIT DWELLING (APARTMENT, DUPLEX, ETC)",500.0,UNKNOWN WEAPON/OTHER WEAPON,AA,Adult Arrest,626,,,700 S  MAIN                         ST,34.0437,-118.2518,2020.0,7.0,25.0,5.0,0.0,3.0,1,12,0,Morning
906,200214111,08/22/2020 12:00:00 AM,07/25/2020 12:00:00 AM,1300,2,Rampart,285,2,354,THEFT OF IDENTITY,0922 1822,38,M,H,501,SINGLE FAMILY DWELLING,,,IC,Invest Cont,354,,,1800 W  12TH                         ST,34.0473,-118.2784,2020.0,7.0,25.0,5.0,0.0,3.0,1,13,0,Afternoon
907,201007576,03/26/2020 12:00:00 AM,03/26/2020 12:00:00 AM,1845,10,West Valley,1021,2,940,EXTORTION,1822 1202 1420,75,M,H,501,SINGLE FAMILY DWELLING,,,AO,Adult Other,940,,,7000    AURA                         AV,34.1975,-118.5546,2020.0,3.0,26.0,3.0,0.0,1.0,0,18,45,Afternoon
908,200807638,03/22/2020 12:00:00 AM,03/21/2020 12:00:00 AM,2330,8,West LA,859,2,740,"VANDALISM - FELONY ($400 & OVER, ALL CHURCH VANDALISMS)",329,30,M,W,122,"VEHICLE, PASSENGER/TRUCK",,,IC,Invest Cont,740,,,PICO                         BL,34.054,-118.3795,2020.0,3.0,21.0,5.0,0.0,1.0,1,23,30,Evening
909,200516239,11-05-2020 00:00,10/28/2020 12:00:00 AM,954,5,Harbor,551,1,310,BURGLARY,0344 1236 1607,35,M,W,501,SINGLE FAMILY DWELLING,,,IC,Invest Cont,310,,,900 N  MEYLER                       ST,33.7443,-118.3088,2020.0,10.0,28.0,2.0,0.0,4.0,0,9,54,Morning
910,200317549,09/19/2020 12:00:00 AM,09/19/2020 12:00:00 AM,630,3,Southwest,398,1,510,VEHICLE - STOLEN,,0,Unknown,,108,PARKING LOT,,,IC,Invest Cont,510,,,4300 S  FIGUEROA                     ST,34.0051,-118.2827,2020.0,9.0,19.0,5.0,0.0,3.0,1,6,30,Night
911,200317830,09/24/2020 12:00:00 AM,09/23/2020 12:00:00 AM,1500,3,Southwest,308,1,220,ATTEMPTED ROBBERY,0305 0334 0444 0448 0432 1251 1822,19,M,H,101,STREET,102.0,HAND GUN,IC,Invest Cont,220,,,23RD                         ST,34.0352,-118.284,2020.0,9.0,23.0,2.0,0.0,3.0,0,15,0,Afternoon
912,200309844,04/13/2020 12:00:00 AM,04/13/2020 12:00:00 AM,1230,3,Southwest,362,2,624,BATTERY - SIMPLE ASSAULT,0446 1202 0416 2021 0554,76,F,B,502,"MULTI-UNIT DWELLING (APARTMENT, DUPLEX, ETC)",400.0,"STRONG-ARM (HANDS, FIST, FEET OR BODILY FORCE)",IC,Invest Cont,624,,,3900    ROXANNE                      AV,34.0162,-118.3482,2020.0,4.0,13.0,0.0,0.0,2.0,0,12,30,Morning
914,200407998,04/19/2020 12:00:00 AM,04/19/2020 12:00:00 AM,125,4,Hollenbeck,491,2,740,"VANDALISM - FELONY ($400 & OVER, ALL CHURCH VANDALISMS)",329,0,X,X,729,SPECIALTY SCHOOL/OTHER,,,IC,Invest Cont,740,,,1200 S  SOTO                         ST,34.0233,-118.2222,2020.0,4.0,19.0,6.0,0.0,2.0,1,1,25,Night
915,200304898,01/16/2020 12:00:00 AM,01/15/2020 12:00:00 AM,2100,3,Southwest,375,1,440,THEFT PLAIN - PETTY ($950 & UNDER),0377 0344 2032,24,F,B,203,OTHER BUSINESS,,,IC,Invest Cont,440,,,3700 S  WESTERN                      AV,34.0146,-118.313,2020.0,1.0,15.0,2.0,0.0,1.0,0,21,0,Evening
918,200811934,07/16/2020 12:00:00 AM,07/14/2020 12:00:00 AM,1735,8,West LA,859,1,440,THEFT PLAIN - PETTY ($950 & UNDER),0344 0394 1822 1420,32,M,O,501,SINGLE FAMILY DWELLING,,,IC,Invest Cont,440,,,8500    SATURN                       ST,34.0515,-118.3762,2020.0,7.0,14.0,1.0,0.0,3.0,0,17,35,Afternoon
919,200310639,04/29/2020 12:00:00 AM,04/29/2020 12:00:00 AM,2315,3,Southwest,321,2,626,INTIMATE PARTNER - SIMPLE ASSAULT,2000 1813 0432 0444 1241 0401,38,F,W,501,SINGLE FAMILY DWELLING,400.0,"STRONG-ARM (HANDS, FIST, FEET OR BODILY FORCE)",AO,Adult Other,626,,,5600    CORBETT                      ST,34.0247,-118.3669,2020.0,4.0,29.0,2.0,0.0,2.0,0,23,15,Evening
920,200611832,06/24/2020 12:00:00 AM,06/19/2020 12:00:00 AM,1600,6,Hollywood,646,1,310,BURGLARY,0344 0329 1602 1822,0,X,X,729,SPECIALTY SCHOOL/OTHER,500.0,UNKNOWN WEAPON/OTHER WEAPON,IC,Invest Cont,310,,,6300 W  SUNSET                       BL,34.0987,-118.3337,2020.0,6.0,19.0,4.0,0.0,2.0,0,16,0,Afternoon
921,200711844,07/20/2020 12:00:00 AM,07/18/2020 12:00:00 AM,1915,7,Wilshire,724,1,440,THEFT PLAIN - PETTY ($950 & UNDER),0344 0202,64,M,W,415,THE GROVE,,,IC,Invest Cont,440,,,6300 W  3RD                          ST,34.0735,-118.3571,2020.0,7.0,18.0,5.0,0.0,3.0,1,19,15,Evening
922,201309901,04/25/2020 12:00:00 AM,04/25/2020 12:00:00 AM,2300,13,Newton,1351,2,237,CHILD NEGLECT (SEE 300 W.I.C.),1258,4,F,H,503,HOTEL,,,IC,Invest Cont,237,,,100 W  MARTIN LUTHER KING JR        BL,34.0111,-118.274,2020.0,4.0,25.0,5.0,0.0,2.0,1,23,0,Evening
923,201113049,08/29/2020 12:00:00 AM,08/29/2020 12:00:00 AM,2000,11,Northeast,1115,1,440,THEFT PLAIN - PETTY ($950 & UNDER),0344 1218,65,M,W,101,STREET,,,IC,Invest Cont,440,,,COLORADO                     BL,34.1367,-118.2089,2020.0,8.0,29.0,5.0,0.0,3.0,1,20,0,Evening
924,200716491,11/29/2020 12:00:00 AM,11/29/2020 12:00:00 AM,600,7,Wilshire,783,2,740,"VANDALISM - FELONY ($400 & OVER, ALL CHURCH VANDALISMS)",0329 1822 1300,31,F,W,122,"VEHICLE, PASSENGER/TRUCK",,,IC,Invest Cont,740,,,2400 S  RIDGELEY                     DR,34.0387,-118.3594,2020.0,11.0,29.0,6.0,0.0,4.0,1,6,0,Night
925,200406875,03/13/2020 12:00:00 AM,03/13/2020 12:00:00 AM,1330,4,Hollenbeck,429,1,236,INTIMATE PARTNER - AGGRAVATED ASSAULT,2000 1813 0444 0408 0416 0913,46,F,H,501,SINGLE FAMILY DWELLING,400.0,"STRONG-ARM (HANDS, FIST, FEET OR BODILY FORCE)",AA,Adult Arrest,236,,,3100    SHEFFIELD                    AV,34.0811,-118.1614,2020.0,3.0,13.0,4.0,0.0,1.0,0,13,30,Afternoon
927,200213008,07/25/2020 12:00:00 AM,07/25/2020 12:00:00 AM,1215,2,Rampart,256,2,624,BATTERY - SIMPLE ASSAULT,2011 0913 1817 1252 0444 0601 2004 2021,56,F,H,102,SIDEWALK,400.0,"STRONG-ARM (HANDS, FIST, FEET OR BODILY FORCE)",AA,Adult Arrest,624,,,6TH                          ST,34.058,-118.2715,2020.0,7.0,25.0,5.0,0.0,3.0,1,12,15,Morning
930,200411135,07/25/2020 12:00:00 AM,07/25/2020 12:00:00 AM,1,4,Hollenbeck,406,2,745,VANDALISM - MISDEAMEANOR ($399 OR UNDER),0329 0361,56,M,H,501,SINGLE FAMILY DWELLING,500.0,UNKNOWN WEAPON/OTHER WEAPON,IC,Invest Cont,745,,,600    REDFIELD                     AV,34.1016,-118.1843,2020.0,7.0,25.0,5.0,0.0,3.0,1,0,1,Night
931,201212750,05/14/2020 12:00:00 AM,05/14/2020 12:00:00 AM,120,12,77th Street,1231,2,626,INTIMATE PARTNER - SIMPLE ASSAULT,2000 1814 0913 0448 0443,44,F,B,502,"MULTI-UNIT DWELLING (APARTMENT, DUPLEX, ETC)",400.0,"STRONG-ARM (HANDS, FIST, FEET OR BODILY FORCE)",AO,Adult Other,626,,,4100 W  SLAUSON                      AV,33.9889,-118.3467,2020.0,5.0,14.0,3.0,0.0,2.0,0,1,20,Night
932,200216277,10/17/2020 12:00:00 AM,10/16/2020 12:00:00 AM,730,2,Rampart,235,1,510,VEHICLE - STOLEN,,0,Unknown,,101,STREET,,,IC,Invest Cont,510,,,2200 W  3RD                          ST,34.0677,-118.2731,2020.0,10.0,16.0,4.0,0.0,4.0,0,7,30,Morning
933,200111085,04/28/2020 12:00:00 AM,04/27/2020 12:00:00 AM,1030,1,Central,147,1,440,THEFT PLAIN - PETTY ($950 & UNDER),0913 0344,60,M,B,516,SINGLE RESIDENCE OCCUPANCY (SRO'S) LOCATIONS,,,IC,Invest Cont,440,,,400 E  5TH                          ST,34.0453,-118.2443,2020.0,4.0,27.0,0.0,0.0,2.0,0,10,30,Morning
935,200307436,02/26/2020 12:00:00 AM,02/26/2020 12:00:00 AM,1130,3,Southwest,338,1,440,THEFT PLAIN - PETTY ($950 & UNDER),0344 1251 0397,26,F,H,722,COLLEGE/JUNIOR COLLEGE/UNIVERSITY,,,IC,Invest Cont,440,,,3100 S  HOOVER                       ST,34.0268,-118.2896,2020.0,2.0,26.0,2.0,0.0,1.0,0,11,30,Morning
937,201104839,01/21/2020 12:00:00 AM,01/20/2020 12:00:00 AM,1800,11,Northeast,1162,1,210,ROBBERY,0945 0344 0421 1402 0907 2004 0325,0,X,X,301,GAS STATION,500.0,UNKNOWN WEAPON/OTHER WEAPON,AA,Adult Arrest,210,998.0,,1600 N  VERMONT                      AV,34.1002,-118.2918,2020.0,1.0,20.0,0.0,0.0,1.0,0,18,0,Afternoon
938,200114870,07/15/2020 12:00:00 AM,07/15/2020 12:00:00 AM,1000,1,Central,163,1,510,VEHICLE - STOLEN,,0,Unknown,,707,GARAGE/CARPORT,,,IC,Invest Cont,510,,,700 S  SPRING                       ST,34.0438,-118.2547,2020.0,7.0,15.0,2.0,0.0,3.0,0,10,0,Morning
939,200116924,08/25/2020 12:00:00 AM,08/25/2020 12:00:00 AM,250,1,Central,162,1,310,BURGLARY,1420 1609 0321 1822,0,X,X,210,RESTAURANT/FAST FOOD,500.0,UNKNOWN WEAPON/OTHER WEAPON,AA,Adult Arrest,310,,,400 W  8TH                          ST,34.0445,-118.2558,2020.0,8.0,25.0,1.0,0.0,3.0,0,2,50,Night
941,200219013,12/25/2020 12:00:00 AM,12/25/2020 12:00:00 AM,1845,2,Rampart,203,2,740,"VANDALISM - FELONY ($400 & OVER, ALL CHURCH VANDALISMS)",1822 0216 0329,0,X,X,210,RESTAURANT/FAST FOOD,500.0,UNKNOWN WEAPON/OTHER WEAPON,IC,Invest Cont,740,,,800 N  VERMONT                      AV,34.0859,-118.2917,2020.0,12.0,25.0,4.0,0.0,4.0,0,18,45,Afternoon
944,200815580,10/22/2020 12:00:00 AM,10/22/2020 12:00:00 AM,1300,8,West LA,811,1,310,BURGLARY,1609 0321 1202 0344 0352 1822,67,F,O,501,SINGLE FAMILY DWELLING,,,IC,Invest Cont,310,,,16900 W  SUNSET                       BL,34.0561,-118.5512,2020.0,10.0,22.0,3.0,0.0,4.0,0,13,0,Afternoon
945,200918956,12/28/2020 12:00:00 AM,12/26/2020 12:00:00 AM,1700,9,Van Nuys,952,1,330,BURGLARY FROM VEHICLE,0344 1822,33,M,H,123,PARKING UNDERGROUND/BUILDING,,,IC,Invest Cont,330,,,15300    MAGNOLIA                     BL,34.1684,-118.4586,2020.0,12.0,26.0,5.0,0.0,4.0,1,17,0,Afternoon
947,200320849,11/24/2020 12:00:00 AM,11/24/2020 12:00:00 AM,1300,3,Southwest,356,2,624,BATTERY - SIMPLE ASSAULT,0913 0561 0416 0446,49,F,H,502,"MULTI-UNIT DWELLING (APARTMENT, DUPLEX, ETC)",400.0,"STRONG-ARM (HANDS, FIST, FEET OR BODILY FORCE)",IC,Invest Cont,624,,,1400 W  35TH                         PL,34.0237,-118.3002,2020.0,11.0,24.0,1.0,0.0,4.0,0,13,0,Afternoon
948,201116830,12/21/2020 12:00:00 AM,12/20/2020 12:00:00 AM,2215,11,Northeast,1102,2,745,VANDALISM - MISDEAMEANOR ($399 OR UNDER),0329 1822,0,X,X,755,VETERINARIAN/ANIMAL HOSPITAL,,,IC,Invest Cont,745,,,4600    COLORADO                     BL,34.1408,-118.2741,2020.0,12.0,20.0,6.0,0.0,4.0,1,22,15,Evening
949,200122724,12/24/2020 12:00:00 AM,12/21/2020 12:00:00 AM,5,1,Central,138,2,745,VANDALISM - MISDEAMEANOR ($399 OR UNDER),329,0,X,X,725,"GOVERNMENT FACILITY (FEDERAL,STATE, COUNTY & CITY)",,,IC,Invest Cont,745,,,200 E  3RD                          ST,34.0483,-118.2443,2020.0,12.0,21.0,0.0,0.0,4.0,0,0,5,Night
950,200112148,05/25/2020 12:00:00 AM,05/25/2020 12:00:00 AM,1430,1,Central,111,1,236,INTIMATE PARTNER - AGGRAVATED ASSAULT,1218 0305 2033 1414 0429 2004 0907 2000 0416 0913,29,F,H,102,SIDEWALK,308.0,STICK,IC,Invest Cont,236,,,SPRING                       ST,34.0583,-118.2395,2020.0,5.0,25.0,0.0,0.0,2.0,0,14,30,Afternoon
952,200607108,02/28/2020 12:00:00 AM,02/28/2020 12:00:00 AM,1425,6,Hollywood,642,2,626,INTIMATE PARTNER - SIMPLE ASSAULT,0400 2000 1814 0448,21,M,H,101,STREET,400.0,"STRONG-ARM (HANDS, FIST, FEET OR BODILY FORCE)",AO,Adult Other,626,,,7600 W  HOLLYWOOD                    BL,34.1017,-118.3553,2020.0,2.0,28.0,4.0,0.0,1.0,0,14,25,Afternoon
953,201115929,11/20/2020 12:00:00 AM,11/20/2020 12:00:00 AM,2150,11,Northeast,1135,1,210,ROBBERY,0344 1300 0216 0355 1281 0400 0416 0429,22,M,H,101,STREET,102.0,HAND GUN,IC,Invest Cont,210,,,2500    EL ROSA                      DR,34.1129,-118.2304,2020.0,11.0,20.0,4.0,0.0,4.0,0,21,50,Evening
954,201216732,07/18/2020 12:00:00 AM,07/18/2020 12:00:00 AM,1900,12,77th Street,1263,1,230,"ASSAULT WITH DEADLY WEAPON, AGGRAVATED ASSAULT",0562 0602 0913 0400 0419 0447,68,F,H,501,SINGLE FAMILY DWELLING,500.0,UNKNOWN WEAPON/OTHER WEAPON,AA,Adult Arrest,230,,,1700 W  84TH                         PL,33.9618,-118.309,2020.0,7.0,18.0,5.0,0.0,3.0,1,19,0,Evening
955,201004764,01/19/2020 12:00:00 AM,01/18/2020 12:00:00 AM,1530,10,West Valley,1008,1,420,THEFT FROM MOTOR VEHICLE - PETTY ($950 & UNDER),0344 0377,45,M,H,104,DRIVEWAY,,,IC,Invest Cont,420,,,7300    RUBIO                        AV,34.2029,-118.4957,2020.0,1.0,18.0,5.0,0.0,1.0,1,15,30,Afternoon
956,200415153,11/23/2020 12:00:00 AM,11/23/2020 12:00:00 AM,100,4,Hollenbeck,426,1,230,"ASSAULT WITH DEADLY WEAPON, AGGRAVATED ASSAULT",0906 0400,19,M,H,101,STREET,500.0,UNKNOWN WEAPON/OTHER WEAPON,IC,Invest Cont,230,,,CHADWICK,34.0848,-118.17,2020.0,11.0,23.0,0.0,0.0,4.0,0,1,0,Night
957,201219015,08/21/2020 12:00:00 AM,08/20/2020 12:00:00 AM,1600,12,77th Street,1255,2,740,"VANDALISM - FELONY ($400 & OVER, ALL CHURCH VANDALISMS)",1822 0329 2204,0,X,X,704,ELEMENTARY SCHOOL,,,IC,Invest Cont,740,,,7500    RAYMOND                      AV,33.971,-118.2981,2020.0,8.0,20.0,3.0,0.0,3.0,0,16,0,Afternoon
958,200313153,06/23/2020 12:00:00 AM,06/18/2020 12:00:00 AM,1130,3,Southwest,338,1,330,BURGLARY FROM VEHICLE,0344 1612 1300,58,M,B,101,STREET,,,IC,Invest Cont,330,,,VERMONT                      AV,34.0278,-118.2915,2020.0,6.0,18.0,3.0,0.0,2.0,0,11,30,Morning
959,200614196,08/20/2020 12:00:00 AM,08/17/2020 12:00:00 AM,1800,6,Hollywood,639,1,420,THEFT FROM MOTOR VEHICLE - PETTY ($950 & UNDER),,0,Unknown,,101,STREET,,,IC,Invest Cont,420,,,LOMA LINDA                   AV,34.103,-118.3072,2020.0,8.0,17.0,0.0,0.0,3.0,0,18,0,Afternoon
960,201004709,01/18/2020 12:00:00 AM,01/17/2020 12:00:00 AM,2100,10,West Valley,1088,1,310,BURGLARY,1606 0321 0344 0352 1202,63,F,O,501,SINGLE FAMILY DWELLING,,,IC,Invest Cont,310,,,4400    ESTRONDO                     DR,34.1515,-118.5017,2020.0,1.0,17.0,4.0,0.0,1.0,0,21,0,Evening
961,201305787,02-01-2020 00:00,01/31/2020 12:00:00 AM,1950,13,Newton,1309,1,330,BURGLARY FROM VEHICLE,1609 0344 1300,41,M,O,101,STREET,,,IC,Invest Cont,330,,,VIOLET,34.0326,-118.23,2020.0,1.0,31.0,4.0,0.0,1.0,0,19,50,Evening
964,200109519,03/22/2020 12:00:00 AM,03/22/2020 12:00:00 AM,1326,1,Central,164,2,740,"VANDALISM - FELONY ($400 & OVER, ALL CHURCH VANDALISMS)",1414 0329 1822,0,X,X,203,OTHER BUSINESS,500.0,UNKNOWN WEAPON/OTHER WEAPON,IC,Invest Cont,740,,,100 E  7TH                          ST,34.0446,-118.2507,2020.0,3.0,22.0,6.0,0.0,1.0,1,13,26,Afternoon
966,200716541,11/29/2020 12:00:00 AM,11/26/2020 12:00:00 AM,1200,7,Wilshire,759,1,330,BURGLARY FROM VEHICLE,1822 0344 1300 1609,22,M,W,101,STREET,,,IC,Invest Cont,330,,,1100    CRENSHAW                     BL,34.0527,-118.3241,2020.0,11.0,26.0,3.0,0.0,4.0,0,12,0,Morning
967,200400627,02/21/2020 12:00:00 AM,01/17/2020 12:00:00 AM,1730,4,Hollenbeck,497,2,649,DOCUMENT FORGERY / STOLEN FELONY,0601 1402 0344 0924,0,M,W,229,CHECK CASHING*,,,IC,Invest Cont,649,998.0,,3300 E  OLYMPIC                      BL,34.0191,-118.2081,2020.0,1.0,17.0,4.0,0.0,1.0,0,17,30,Afternoon
969,200319158,10-09-2020 00:00,05/25/2020 12:00:00 AM,2215,3,Southwest,354,2,624,BATTERY - SIMPLE ASSAULT,0913 0360 0342 0419 0448 1259,16,F,H,501,SINGLE FAMILY DWELLING,400.0,"STRONG-ARM (HANDS, FIST, FEET OR BODILY FORCE)",IC,Invest Cont,624,,,2100 W  JEFFERSON                    BL,34.0255,-118.318,2020.0,5.0,25.0,0.0,0.0,2.0,0,22,15,Evening
970,201217384,07/29/2020 12:00:00 AM,07/29/2020 12:00:00 AM,615,12,77th Street,1213,2,930,CRIMINAL THREATS - NO WEAPON DISPLAYED,1822 0443,41,M,B,103,ALLEY,511.0,VERBAL THREAT,AO,Adult Other,930,,,1900 W  57TH                         ST,33.991,-118.312,2020.0,7.0,29.0,2.0,0.0,3.0,0,6,15,Night
971,200813168,08/21/2020 12:00:00 AM,08/20/2020 12:00:00 AM,2200,8,West LA,889,1,510,VEHICLE - STOLEN,,0,Unknown,,101,STREET,,,IC,Invest Cont,510,,,1900 S  CORNING                      ST,34.041,-118.3802,2020.0,8.0,20.0,3.0,0.0,3.0,0,22,0,Evening
972,200811353,06/30/2020 12:00:00 AM,06/28/2020 12:00:00 AM,2200,8,West LA,855,1,480,BIKE - STOLEN,0344 0346,29,M,C,707,GARAGE/CARPORT,,,IC,Invest Cont,480,,,1600    CAMDEN                       AV,34.0487,-118.4426,2020.0,6.0,28.0,6.0,0.0,2.0,1,22,0,Evening
973,200114835,07/14/2020 12:00:00 AM,07/14/2020 12:00:00 AM,2120,1,Central,152,2,624,BATTERY - SIMPLE ASSAULT,0444 0447 0429 1822,32,F,O,210,RESTAURANT/FAST FOOD,400.0,"STRONG-ARM (HANDS, FIST, FEET OR BODILY FORCE)",AO,Adult Other,624,,,800 W  7TH                          ST,34.0491,-118.2558,2020.0,7.0,14.0,1.0,0.0,3.0,0,21,20,Evening
974,200310501,04/27/2020 12:00:00 AM,04/26/2020 12:00:00 AM,1900,3,Southwest,331,1,510,VEHICLE - STOLEN,,0,Unknown,,101,STREET,,,IC,Invest Cont,510,,,2900 S  HARCOURT                     AV,34.0274,-118.3499,2020.0,4.0,26.0,6.0,0.0,2.0,1,19,0,Evening
976,201109429,05/16/2020 12:00:00 AM,05/16/2020 12:00:00 AM,1250,11,Northeast,1124,2,745,VANDALISM - MISDEAMEANOR ($399 OR UNDER),0329 1307 1814 2000,43,M,H,108,PARKING LOT,,,AO,Adult Other,745,,,3000 N  SAN FERNANDO                 RD,34.1133,-118.2443,2020.0,5.0,16.0,5.0,0.0,2.0,1,12,50,Morning
977,200411816,08/17/2020 12:00:00 AM,07/30/2020 12:00:00 AM,325,4,Hollenbeck,404,2,740,"VANDALISM - FELONY ($400 & OVER, ALL CHURCH VANDALISMS)",329,0,M,W,502,"MULTI-UNIT DWELLING (APARTMENT, DUPLEX, ETC)",,,IC,Invest Cont,740,,,6100    MONTEREY                     RD,34.1069,-118.1834,2020.0,7.0,30.0,3.0,0.0,3.0,0,3,25,Night
979,200918722,12/22/2020 12:00:00 AM,12/19/2020 12:00:00 AM,800,9,Van Nuys,946,1,510,VEHICLE - STOLEN,,0,Unknown,,101,STREET,,,IC,Invest Cont,510,,,5500    WOODMAN                      AV,34.1745,-118.4356,2020.0,12.0,19.0,5.0,0.0,4.0,1,8,0,Morning
982,200709854,06-01-2020 00:00,05/30/2020 12:00:00 AM,1100,7,Wilshire,765,1,510,VEHICLE - STOLEN,,0,Unknown,,101,STREET,,,IC,Invest Cont,510,,,1400    WEST                         BL,34.0496,-118.3425,2020.0,5.0,30.0,5.0,0.0,2.0,1,11,0,Morning
983,200113521,06/17/2020 12:00:00 AM,06/17/2020 12:00:00 AM,218,1,Central,139,1,510,VEHICLE - STOLEN,,0,Unknown,,707,GARAGE/CARPORT,,,IC,Invest Cont,510,,,200 S  SANTA FE                     AV,34.0472,-118.2326,2020.0,6.0,17.0,2.0,0.0,2.0,0,2,18,Night
984,200704861,01/18/2020 12:00:00 AM,01/18/2020 12:00:00 AM,2200,7,Wilshire,785,2,626,INTIMATE PARTNER - SIMPLE ASSAULT,0400 2002,59,F,B,501,SINGLE FAMILY DWELLING,400.0,"STRONG-ARM (HANDS, FIST, FEET OR BODILY FORCE)",AO,Adult Other,626,,,2000 S  RIMPAU                       BL,34.0385,-118.344,2020.0,1.0,18.0,5.0,0.0,1.0,1,22,0,Evening
986,200717386,12/22/2020 12:00:00 AM,12/22/2020 12:00:00 AM,400,7,Wilshire,734,1,310,BURGLARY,1822 1607 0344,27,F,W,710,OTHER PREMISE,,,IC,Invest Cont,310,,,300    HAUSER                       BL,34.0693,-118.351,2020.0,12.0,22.0,1.0,0.0,4.0,0,4,0,Night
987,201217768,06/30/2020 12:00:00 AM,06/30/2020 12:00:00 AM,1150,12,77th Street,1243,2,354,THEFT OF IDENTITY,0100 0377,62,M,H,501,SINGLE FAMILY DWELLING,,,IC,Invest Cont,354,,,1900 W  65TH                         PL,33.9798,-118.3134,2020.0,6.0,30.0,1.0,0.0,2.0,0,11,50,Morning
988,201107515,03/19/2020 12:00:00 AM,03/15/2020 12:00:00 AM,1630,11,Northeast,1169,1,510,VEHICLE - STOLEN,,0,Unknown,,101,STREET,,,IC,Invest Cont,510,,,200 S  AVENUE 54,34.1059,-118.1958,2020.0,3.0,15.0,6.0,0.0,1.0,1,16,30,Afternoon
991,200406332,02/29/2020 12:00:00 AM,02/27/2020 12:00:00 AM,2100,4,Hollenbeck,411,1,510,VEHICLE - STOLEN,,0,Unknown,,101,STREET,,,IC,Invest Cont,510,,,BROADWAY,34.072,-118.2242,2020.0,2.0,27.0,3.0,0.0,1.0,0,21,0,Evening
992,200410246,06/27/2020 12:00:00 AM,06/27/2020 12:00:00 AM,915,4,Hollenbeck,421,1,210,ROBBERY,0334 0344 0355 2004 1822,52,F,H,152,UNDERPASS/BRIDGE*,207.0,OTHER KNIFE,IC,Invest Cont,210,,,SPRING                       ST,34.0717,-118.2224,2020.0,6.0,27.0,5.0,0.0,2.0,1,9,15,Morning
994,200618038,11/15/2020 12:00:00 AM,11/15/2020 12:00:00 AM,650,6,Hollywood,649,1,310,BURGLARY,1609 0344 0329 1607 1822 0400,0,X,X,203,OTHER BUSINESS,302.0,BLUNT INSTRUMENT,IC,Invest Cont,310,,,5100 W  SUNSET                       BL,34.0999,-118.3038,2020.0,11.0,15.0,6.0,0.0,4.0,1,6,50,Night
996,200311424,05/14/2020 12:00:00 AM,05/14/2020 12:00:00 AM,1400,3,Southwest,397,2,624,BATTERY - SIMPLE ASSAULT,1810 0416,31,F,H,501,SINGLE FAMILY DWELLING,500.0,UNKNOWN WEAPON/OTHER WEAPON,AO,Adult Other,624,,,1100 W  40TH                         PL,34.0099,-118.2941,2020.0,5.0,14.0,3.0,0.0,2.0,0,14,0,Afternoon
997,201213837,05/30/2020 12:00:00 AM,05/29/2020 12:00:00 AM,2130,12,77th Street,1215,1,330,BURGLARY FROM VEHICLE,1822 0344 0329 1307 0358 1609,62,F,B,101,STREET,,,IC,Invest Cont,330,,,53RD,33.9941,-118.2915,2020.0,5.0,29.0,4.0,0.0,2.0,0,21,30,Evening
999,200810164,06-01-2020 00:00,05/30/2020 12:00:00 AM,1200,8,West LA,835,1,310,BURGLARY,1236 1822 0344 1609,0,X,X,717,HEALTH SPA/GYM,,,IC,Invest Cont,310,,,2100    WESTWOOD                     BL,34.0453,-118.4329,2020.0,5.0,30.0,5.0,0.0,2.0,1,12,0,Morning
1000,200213056,07/27/2020 12:00:00 AM,07/27/2020 12:00:00 AM,245,2,Rampart,245,1,230,"ASSAULT WITH DEADLY WEAPON, AGGRAVATED ASSAULT",1822 0342 0216 1310 0334 0312 0374 0906,36,M,W,101,STREET,109.0,SEMI-AUTOMATIC PISTOL,IC,Invest Cont,230,761.0,,ALVARADO,34.0569,-118.2765,2020.0,7.0,27.0,0.0,0.0,3.0,0,2,45,Night
1001,201211089,04/17/2020 12:00:00 AM,04/17/2020 12:00:00 AM,830,12,77th Street,1256,1,210,ROBBERY,1240 0354 0337 0416 0446 0334 0445 1822 2004,24,M,H,101,STREET,219.0,SCREWDRIVER,AO,Adult Other,210,,,73RD                         ST,33.9737,-118.2827,2020.0,4.0,17.0,4.0,0.0,2.0,0,8,30,Morning
1003,201112534,08/15/2020 12:00:00 AM,07/29/2020 12:00:00 AM,1030,11,Northeast,1123,1,331,THEFT FROM MOTOR VEHICLE - GRAND ($950.01 AND OVER),385,68,F,W,101,STREET,,,IC,Invest Cont,331,,,3900    BRUNSWICK                    AV,34.123,-118.2639,2020.0,7.0,29.0,2.0,0.0,3.0,0,10,30,Morning
1004,200414493,10/31/2020 12:00:00 AM,10/31/2020 12:00:00 AM,2047,4,Hollenbeck,402,2,900,VIOLATION OF COURT ORDER,2038,45,F,H,101,STREET,,,IC,Invest Cont,900,,,LATONA                       RD,34.091,-118.2003,2020.0,10.0,31.0,5.0,0.0,4.0,1,20,47,Evening
1006,200810910,06/20/2020 12:00:00 AM,06/19/2020 12:00:00 AM,1830,8,West LA,841,1,330,BURGLARY FROM VEHICLE,1822 0344 1306 1606,29,F,W,707,GARAGE/CARPORT,,,IC,Invest Cont,330,,,1300 S  CARMELINA                    AV,34.0408,-118.4685,2020.0,6.0,19.0,4.0,0.0,2.0,0,18,30,Afternoon
1008,200211951,06/29/2020 12:00:00 AM,06/28/2020 12:00:00 AM,1745,2,Rampart,257,1,310,BURGLARY,0342 0601 0344 1607 0329 0345 1822,0,X,X,719,MEDICAL/DENTAL OFFICES,,,IC,Invest Cont,310,,,1500    WILSHIRE                     BL,34.0546,-118.2684,2020.0,6.0,28.0,6.0,0.0,2.0,1,17,45,Afternoon
1009,200705108,01/24/2020 12:00:00 AM,01/24/2020 12:00:00 AM,2015,7,Wilshire,735,1,210,ROBBERY,0325 0400,0,M,W,402,MARKET,400.0,"STRONG-ARM (HANDS, FIST, FEET OR BODILY FORCE)",AO,Adult Other,210,,,5600    WILSHIRE                     BL,34.0633,-118.3473,2020.0,1.0,24.0,4.0,0.0,1.0,0,20,15,Evening
1011,200214008,08/20/2020 12:00:00 AM,08/19/2020 12:00:00 AM,2100,2,Rampart,241,1,310,BURGLARY,0601 0344 0397 1605 1822 0202 0209,0,X,X,202,LIQUOR STORE,,,IC,Invest Cont,310,,,500 S  OCCIDENTAL                   BL,34.0668,-118.2828,2020.0,8.0,19.0,2.0,0.0,3.0,0,21,0,Evening
1012,200716081,11/17/2020 12:00:00 AM,11/15/2020 12:00:00 AM,1200,7,Wilshire,764,1,331,THEFT FROM MOTOR VEHICLE - GRAND ($950.01 AND OVER),1300 1601 0344,55,F,W,502,"MULTI-UNIT DWELLING (APARTMENT, DUPLEX, ETC)",,,IC,Invest Cont,331,,,PICO,34.0482,-118.3515,2020.0,11.0,15.0,6.0,0.0,4.0,1,12,0,Morning
1013,200205078,01/23/2020 12:00:00 AM,01/23/2020 12:00:00 AM,1335,2,Rampart,221,1,210,ROBBERY,0910 0202 1822 0448 0344 0429,26,F,H,906,MTA - RED LINE - VERMONT/BEVERLY,400.0,"STRONG-ARM (HANDS, FIST, FEET OR BODILY FORCE)",IC,Invest Cont,210,,,VERMONT                      AV,34.0777,-118.2917,2020.0,1.0,23.0,3.0,0.0,1.0,0,13,35,Afternoon
1014,201010322,06/23/2020 12:00:00 AM,06/22/2020 12:00:00 AM,200,10,West Valley,1088,1,121,"RAPE, FORCIBLE",1415 1409 0913 0400 1402 1206 0522 0448,27,F,H,501,SINGLE FAMILY DWELLING,400.0,"STRONG-ARM (HANDS, FIST, FEET OR BODILY FORCE)",AO,Adult Other,121,,,4500    ESTRONDO                     DR,34.1526,-118.5013,2020.0,6.0,22.0,0.0,0.0,2.0,0,2,0,Night
1015,201216525,07/14/2020 12:00:00 AM,07/14/2020 12:00:00 AM,1630,12,77th Street,1256,1,236,INTIMATE PARTNER - AGGRAVATED ASSAULT,2000 0913 1814 0345 0444 0408 0417 0344 2004,33,F,B,102,SIDEWALK,400.0,"STRONG-ARM (HANDS, FIST, FEET OR BODILY FORCE)",AO,Adult Other,236,,,S  HOOVER                       ST,33.9708,-118.2871,2020.0,7.0,14.0,1.0,0.0,3.0,0,16,30,Afternoon
1018,200915974,10/16/2020 12:00:00 AM,10/15/2020 12:00:00 AM,2150,9,Van Nuys,909,2,626,INTIMATE PARTNER - SIMPLE ASSAULT,2000 1813 0419,50,F,H,502,"MULTI-UNIT DWELLING (APARTMENT, DUPLEX, ETC)",400.0,"STRONG-ARM (HANDS, FIST, FEET OR BODILY FORCE)",IC,Invest Cont,626,,,7400    WOODMAN                      AV,34.2048,-118.4312,2020.0,10.0,15.0,3.0,0.0,4.0,0,21,50,Evening
1019,200404677,01/18/2020 12:00:00 AM,01/18/2020 12:00:00 AM,1215,4,Hollenbeck,412,2,901,VIOLATION OF RESTRAINING ORDER,0913 2038 0554,35,F,H,502,"MULTI-UNIT DWELLING (APARTMENT, DUPLEX, ETC)",,,AA,Adult Arrest,901,,,2300    HUMBOLDT                     ST,34.0788,-118.2197,2020.0,1.0,18.0,5.0,0.0,1.0,1,12,15,Morning
1020,200112811,06-03-2020 00:00,05/29/2020 12:00:00 AM,1800,1,Central,185,1,310,BURGLARY,1602 0329 0344 0397 1822 0352 0325 0375 1414 1420,0,X,X,203,OTHER BUSINESS,500.0,UNKNOWN WEAPON/OTHER WEAPON,IC,Invest Cont,310,,,1200    MAPLE                        AV,34.0388,-118.2574,2020.0,5.0,29.0,4.0,0.0,2.0,0,18,0,Afternoon
1026,200504784,01/19/2020 12:00:00 AM,01/19/2020 12:00:00 AM,115,5,Harbor,585,1,236,INTIMATE PARTNER - AGGRAVATED ASSAULT,0408 1813 0305 0429 2000 0444 1814 0913,48,M,H,502,"MULTI-UNIT DWELLING (APARTMENT, DUPLEX, ETC)",400.0,"STRONG-ARM (HANDS, FIST, FEET OR BODILY FORCE)",AA,Adult Arrest,236,,,500 W  18TH                         ST,33.7243,-118.2963,2020.0,1.0,19.0,6.0,0.0,1.0,1,1,15,Night
1028,200215434,09/25/2020 12:00:00 AM,09/25/2020 12:00:00 AM,900,2,Rampart,249,2,626,INTIMATE PARTNER - SIMPLE ASSAULT,0913 2000 1814 0400 0416 0446 0429,34,F,B,502,"MULTI-UNIT DWELLING (APARTMENT, DUPLEX, ETC)",400.0,"STRONG-ARM (HANDS, FIST, FEET OR BODILY FORCE)",AO,Adult Other,626,,,1000    WILSHIRE                     BL,34.0519,-118.2624,2020.0,9.0,25.0,4.0,0.0,3.0,0,9,0,Morning
1029,200215063,09/16/2020 12:00:00 AM,09/15/2020 12:00:00 AM,1800,2,Rampart,204,1,510,VEHICLE - STOLEN,,0,Unknown,,101,STREET,,,IC,Invest Cont,510,,,1000    HYPERION                     AV,34.09,-118.2807,2020.0,9.0,15.0,1.0,0.0,3.0,0,18,0,Afternoon
1031,201000810,08/14/2020 12:00:00 AM,08/14/2020 12:00:00 AM,1950,10,West Valley,1043,2,888,TRESPASSING,2004 1822 1266 1420 1402 2028,0,M,O,502,"MULTI-UNIT DWELLING (APARTMENT, DUPLEX, ETC)",,,AA,Adult Arrest,888,,,18600    HATTERAS                     ST,34.1772,-118.5395,2020.0,8.0,14.0,4.0,0.0,3.0,0,19,50,Evening
1032,200506070,02/18/2020 12:00:00 AM,02/17/2020 12:00:00 AM,1600,5,Harbor,509,1,480,BIKE - STOLEN,0344 0397,32,F,A,108,PARKING LOT,,,IC,Invest Cont,480,,,24900    FRAMPTON                     AV,33.8016,-118.3042,2020.0,2.0,17.0,0.0,0.0,1.0,0,16,0,Afternoon
1033,200217941,11/28/2020 12:00:00 AM,11/28/2020 12:00:00 AM,1615,2,Rampart,249,2,624,BATTERY - SIMPLE ASSAULT,0447 0209 1278 1310 1822,56,M,O,101,STREET,500.0,UNKNOWN WEAPON/OTHER WEAPON,IC,Invest Cont,624,,,600    ST PAUL                      AV,34.0542,-118.2611,2020.0,11.0,28.0,5.0,0.0,4.0,1,16,15,Afternoon
1037,200515571,10/20/2020 12:00:00 AM,10/19/2020 12:00:00 AM,1445,5,Harbor,521,1,470,TILL TAP - GRAND THEFT ($950.01 & OVER),0315 0344 1236 0325 0352 1221 0104 0202 0380,0,M,O,203,OTHER BUSINESS,,,IC,Invest Cont,470,,,2100 N  GAFFEY                       ST,33.7639,-118.2934,2020.0,10.0,19.0,0.0,0.0,4.0,0,14,45,Afternoon
1039,201106428,02/24/2020 12:00:00 AM,02/21/2020 12:00:00 AM,1145,11,Northeast,1141,2,354,THEFT OF IDENTITY,0929 1822,32,M,B,501,SINGLE FAMILY DWELLING,,,IC,Invest Cont,354,,,1700 N  KENMORE                      AV,34.1018,-118.2972,2020.0,2.0,21.0,4.0,0.0,1.0,0,11,45,Morning
1040,201218494,08/13/2020 12:00:00 AM,08/13/2020 12:00:00 AM,2050,12,77th Street,1213,2,930,CRIMINAL THREATS - NO WEAPON DISPLAYED,0913 0400 0443 1814,35,M,B,501,SINGLE FAMILY DWELLING,511.0,VERBAL THREAT,IC,Invest Cont,930,,,5500 S  MANHATTAN                    PL,33.9916,-118.3102,2020.0,8.0,13.0,3.0,0.0,3.0,0,20,50,Evening
1041,200318863,10/14/2020 12:00:00 AM,10/14/2020 12:00:00 AM,1630,3,Southwest,397,2,624,BATTERY - SIMPLE ASSAULT,1822 0416 0446 1202,60,M,B,301,GAS STATION,400.0,"STRONG-ARM (HANDS, FIST, FEET OR BODILY FORCE)",IC,Invest Cont,624,,,1400 W  MARTIN LUTHER KING JR        BL,34.0109,-118.3007,2020.0,10.0,14.0,2.0,0.0,4.0,0,16,30,Afternoon
1043,200707725,03/25/2020 12:00:00 AM,03/22/2020 12:00:00 AM,2000,7,Wilshire,701,1,330,BURGLARY FROM VEHICLE,0344 1300,39,M,B,502,"MULTI-UNIT DWELLING (APARTMENT, DUPLEX, ETC)",,,IC,Invest Cont,330,,,600 N  SWEETZER                     AV,34.082,-118.3703,2020.0,3.0,22.0,6.0,0.0,1.0,1,20,0,Evening
1044,200906746,03-01-2020 00:00,02/20/2020 12:00:00 AM,1800,9,Van Nuys,966,1,331,THEFT FROM MOTOR VEHICLE - GRAND ($950.01 AND OVER),0344 1606,39,M,W,104,DRIVEWAY,,,IC,Invest Cont,331,,,5000    VARNA                        AV,34.1613,-118.4246,2020.0,2.0,20.0,3.0,0.0,1.0,0,18,0,Afternoon
1046,200318361,10-02-2020 00:00,08/19/2020 12:00:00 AM,1500,3,Southwest,373,2,668,"EMBEZZLEMENT, GRAND THEFT ($950.01 & OVER)",929,0,X,X,203,OTHER BUSINESS,,,IC,Invest Cont,668,,,3800    CRENSHAW                     BL,34.017,-118.3349,2020.0,8.0,19.0,2.0,0.0,3.0,0,15,0,Afternoon
1049,200408111,04/23/2020 12:00:00 AM,04/23/2020 12:00:00 AM,300,4,Hollenbeck,417,1,420,THEFT FROM MOTOR VEHICLE - PETTY ($950 & UNDER),344,40,M,H,108,PARKING LOT,,,IC,Invest Cont,420,,,3200    PYRITES                      ST,34.082,-118.1932,2020.0,4.0,23.0,3.0,0.0,2.0,0,3,0,Night
1050,200613330,07/24/2020 12:00:00 AM,07/19/2020 12:00:00 AM,953,6,Hollywood,657,1,341,"THEFT-GRAND ($950.01 & OVER)EXCPT,GUNS,FOWL,LIVESTK,PROD",0344 0394,40,M,C,502,"MULTI-UNIT DWELLING (APARTMENT, DUPLEX, ETC)",,,IC,Invest Cont,341,,,WESTERN,34.0876,-118.3092,2020.0,7.0,19.0,6.0,0.0,3.0,1,9,53,Morning
1051,200710942,06/25/2020 12:00:00 AM,06/25/2020 12:00:00 AM,1040,7,Wilshire,721,2,624,BATTERY - SIMPLE ASSAULT,356,34,M,H,701,HOSPITAL,500.0,UNKNOWN WEAPON/OTHER WEAPON,AO,Adult Other,624,,,8700 W  BEVERLY                      BL,34.0768,-118.3806,2020.0,6.0,25.0,3.0,0.0,2.0,0,10,40,Morning
1052,201300951,08/31/2020 12:00:00 AM,08/31/2020 12:00:00 AM,400,13,Newton,1395,2,740,"VANDALISM - FELONY ($400 & OVER, ALL CHURCH VANDALISMS)",0329 1309 1402,28,F,H,122,"VEHICLE, PASSENGER/TRUCK",,,AA,Adult Arrest,740,998.0,,400 E  GAGE                         AV,33.9825,-118.2673,2020.0,8.0,31.0,0.0,0.0,3.0,0,4,0,Night
1056,200411934,08/19/2020 12:00:00 AM,08/19/2020 12:00:00 AM,1940,4,Hollenbeck,491,2,627,CHILD ABUSE (PHYSICAL) - SIMPLE ASSAULT,1257 0416 0400,0,M,H,203,OTHER BUSINESS,400.0,"STRONG-ARM (HANDS, FIST, FEET OR BODILY FORCE)",IC,Invest Cont,627,,,1300 S  SOTO                         ST,34.0233,-118.2222,2020.0,8.0,19.0,2.0,0.0,3.0,0,19,40,Evening
1058,200506626,03-02-2020 00:00,02/28/2020 12:00:00 AM,1830,5,Harbor,531,1,341,"THEFT-GRAND ($950.01 & OVER)EXCPT,GUNS,FOWL,LIVESTK,PROD",0329 0344 1602,0,M,O,121,YARD (RESIDENTIAL/BUSINESS),,,IC,Invest Cont,341,,,25900    FRAMPTON                     AV,33.7866,-118.3044,2020.0,2.0,28.0,4.0,0.0,1.0,0,18,30,Afternoon
1059,201010396,06/25/2020 12:00:00 AM,06/25/2020 12:00:00 AM,1730,10,West Valley,1008,2,624,BATTERY - SIMPLE ASSAULT,0400 1814 0913 2021,49,F,W,503,HOTEL,400.0,"STRONG-ARM (HANDS, FIST, FEET OR BODILY FORCE)",IC,Invest Cont,624,,,7200    VALJEAN                      AV,34.2077,-118.4912,2020.0,6.0,25.0,3.0,0.0,2.0,0,17,30,Afternoon
1061,201109418,05/16/2020 12:00:00 AM,05/16/2020 12:00:00 AM,645,11,Northeast,1124,2,626,INTIMATE PARTNER - SIMPLE ASSAULT,2000 0913 1813 1821 1241 0400 0448 0416,28,F,H,502,"MULTI-UNIT DWELLING (APARTMENT, DUPLEX, ETC)",400.0,"STRONG-ARM (HANDS, FIST, FEET OR BODILY FORCE)",AA,Adult Arrest,626,,,3100    DREW                         ST,34.1193,-118.2441,2020.0,5.0,16.0,5.0,0.0,2.0,1,6,45,Night
1062,200314706,07/25/2020 12:00:00 AM,07/22/2020 12:00:00 AM,2300,3,Southwest,355,1,420,THEFT FROM MOTOR VEHICLE - PETTY ($950 & UNDER),,0,Unknown,,103,ALLEY,,,IC,Invest Cont,420,,,1700 W  37TH                         DR,34.0194,-118.3093,2020.0,7.0,22.0,2.0,0.0,3.0,0,23,0,Evening
1063,201211598,04/26/2020 12:00:00 AM,04/26/2020 12:00:00 AM,924,12,77th Street,1215,1,442,SHOPLIFTING - PETTY THEFT ($950 & UNDER),1822 0216 0344 1309,0,X,X,202,LIQUOR STORE,,,IC,Invest Cont,442,,,1400 W  54TH                         ST,33.9932,-118.3002,2020.0,4.0,26.0,6.0,0.0,2.0,1,9,24,Morning
1064,201226437,12/14/2020 12:00:00 AM,12/14/2020 12:00:00 AM,1500,12,77th Street,1268,2,626,INTIMATE PARTNER - SIMPLE ASSAULT,2000 1813 0913 2002 0416 0446 0212,33,F,H,501,SINGLE FAMILY DWELLING,400.0,"STRONG-ARM (HANDS, FIST, FEET OR BODILY FORCE)",IC,Invest Cont,626,,,100 E  85TH                         ST,33.961,-118.2739,2020.0,12.0,14.0,0.0,0.0,4.0,0,15,0,Afternoon
1068,201225158,11/23/2020 12:00:00 AM,11/23/2020 12:00:00 AM,2130,12,77th Street,1265,1,761,BRANDISH WEAPON,0334 1813 2000,27,F,H,104,DRIVEWAY,102.0,HAND GUN,AO,Adult Other,761,,,1200 W  84TH                         ST,33.9627,-118.2976,2020.0,11.0,23.0,0.0,0.0,4.0,0,21,30,Evening
1071,200614568,08/27/2020 12:00:00 AM,08/27/2020 12:00:00 AM,205,6,Hollywood,666,1,310,BURGLARY,0344 0349 1822 0394,0,X,X,501,SINGLE FAMILY DWELLING,,,AA,Adult Arrest,310,,,6200    DE LONGPRE                   AV,34.0962,-118.3237,2020.0,8.0,27.0,3.0,0.0,3.0,0,2,5,Night
1073,201225101,11/24/2020 12:00:00 AM,11/24/2020 12:00:00 AM,230,12,77th Street,1283,2,626,INTIMATE PARTNER - SIMPLE ASSAULT,2000 0416 1814 0913,62,F,B,501,SINGLE FAMILY DWELLING,400.0,"STRONG-ARM (HANDS, FIST, FEET OR BODILY FORCE)",IC,Invest Cont,626,,,9500 S  WESTERN                      AV,33.9507,-118.309,2020.0,11.0,24.0,1.0,0.0,4.0,0,2,30,Night
1074,200307803,03-03-2020 00:00,02/15/2020 12:00:00 AM,1800,3,Southwest,358,1,480,BIKE - STOLEN,0344 1251,19,M,A,722,COLLEGE/JUNIOR COLLEGE/UNIVERSITY,,,IC,Invest Cont,480,,,600 W  MCCARTHY                     WY,34.021,-118.2823,2020.0,2.0,15.0,5.0,0.0,1.0,1,18,0,Afternoon
1075,200314689,07/24/2020 12:00:00 AM,07/24/2020 12:00:00 AM,930,3,Southwest,341,1,330,BURGLARY FROM VEHICLE,0329 0344 0377 1300 1602,32,F,B,101,STREET,,,IC,Invest Cont,330,,,JEFFERSON                    BL,34.0212,-118.3781,2020.0,7.0,24.0,4.0,0.0,3.0,0,9,30,Morning
1076,200904951,01/23/2020 12:00:00 AM,01/22/2020 12:00:00 AM,2030,9,Van Nuys,941,1,510,VEHICLE - STOLEN,,0,Unknown,,101,STREET,,,IC,Invest Cont,510,,,5600    HALBRENT                     AV,34.1745,-118.465,2020.0,1.0,22.0,2.0,0.0,1.0,0,20,30,Evening
1079,200408198,04/25/2020 12:00:00 AM,04/25/2020 12:00:00 AM,2150,4,Hollenbeck,445,2,745,VANDALISM - MISDEAMEANOR ($399 OR UNDER),329,54,M,H,108,PARKING LOT,,,AO,Adult Other,745,,,2000    MARENGO                      ST,34.057,-118.2082,2020.0,4.0,25.0,5.0,0.0,2.0,1,21,50,Evening
1082,200115212,07/22/2020 12:00:00 AM,04/20/2020 12:00:00 AM,1200,1,Central,163,1,480,BIKE - STOLEN,0397 1602 1601 0344 1822,34,M,W,502,"MULTI-UNIT DWELLING (APARTMENT, DUPLEX, ETC)",,,IC,Invest Cont,480,,,700 S  SPRING                       ST,34.0438,-118.2547,2020.0,4.0,20.0,0.0,0.0,2.0,0,12,0,Morning
1084,200305846,01/31/2020 12:00:00 AM,01/31/2020 12:00:00 AM,1100,3,Southwest,363,1,442,SHOPLIFTING - PETTY THEFT ($950 & UNDER),0325 0104,19,X,X,408,AUTO SUPPLY STORE*,,,IC,Invest Cont,442,,,4000    MARTIN LUTHER KING JR        BL,34.0151,-118.3422,2020.0,1.0,31.0,4.0,0.0,1.0,0,11,0,Morning
1085,200215138,09/17/2020 12:00:00 AM,07/13/2020 12:00:00 AM,800,2,Rampart,246,1,331,THEFT FROM MOTOR VEHICLE - GRAND ($950.01 AND OVER),0344 1300 1402,31,M,H,122,"VEHICLE, PASSENGER/TRUCK",,,IC,Invest Cont,331,998.0,,1900 W  3RD                          ST,34.0619,-118.2702,2020.0,7.0,13.0,0.0,0.0,3.0,0,8,0,Morning
1087,201016206,12/16/2020 12:00:00 AM,12/14/2020 12:00:00 AM,1540,10,West Valley,1088,1,440,THEFT PLAIN - PETTY ($950 & UNDER),1822 0394 0344 1202,61,M,W,232,"DELIVERY SERVICE (FED EX, UPS, COURIERS,COURIER SERVICE)*",,,IC,Invest Cont,440,,,16300    VENTURA                      BL,34.157,-118.488,2020.0,12.0,14.0,0.0,0.0,4.0,0,15,40,Afternoon
1088,201015631,11/30/2020 12:00:00 AM,11/30/2020 12:00:00 AM,315,10,West Valley,1007,2,354,THEFT OF IDENTITY,1822 0930 0929,0,F,W,501,SINGLE FAMILY DWELLING,,,IC,Invest Cont,354,,,7900    WISH                         AV,34.2139,-118.5063,2020.0,11.0,30.0,0.0,0.0,4.0,0,3,15,Night
1089,200408874,05/13/2020 12:00:00 AM,05/13/2020 12:00:00 AM,630,4,Hollenbeck,464,2,626,INTIMATE PARTNER - SIMPLE ASSAULT,2000 1814 0913 0448 0429 0401,29,M,B,505,MOTEL,400.0,"STRONG-ARM (HANDS, FIST, FEET OR BODILY FORCE)",IC,Invest Cont,626,,,200 N  SOTO                         ST,34.0445,-118.2116,2020.0,5.0,13.0,2.0,0.0,2.0,0,6,30,Night
1090,200105240,01/18/2020 12:00:00 AM,01/16/2020 12:00:00 AM,1900,1,Central,139,1,330,BURGLARY FROM VEHICLE,0344 0329 1612 1822 1202,61,M,W,123,PARKING UNDERGROUND/BUILDING,,,IC,Invest Cont,330,,,300 S  SANTA FE                     AV,34.046,-118.2326,2020.0,1.0,16.0,3.0,0.0,1.0,0,19,0,Evening
1092,200611617,06/21/2020 12:00:00 AM,06/20/2020 12:00:00 AM,1200,6,Hollywood,642,1,420,THEFT FROM MOTOR VEHICLE - PETTY ($950 & UNDER),,0,Unknown,,101,STREET,,,IC,Invest Cont,420,,,7800 W  SUNSET                       BL,34.0981,-118.3594,2020.0,6.0,20.0,5.0,0.0,2.0,1,12,0,Morning
1095,200210296,05/17/2020 12:00:00 AM,05/16/2020 12:00:00 AM,2300,2,Rampart,205,2,930,CRIMINAL THREATS - NO WEAPON DISPLAYED,0913 2000 1814 1309 0432 0421 0422 1235,30,M,B,502,"MULTI-UNIT DWELLING (APARTMENT, DUPLEX, ETC)",511.0,VERBAL THREAT,AO,Adult Other,930,,,900 N  VENDOME                      ST,34.0825,-118.2753,2020.0,5.0,16.0,5.0,0.0,2.0,1,23,0,Evening
1096,200506397,02/26/2020 12:00:00 AM,02/25/2020 12:00:00 AM,1730,5,Harbor,566,1,510,VEHICLE - STOLEN,,0,Unknown,,101,STREET,,,IC,Invest Cont,510,,,200 W  14TH                         ST,33.7315,-118.2814,2020.0,2.0,25.0,1.0,0.0,1.0,0,17,30,Afternoon
1099,200806296,02/20/2020 12:00:00 AM,02/19/2020 12:00:00 AM,1830,8,West LA,834,1,331,THEFT FROM MOTOR VEHICLE - GRAND ($950.01 AND OVER),0344 0385 1822,36,M,W,101,STREET,,,IC,Invest Cont,331,,,10600    WELLWORTH                    AV,34.0598,-118.4327,2020.0,2.0,19.0,2.0,0.0,1.0,0,18,30,Afternoon
1100,200616082,09/30/2020 12:00:00 AM,09/29/2020 12:00:00 AM,1500,6,Hollywood,656,2,664,"BUNCO, PETTY THEFT",0701 1822,38,F,O,501,SINGLE FAMILY DWELLING,,,IC,Invest Cont,664,,,5900    BARTON                       AV,34.088,-118.3223,2020.0,9.0,29.0,1.0,0.0,3.0,0,15,0,Afternoon
1101,200410780,07/15/2020 12:00:00 AM,07/14/2020 12:00:00 AM,2245,4,Hollenbeck,479,1,210,ROBBERY,1822 0334 0916 0302 0337 0344,32,M,H,101,STREET,102.0,HAND GUN,IC,Invest Cont,210,,,3500    ATLANTIC                     ST,34.0234,-118.1999,2020.0,7.0,14.0,1.0,0.0,3.0,0,22,45,Evening
1102,201006289,02/21/2020 12:00:00 AM,02/20/2020 12:00:00 AM,2100,10,West Valley,1024,1,330,BURGLARY FROM VEHICLE,1822 0344 1300 1609,34,M,H,101,STREET,,,IC,Invest Cont,330,,,18500    GAULT                        ST,34.1993,-118.536,2020.0,2.0,20.0,3.0,0.0,1.0,0,21,0,Evening
1103,200911573,06/25/2020 12:00:00 AM,06/21/2020 12:00:00 AM,2315,9,Van Nuys,909,1,330,BURGLARY FROM VEHICLE,0344 1300,66,M,H,123,PARKING UNDERGROUND/BUILDING,,,IC,Invest Cont,330,,,7300    WOODMAN                      AV,34.2031,-118.4313,2020.0,6.0,21.0,6.0,0.0,2.0,1,23,15,Evening
1104,200412210,08/27/2020 12:00:00 AM,08/27/2020 12:00:00 AM,1330,4,Hollenbeck,448,2,626,INTIMATE PARTNER - SIMPLE ASSAULT,2000 1814 0913 1243 0400 0444 0429,44,F,H,504,OTHER RESIDENCE,400.0,"STRONG-ARM (HANDS, FIST, FEET OR BODILY FORCE)",IC,Invest Cont,626,,,1200 N  SOTO                         ST,34.0567,-118.2016,2020.0,8.0,27.0,3.0,0.0,3.0,0,13,30,Afternoon
1107,200316010,08/19/2020 12:00:00 AM,08/19/2020 12:00:00 AM,1100,3,Southwest,356,1,761,BRANDISH WEAPON,1822 0202 0378 0334 0421 2052 2050 0910 2048,58,M,W,946,MTA - EXPO LINE - EXPO/WESTERN,204.0,FOLDING KNIFE,IC,Invest Cont,761,930.0,,1500    EXPOSITION                   BL,34.0219,-118.3045,2020.0,8.0,19.0,2.0,0.0,3.0,0,11,0,Morning
1111,200914981,09/21/2020 12:00:00 AM,09/21/2020 12:00:00 AM,1220,9,Van Nuys,984,1,442,SHOPLIFTING - PETTY THEFT ($950 & UNDER),0325 1420,27,F,H,242,"DISCOUNT STORE (99 CENT,DOLLAR,ETC.",,,IC,Invest Cont,442,,,14700 W  VENTURA                      BL,34.1517,-118.4534,2020.0,9.0,21.0,0.0,0.0,3.0,0,12,20,Morning
1113,200413970,10/18/2020 12:00:00 AM,10/18/2020 12:00:00 AM,2000,4,Hollenbeck,459,1,510,VEHICLE - STOLEN,,0,Unknown,,108,PARKING LOT,,,IC,Invest Cont,510,,,400 N  FRESNO                       ST,34.0418,-118.1964,2020.0,10.0,18.0,6.0,0.0,4.0,1,20,0,Evening
1114,201305418,01/25/2020 12:00:00 AM,01/25/2020 12:00:00 AM,2330,13,Newton,1377,2,626,INTIMATE PARTNER - SIMPLE ASSAULT,2000 0913 0419 0400,29,F,H,501,SINGLE FAMILY DWELLING,400.0,"STRONG-ARM (HANDS, FIST, FEET OR BODILY FORCE)",IC,Invest Cont,626,,,5700    DUARTE                       ST,33.9907,-118.2422,2020.0,1.0,25.0,5.0,0.0,1.0,1,23,30,Evening
1115,200105663,01/25/2020 12:00:00 AM,01/24/2020 12:00:00 AM,2215,1,Central,191,1,330,BURGLARY FROM VEHICLE,1609 0344 1307 1822 0329 1266,23,F,W,108,PARKING LOT,,,IC,Invest Cont,330,,,FIGUEROA,34.0374,-118.2701,2020.0,1.0,24.0,4.0,0.0,1.0,0,22,15,Evening
1117,200311662,05/21/2020 12:00:00 AM,05/21/2020 12:00:00 AM,641,3,Southwest,393,1,230,"ASSAULT WITH DEADLY WEAPON, AGGRAVATED ASSAULT",1309 1822 0334 0445 2004 1218 2033,46,F,B,101,STREET,204.0,FOLDING KNIFE,IC,Invest Cont,230,,,11TH                         AV,34.0044,-118.3294,2020.0,5.0,21.0,3.0,0.0,2.0,0,6,41,Night
1118,200618506,11/24/2020 12:00:00 AM,11/22/2020 12:00:00 AM,1200,6,Hollywood,647,1,341,"THEFT-GRAND ($950.01 & OVER)EXCPT,GUNS,FOWL,LIVESTK,PROD",1822 0344,56,M,W,502,"MULTI-UNIT DWELLING (APARTMENT, DUPLEX, ETC)",,,IC,Invest Cont,341,,,5800 W  SUNSET                       BL,34.0998,-118.3211,2020.0,11.0,22.0,6.0,0.0,4.0,1,12,0,Morning
1119,200118281,09/20/2020 12:00:00 AM,09/20/2020 12:00:00 AM,2130,1,Central,164,2,624,BATTERY - SIMPLE ASSAULT,0444 0429 0417 1822 1202 1218,50,F,W,102,SIDEWALK,400.0,"STRONG-ARM (HANDS, FIST, FEET OR BODILY FORCE)",IC,Invest Cont,624,,,600 S  SPRING                       ST,34.0445,-118.2523,2020.0,9.0,20.0,6.0,0.0,3.0,1,21,30,Evening
1122,200313451,06/29/2020 12:00:00 AM,06/28/2020 12:00:00 AM,100,3,Southwest,353,1,330,BURGLARY FROM VEHICLE,1601 0344 1822 1300,45,F,B,707,GARAGE/CARPORT,,,IC,Invest Cont,330,,,3600 S  VICTORIA                     AV,34.022,-118.3364,2020.0,6.0,28.0,6.0,0.0,2.0,1,1,0,Night
1123,201207355,02/18/2020 12:00:00 AM,02/18/2020 12:00:00 AM,140,12,77th Street,1249,2,625,OTHER ASSAULT,0400 0416 0913 2004,21,F,B,101,STREET,400.0,"STRONG-ARM (HANDS, FIST, FEET OR BODILY FORCE)",IC,Invest Cont,625,,,FLOWER                       ST,33.9747,-118.2812,2020.0,2.0,18.0,1.0,0.0,1.0,0,1,40,Night
1124,200814536,09/25/2020 12:00:00 AM,09/22/2020 12:00:00 AM,1700,8,West LA,885,2,354,THEFT OF IDENTITY,1822 0100,69,M,W,727,SHOPPING MALL (COMMON AREA),,,IC,Invest Cont,354,,,3000    MANNING                      AV,34.0354,-118.4136,2020.0,9.0,22.0,1.0,0.0,3.0,0,17,0,Afternoon
1125,200114029,06/27/2020 12:00:00 AM,06/27/2020 12:00:00 AM,1510,1,Central,145,2,624,BATTERY - SIMPLE ASSAULT,0416 1822,35,M,W,102,SIDEWALK,400.0,"STRONG-ARM (HANDS, FIST, FEET OR BODILY FORCE)",IC,Invest Cont,624,,,100 E  5TH                          ST,34.0471,-118.2474,2020.0,6.0,27.0,5.0,0.0,2.0,1,15,10,Afternoon
1126,200404663,01/18/2020 12:00:00 AM,01/18/2020 12:00:00 AM,1,4,Hollenbeck,473,1,420,THEFT FROM MOTOR VEHICLE - PETTY ($950 & UNDER),,0,Unknown,,101,STREET,,,IC,Invest Cont,420,,,700 S  SOTO                         ST,34.0376,-118.2166,2020.0,1.0,18.0,5.0,0.0,1.0,1,0,1,Night
1127,200116947,08/25/2020 12:00:00 AM,08/25/2020 12:00:00 AM,1530,1,Central,164,2,624,BATTERY - SIMPLE ASSAULT,0429 0416 1822,23,F,W,101,STREET,400.0,"STRONG-ARM (HANDS, FIST, FEET OR BODILY FORCE)",AO,Adult Other,624,,,LOS ANGELES                  ST,34.0439,-118.2497,2020.0,8.0,25.0,1.0,0.0,3.0,0,15,30,Afternoon
1128,201305529,01/28/2020 12:00:00 AM,01/28/2020 12:00:00 AM,1720,13,Newton,1371,2,624,BATTERY - SIMPLE ASSAULT,1822 0447 0910,32,F,B,801,MTA BUS,500.0,UNKNOWN WEAPON/OTHER WEAPON,IC,Invest Cont,624,,,SLAUSON                      AV,33.9892,-118.2783,2020.0,1.0,28.0,1.0,0.0,1.0,0,17,20,Afternoon
1133,200105212,01/17/2020 12:00:00 AM,01/14/2020 12:00:00 AM,2000,1,Central,138,1,330,BURGLARY FROM VEHICLE,0344 1607,68,F,W,727,SHOPPING MALL (COMMON AREA),,,IC,Invest Cont,330,,,400 E  2ND                          ST,34.0477,-118.2393,2020.0,1.0,14.0,1.0,0.0,1.0,0,20,0,Evening
1134,200206498,02/20/2020 12:00:00 AM,02/19/2020 12:00:00 AM,1730,2,Rampart,249,1,330,BURGLARY FROM VEHICLE,0344 0329 1307 1609,51,M,H,101,STREET,,,IC,Invest Cont,330,,,BIXEL,34.0558,-118.2609,2020.0,2.0,19.0,2.0,0.0,1.0,0,17,30,Afternoon
1135,200510802,06/19/2020 12:00:00 AM,06/19/2020 12:00:00 AM,510,5,Harbor,585,1,648,ARSON,329,63,F,W,501,SINGLE FAMILY DWELLING,,,IC,Invest Cont,648,740.0,,1800 S  GRAND                        AV,33.7274,-118.2902,2020.0,6.0,19.0,4.0,0.0,2.0,0,5,10,Night
1137,200705664,02-04-2020 00:00,01/20/2020 12:00:00 AM,800,7,Wilshire,734,2,354,THEFT OF IDENTITY,0377 1822 0929,50,F,O,502,"MULTI-UNIT DWELLING (APARTMENT, DUPLEX, ETC)",,,IC,Invest Cont,354,,,400 S  CURSON                       AV,34.0691,-118.3552,2020.0,1.0,20.0,0.0,0.0,1.0,0,8,0,Morning
1138,200604631,01/14/2020 12:00:00 AM,01/14/2020 12:00:00 AM,2210,6,Hollywood,646,1,210,ROBBERY,1402 0325 0601 0104 0400 0444 0945 1822,0,X,X,405,CLOTHING STORE,400.0,"STRONG-ARM (HANDS, FIST, FEET OR BODILY FORCE)",AO,Adult Other,210,998.0,,1500 N  CAHUENGA                     BL,34.098,-118.3295,2020.0,1.0,14.0,1.0,0.0,1.0,0,22,10,Evening
1139,200905028,01/24/2020 12:00:00 AM,01/23/2020 12:00:00 AM,1800,9,Van Nuys,915,1,420,THEFT FROM MOTOR VEHICLE - PETTY ($950 & UNDER),0344 1606,31,M,H,101,STREET,,,IC,Invest Cont,420,,,VANOWEN                      ST,34.1939,-118.44,2020.0,1.0,23.0,3.0,0.0,1.0,0,18,0,Afternoon
1141,200107120,02/14/2020 12:00:00 AM,01/21/2020 12:00:00 AM,845,1,Central,162,1,440,THEFT PLAIN - PETTY ($950 & UNDER),1202 1822 2032 0344 2005,71,F,W,406,OTHER STORE,,,IC,Invest Cont,440,,,600 W  7TH                          ST,34.0473,-118.2566,2020.0,1.0,21.0,1.0,0.0,1.0,0,8,45,Morning
1142,200609022,04/13/2020 12:00:00 AM,04/13/2020 12:00:00 AM,1000,6,Hollywood,663,2,624,BATTERY - SIMPLE ASSAULT,0400 0416 0603 1822,44,F,O,502,"MULTI-UNIT DWELLING (APARTMENT, DUPLEX, ETC)",400.0,"STRONG-ARM (HANDS, FIST, FEET OR BODILY FORCE)",AO,Adult Other,624,,,1200 N  MC CADDEN                    PL,34.0932,-118.3375,2020.0,4.0,13.0,0.0,0.0,2.0,0,10,0,Morning
1143,200906313,02/21/2020 12:00:00 AM,02/20/2020 12:00:00 AM,2200,9,Van Nuys,901,1,510,VEHICLE - STOLEN,,0,Unknown,,101,STREET,,,IC,Invest Cont,510,,,15500    SHERMAN                      WY,34.2085,-118.4698,2020.0,2.0,20.0,3.0,0.0,1.0,0,22,0,Evening
1145,200405027,01/22/2020 12:00:00 AM,01/21/2020 12:00:00 AM,1000,4,Hollenbeck,412,1,341,"THEFT-GRAND ($950.01 & OVER)EXCPT,GUNS,FOWL,LIVESTK,PROD",0344 0701 1822 1202,82,M,H,504,OTHER RESIDENCE,,,IC,Invest Cont,341,,,3000    PASADENA                     AV,34.0762,-118.2167,2020.0,1.0,21.0,1.0,0.0,1.0,0,10,0,Morning
1149,200812213,07/23/2020 12:00:00 AM,06/22/2020 12:00:00 AM,2005,8,West LA,898,2,956,"LETTERS, LEWD  -  TELEPHONE CALLS, LEWD",913,42,F,W,501,SINGLE FAMILY DWELLING,,,AO,Adult Other,956,,,2800 S  BEDFORD                      ST,34.0346,-118.3857,2020.0,6.0,22.0,0.0,0.0,2.0,0,20,5,Evening
1150,201005385,02-02-2020 00:00,01/25/2020 12:00:00 AM,900,10,West Valley,1033,2,649,DOCUMENT FORGERY / STOLEN FELONY,0800 1822 1915,50,F,W,501,SINGLE FAMILY DWELLING,,,IC,Invest Cont,649,,,6100    TOPHAM REGENCY               LN,34.1806,-118.5432,2020.0,1.0,25.0,5.0,0.0,1.0,1,9,0,Morning
1151,200706765,02/29/2020 12:00:00 AM,02/28/2020 12:00:00 AM,1730,7,Wilshire,765,2,740,"VANDALISM - FELONY ($400 & OVER, ALL CHURCH VANDALISMS)",0329 1300 1309 1609,41,F,H,108,PARKING LOT,,,IC,Invest Cont,740,,,4700 W  PICO                         BL,34.0486,-118.3385,2020.0,2.0,28.0,4.0,0.0,1.0,0,17,30,Afternoon
1154,200408949,05/18/2020 12:00:00 AM,05/17/2020 12:00:00 AM,1800,4,Hollenbeck,409,2,354,THEFT OF IDENTITY,,66,M,C,502,"MULTI-UNIT DWELLING (APARTMENT, DUPLEX, ETC)",,,IC,Invest Cont,354,,,4300    LOWELL                       AV,34.0938,-118.1624,2020.0,5.0,17.0,6.0,0.0,2.0,1,18,0,Afternoon
1155,200814504,09/24/2020 12:00:00 AM,06/15/2020 12:00:00 AM,5,8,West LA,824,2,354,THEFT OF IDENTITY,1822 0100 0930,57,F,W,501,SINGLE FAMILY DWELLING,,,IC,Invest Cont,354,,,600    SAN LORENZO                  ST,34.0344,-118.5094,2020.0,6.0,15.0,0.0,0.0,2.0,0,0,5,Night
1156,200708527,04/22/2020 12:00:00 AM,04/22/2020 12:00:00 AM,1939,7,Wilshire,715,2,740,"VANDALISM - FELONY ($400 & OVER, ALL CHURCH VANDALISMS)",329,19,M,O,102,SIDEWALK,,,IC,Invest Cont,740,,,400 N  LA BREA                      AV,34.0782,-118.3463,2020.0,4.0,22.0,2.0,0.0,2.0,0,19,39,Evening
1158,200805392,01/31/2020 12:00:00 AM,01/25/2020 12:00:00 AM,1600,8,West LA,852,2,860,BATTERY WITH SEXUAL CONTACT,1822 0522 0551,26,F,A,404,DEPARTMENT STORE,400.0,"STRONG-ARM (HANDS, FIST, FEET OR BODILY FORCE)",AA,Adult Arrest,860,,,11800    SANTA MONICA                 BL,34.0427,-118.4585,2020.0,1.0,25.0,5.0,0.0,1.0,1,16,0,Afternoon
1160,201306730,02/18/2020 12:00:00 AM,02/18/2020 12:00:00 AM,1750,13,Newton,1375,1,761,BRANDISH WEAPON,2000 1814 0444 0446 0408 0334 0913,24,F,H,501,SINGLE FAMILY DWELLING,200.0,KNIFE WITH BLADE 6INCHES OR LESS,IC,Invest Cont,626,761.0,,1300 E  55TH                         ST,33.993,-118.2521,2020.0,2.0,18.0,1.0,0.0,1.0,0,17,50,Afternoon
1161,200210574,05/24/2020 12:00:00 AM,05/24/2020 12:00:00 AM,830,2,Rampart,215,1,230,"ASSAULT WITH DEADLY WEAPON, AGGRAVATED ASSAULT",2004 1218 0416 0305 0913 1817,41,M,H,158,TRANSIENT ENCAMPMENT,114.0,AIR PISTOL/REVOLVER/RIFLE/BB GUN,AO,Adult Other,230,,,SILVER LAKE                  BL,34.0772,-118.2818,2020.0,5.0,24.0,6.0,0.0,2.0,1,8,30,Morning
1162,200810621,06/14/2020 12:00:00 AM,06/14/2020 12:00:00 AM,1855,8,West LA,857,1,442,SHOPLIFTING - PETTY THEFT ($950 & UNDER),0344 2004 0325 0104 1822 2028,0,X,X,402,MARKET,,,IC,Invest Cont,442,,,9600 W  PICO                         BL,34.0552,-118.3979,2020.0,6.0,14.0,6.0,0.0,2.0,1,18,55,Afternoon
1163,201218536,08/14/2020 12:00:00 AM,08/14/2020 12:00:00 AM,1445,12,77th Street,1239,2,624,BATTERY - SIMPLE ASSAULT,1822 0416,44,M,H,102,SIDEWALK,400.0,"STRONG-ARM (HANDS, FIST, FEET OR BODILY FORCE)",IC,Invest Cont,624,,,SLAUSON                      AV,33.9891,-118.2915,2020.0,8.0,14.0,4.0,0.0,3.0,0,14,45,Afternoon
1164,200900955,12/25/2020 12:00:00 AM,12/24/2020 12:00:00 AM,2045,9,Van Nuys,904,1,230,"ASSAULT WITH DEADLY WEAPON, AGGRAVATED ASSAULT",1402 0411 1218 0913 0360 0334 1401 1414,35,M,H,502,"MULTI-UNIT DWELLING (APARTMENT, DUPLEX, ETC)",204.0,FOLDING KNIFE,AA,Adult Arrest,230,998.0,,14500    SATICOY                      ST,34.2084,-118.4599,2020.0,12.0,24.0,3.0,0.0,4.0,0,20,45,Evening
1166,200105947,01/29/2020 12:00:00 AM,01/28/2020 12:00:00 AM,1730,1,Central,159,1,510,VEHICLE - STOLEN,,0,Unknown,,101,STREET,,,IC,Invest Cont,510,,,1800    INDUSTRIAL                   ST,34.0359,-118.2344,2020.0,1.0,28.0,1.0,0.0,1.0,0,17,30,Afternoon
1167,201209460,03/20/2020 12:00:00 AM,03/20/2020 12:00:00 AM,430,12,77th Street,1232,2,626,INTIMATE PARTNER - SIMPLE ASSAULT,2000 0913 0447 0416 0400 1814,48,F,B,501,SINGLE FAMILY DWELLING,302.0,BLUNT INSTRUMENT,IC,Invest Cont,626,,,5800    MADDEN                       AV,33.9891,-118.3255,2020.0,3.0,20.0,4.0,0.0,1.0,0,4,30,Night
1168,200315977,08/18/2020 12:00:00 AM,08/18/2020 12:00:00 AM,2300,3,Southwest,353,2,740,"VANDALISM - FELONY ($400 & OVER, ALL CHURCH VANDALISMS)",1300 0329,19,X,X,122,"VEHICLE, PASSENGER/TRUCK",,,IC,Invest Cont,740,,,3500    FARMDALE                     AV,34.0237,-118.3461,2020.0,8.0,18.0,1.0,0.0,3.0,0,23,0,Evening
1169,200706332,02/19/2020 12:00:00 AM,02/13/2020 12:00:00 AM,2200,7,Wilshire,734,1,510,VEHICLE - STOLEN,,0,Unknown,,104,DRIVEWAY,,,IC,Invest Cont,510,,,5700 W  6TH                          ST,34.0677,-118.3548,2020.0,2.0,13.0,3.0,0.0,1.0,0,22,0,Evening
1170,200211811,06/26/2020 12:00:00 AM,06/26/2020 12:00:00 AM,430,2,Rampart,291,1,210,ROBBERY,0344 0325 0104 0444 0400 1822 0945,0,X,X,210,RESTAURANT/FAST FOOD,400.0,"STRONG-ARM (HANDS, FIST, FEET OR BODILY FORCE)",IC,Invest Cont,210,,,1600 S  HOOVER                       ST,34.0433,-118.2841,2020.0,6.0,26.0,4.0,0.0,2.0,0,4,30,Night
1173,200900691,04/21/2020 12:00:00 AM,04/21/2020 12:00:00 AM,30,9,Van Nuys,901,2,626,INTIMATE PARTNER - SIMPLE ASSAULT,2000 0416 1402,54,F,W,502,"MULTI-UNIT DWELLING (APARTMENT, DUPLEX, ETC)",400.0,"STRONG-ARM (HANDS, FIST, FEET OR BODILY FORCE)",AA,Adult Arrest,626,998.0,,7500    ZOMBAR                       AV,34.2066,-118.4673,2020.0,4.0,21.0,1.0,0.0,2.0,0,0,30,Night
1175,201111997,07/30/2020 12:00:00 AM,07/29/2020 12:00:00 AM,2220,11,Northeast,1147,2,626,INTIMATE PARTNER - SIMPLE ASSAULT,2000 0913 1814,55,M,H,501,SINGLE FAMILY DWELLING,400.0,"STRONG-ARM (HANDS, FIST, FEET OR BODILY FORCE)",AO,Adult Other,626,,,2900    DIVISION                     ST,34.1027,-118.2363,2020.0,7.0,29.0,2.0,0.0,3.0,0,22,20,Evening
1178,200705431,01/31/2020 12:00:00 AM,01/30/2020 12:00:00 AM,2340,7,Wilshire,782,2,627,CHILD ABUSE (PHYSICAL) - SIMPLE ASSAULT,444,16,M,W,406,OTHER STORE,400.0,"STRONG-ARM (HANDS, FIST, FEET OR BODILY FORCE)",AO,Adult Other,627,,,1900 S  LA CIENEGA                   BL,34.0426,-118.3764,2020.0,1.0,30.0,3.0,0.0,1.0,0,23,40,Evening
1179,200207335,02/15/2020 12:00:00 AM,02/15/2020 12:00:00 AM,1730,2,Rampart,246,2,626,INTIMATE PARTNER - SIMPLE ASSAULT,0913 2000 0910 0416 1206 2033 1814,18,M,H,904,MTA - RED LINE - WESTLAKE/MACARTHUR PARK,400.0,"STRONG-ARM (HANDS, FIST, FEET OR BODILY FORCE)",IC,Invest Cont,626,,,600 S  ALVARADO                     ST,34.0596,-118.2749,2020.0,2.0,15.0,5.0,0.0,1.0,1,17,30,Afternoon
1181,200413050,09/22/2020 12:00:00 AM,09/22/2020 12:00:00 AM,900,4,Hollenbeck,478,2,624,BATTERY - SIMPLE ASSAULT,0913 0416,45,F,W,504,OTHER RESIDENCE,400.0,"STRONG-ARM (HANDS, FIST, FEET OR BODILY FORCE)",IC,Invest Cont,624,,,3400    PERCY                        ST,34.0277,-118.1979,2020.0,9.0,22.0,1.0,0.0,3.0,0,9,0,Morning
1182,201219428,08/27/2020 12:00:00 AM,08/27/2020 12:00:00 AM,10,12,77th Street,1218,1,251,SHOTS FIRED AT INHABITED DWELLING,0450 1822 0906,64,M,H,401,MINI-MART,106.0,UNKNOWN FIREARM,IC,Invest Cont,251,,,5400 S  FIGUEROA                     ST,33.9923,-118.287,2020.0,8.0,27.0,3.0,0.0,3.0,0,0,10,Night
1183,200206499,02/19/2020 12:00:00 AM,02/19/2020 12:00:00 AM,1200,2,Rampart,236,1,330,BURGLARY FROM VEHICLE,0329 0344 1607,25,M,H,101,STREET,,,IC,Invest Cont,330,,,1700    MIRAMAR                      ST,34.0616,-118.2675,2020.0,2.0,19.0,2.0,0.0,1.0,0,12,0,Morning
1185,200316143,08/22/2020 12:00:00 AM,08/21/2020 12:00:00 AM,2000,3,Southwest,395,2,740,"VANDALISM - FELONY ($400 & OVER, ALL CHURCH VANDALISMS)",0329 1300 1822,52,F,B,122,"VEHICLE, PASSENGER/TRUCK",,,IC,Invest Cont,740,,,1700 W  43RD                         ST,34.0055,-118.3095,2020.0,8.0,21.0,4.0,0.0,3.0,0,20,0,Evening
1186,200204647,01/14/2020 12:00:00 AM,01/13/2020 12:00:00 AM,1155,2,Rampart,265,1,230,"ASSAULT WITH DEADLY WEAPON, AGGRAVATED ASSAULT",1822 0302 0312 1019 0449,53,M,H,102,SIDEWALK,102.0,HAND GUN,IC,Invest Cont,230,,,8TH                          ST,34.0549,-118.2778,2020.0,1.0,13.0,0.0,0.0,1.0,0,11,55,Morning
1188,200510842,06/21/2020 12:00:00 AM,06/21/2020 12:00:00 AM,640,5,Harbor,565,2,888,TRESPASSING,1501 2004,0,X,X,401,MINI-MART,,,AA,Adult Arrest,888,,,800 S  GAFFEY                       ST,33.7366,-118.2923,2020.0,6.0,21.0,6.0,0.0,2.0,1,6,40,Night
1189,200808837,04/29/2020 12:00:00 AM,04/28/2020 12:00:00 AM,1930,8,West LA,835,1,331,THEFT FROM MOTOR VEHICLE - GRAND ($950.01 AND OVER),0344 1606 0202 1420 1822,47,F,O,501,SINGLE FAMILY DWELLING,500.0,UNKNOWN WEAPON/OTHER WEAPON,IC,Invest Cont,331,,,2000    CAMDEN                       AV,34.044,-118.4386,2020.0,4.0,28.0,1.0,0.0,2.0,0,19,30,Evening
1192,200310332,04/24/2020 12:00:00 AM,04/22/2020 12:00:00 AM,1800,3,Southwest,396,1,510,VEHICLE - STOLEN,,0,Unknown,,101,STREET,,,IC,Invest Cont,510,,,800 W  41ST                         ST,34.0092,-118.2872,2020.0,4.0,22.0,2.0,0.0,2.0,0,18,0,Afternoon
1193,201214794,06/15/2020 12:00:00 AM,06/15/2020 12:00:00 AM,600,12,77th Street,1241,1,230,"ASSAULT WITH DEADLY WEAPON, AGGRAVATED ASSAULT",0913 1309 0416,25,F,B,101,STREET,307.0,VEHICLE,AA,Adult Arrest,230,,,66TH                         ST,33.9797,-118.3294,2020.0,6.0,15.0,0.0,0.0,2.0,0,6,0,Night
1195,200918541,12/17/2020 12:00:00 AM,12/17/2020 12:00:00 AM,1000,9,Van Nuys,904,2,625,OTHER ASSAULT,0356 0445,34,M,H,102,SIDEWALK,500.0,UNKNOWN WEAPON/OTHER WEAPON,IC,Invest Cont,625,,,VAN NUYS,34.2085,-118.4488,2020.0,12.0,17.0,3.0,0.0,4.0,0,10,0,Morning
1196,201008140,04/17/2020 12:00:00 AM,04/17/2020 12:00:00 AM,1430,10,West Valley,1035,1,331,THEFT FROM MOTOR VEHICLE - GRAND ($950.01 AND OVER),1822 1606 0344,45,M,W,104,DRIVEWAY,,,IC,Invest Cont,331,,,17900    DUNCAN                       ST,34.1859,-118.5229,2020.0,4.0,17.0,4.0,0.0,2.0,0,14,30,Afternoon
1198,200305050,01/18/2020 12:00:00 AM,01/18/2020 12:00:00 AM,200,3,Southwest,379,2,624,BATTERY - SIMPLE ASSAULT,0342 0444 0416 1810,26,M,H,502,"MULTI-UNIT DWELLING (APARTMENT, DUPLEX, ETC)",400.0,"STRONG-ARM (HANDS, FIST, FEET OR BODILY FORCE)",IC,Invest Cont,624,,,1100 W  MARTIN LUTHER KING           BL,34.0145,-118.2937,2020.0,1.0,18.0,5.0,0.0,1.0,1,2,0,Night
1200,200317339,09/14/2020 12:00:00 AM,09/14/2020 12:00:00 AM,1500,3,Southwest,393,1,341,"THEFT-GRAND ($950.01 & OVER)EXCPT,GUNS,FOWL,LIVESTK,PROD",0344 1822 2032,32,M,B,101,STREET,,,IC,Invest Cont,341,,,LEIMERT                      BL,34.0054,-118.3297,2020.0,9.0,14.0,0.0,0.0,3.0,0,15,0,Afternoon
1202,201007646,03/29/2020 12:00:00 AM,03/28/2020 12:00:00 AM,1800,10,West Valley,1018,2,740,"VANDALISM - FELONY ($400 & OVER, ALL CHURCH VANDALISMS)",0329 1822,0,M,O,501,SINGLE FAMILY DWELLING,,,IC,Invest Cont,740,,,7800    HASKELL                      AV,34.2074,-118.4794,2020.0,3.0,28.0,5.0,0.0,1.0,1,18,0,Afternoon
1203,200100554,01/20/2020 12:00:00 AM,01/20/2020 12:00:00 AM,2205,1,Central,157,1,230,"ASSAULT WITH DEADLY WEAPON, AGGRAVATED ASSAULT",0907 1420 0312 1100 1407 1402 0430 1218 1822,40,F,B,101,STREET,109.0,SEMI-AUTOMATIC PISTOL,IC,Invest Cont,230,998.0,,6TH,34.0412,-118.2436,2020.0,1.0,20.0,0.0,0.0,1.0,0,22,5,Evening
1205,200205512,01/31/2020 12:00:00 AM,01/31/2020 12:00:00 AM,850,2,Rampart,218,2,624,BATTERY - SIMPLE ASSAULT,0444 1820 0913,27,M,W,109,PARK/PLAYGROUND,400.0,"STRONG-ARM (HANDS, FIST, FEET OR BODILY FORCE)",AO,Adult Other,624,,,PARK VIEW,34.0726,-118.2578,2020.0,1.0,31.0,4.0,0.0,1.0,0,8,50,Morning
1206,201306528,02/14/2020 12:00:00 AM,02/14/2020 12:00:00 AM,1900,13,Newton,1363,1,210,ROBBERY,0344 0448 0355 0419 0417 1309 1313 0432 1822 0852,12,F,H,102,SIDEWALK,400.0,"STRONG-ARM (HANDS, FIST, FEET OR BODILY FORCE)",IC,Invest Cont,210,,,AVALON                       BL,33.9966,-118.2652,2020.0,2.0,14.0,4.0,0.0,1.0,0,19,0,Evening
1207,201207376,02/18/2020 12:00:00 AM,02/17/2020 12:00:00 AM,2000,12,77th Street,1218,1,510,VEHICLE - STOLEN,,0,Unknown,,101,STREET,,,IC,Invest Cont,510,,,700 W  56TH                         ST,33.9915,-118.2856,2020.0,2.0,17.0,0.0,0.0,1.0,0,20,0,Evening
1209,200312455,06-09-2020 00:00,05/31/2020 12:00:00 AM,1500,3,Southwest,359,1,510,VEHICLE - STOLEN,,0,Unknown,,108,PARKING LOT,,,IC,Invest Cont,510,,,3500 S  FLOWER                       ST,34.0199,-118.2797,2020.0,5.0,31.0,6.0,0.0,2.0,1,15,0,Afternoon
1210,201210024,03/30/2020 12:00:00 AM,03/30/2020 12:00:00 AM,2020,12,77th Street,1268,2,745,VANDALISM - MISDEAMEANOR ($399 OR UNDER),0329 1822,42,F,H,501,SINGLE FAMILY DWELLING,,,IC,Invest Cont,745,,,8200    WALL                         ST,33.9654,-118.2717,2020.0,3.0,30.0,0.0,0.0,1.0,0,20,20,Evening
1211,200908510,04/16/2020 12:00:00 AM,04/16/2020 12:00:00 AM,15,9,Van Nuys,998,2,946,OTHER MISCELLANEOUS CRIME,0911 1906,36,F,O,502,"MULTI-UNIT DWELLING (APARTMENT, DUPLEX, ETC)",,,IC,Invest Cont,946,,,4200    LONGRIDGE                    AV,34.1464,-118.4213,2020.0,4.0,16.0,3.0,0.0,2.0,0,0,15,Night
1213,200816479,11/15/2020 12:00:00 AM,11/14/2020 12:00:00 AM,2330,8,West LA,836,1,330,BURGLARY FROM VEHICLE,0344 0352 1822 0386 0321 1420 0377 0930,35,F,W,123,PARKING UNDERGROUND/BUILDING,,,IC,Invest Cont,330,,,1800    HOLMBY                       AV,34.0557,-118.4255,2020.0,11.0,14.0,5.0,0.0,4.0,1,23,30,Evening
1214,200710079,06-05-2020 00:00,05/30/2020 12:00:00 AM,2145,7,Wilshire,702,1,231,ASSAULT WITH DEADLY WEAPON ON POLICE OFFICER,1822 1212 0447,0,M,X,101,STREET,500.0,UNKNOWN WEAPON/OTHER WEAPON,IC,Invest Cont,231,,,7500 W  MELROSE                      AV,34.0837,-118.3532,2020.0,5.0,30.0,5.0,0.0,2.0,1,21,45,Evening
1216,200611732,06/23/2020 12:00:00 AM,06/23/2020 12:00:00 AM,1530,6,Hollywood,647,1,440,THEFT PLAIN - PETTY ($950 & UNDER),0344 1202,61,F,O,717,HEALTH SPA/GYM,,,IC,Invest Cont,440,,,1600 N  EL CENTRO                    AV,34.0998,-118.3237,2020.0,6.0,23.0,1.0,0.0,2.0,0,15,30,Afternoon
1217,201309690,04/20/2020 12:00:00 AM,04/20/2020 12:00:00 AM,130,13,Newton,1377,2,740,"VANDALISM - FELONY ($400 & OVER, ALL CHURCH VANDALISMS)",0329 0913,45,F,B,122,"VEHICLE, PASSENGER/TRUCK",,,AO,Adult Other,740,,,5400    DUARTE                       ST,33.9938,-118.2424,2020.0,4.0,20.0,0.0,0.0,2.0,0,1,30,Night
1220,201012093,08/15/2020 12:00:00 AM,08/15/2020 12:00:00 AM,1150,10,West Valley,1024,2,624,BATTERY - SIMPLE ASSAULT,0913 0562 0416 1202 1309 0602 0443,60,F,B,502,"MULTI-UNIT DWELLING (APARTMENT, DUPLEX, ETC)",400.0,"STRONG-ARM (HANDS, FIST, FEET OR BODILY FORCE)",AO,Adult Other,624,,,6800    BAIRD                        AV,34.1939,-118.5373,2020.0,8.0,15.0,5.0,0.0,3.0,1,11,50,Morning
1221,201107548,03/20/2020 12:00:00 AM,03/18/2020 12:00:00 AM,1400,11,Northeast,1151,2,745,VANDALISM - MISDEAMEANOR ($399 OR UNDER),0329 1307,36,M,W,104,DRIVEWAY,,,IC,Invest Cont,745,,,1400 N  EDGEMONT                     ST,34.0968,-118.2961,2020.0,3.0,18.0,2.0,0.0,1.0,0,14,0,Afternoon
1224,200811130,06/24/2020 12:00:00 AM,06/24/2020 12:00:00 AM,1900,8,West LA,847,1,440,THEFT PLAIN - PETTY ($950 & UNDER),0344 1810 0913,26,F,W,502,"MULTI-UNIT DWELLING (APARTMENT, DUPLEX, ETC)",,,IC,Invest Cont,440,,,2200 S  BEVERLY GLEN                 BL,34.05,-118.4202,2020.0,6.0,24.0,2.0,0.0,2.0,0,19,0,Evening
1225,200710820,06/22/2020 12:00:00 AM,06/22/2020 12:00:00 AM,1800,7,Wilshire,778,2,930,CRIMINAL THREATS - NO WEAPON DISPLAYED,0421 0361,58,M,H,102,SIDEWALK,500.0,UNKNOWN WEAPON/OTHER WEAPON,IC,Invest Cont,930,,,1600 S  BRONSON                      AV,34.0432,-118.328,2020.0,6.0,22.0,0.0,0.0,2.0,0,18,0,Afternoon
1226,201223309,10/24/2020 12:00:00 AM,10/24/2020 12:00:00 AM,1600,12,77th Street,1259,2,624,BATTERY - SIMPLE ASSAULT,0913 0400 0416 0429,43,F,B,501,SINGLE FAMILY DWELLING,400.0,"STRONG-ARM (HANDS, FIST, FEET OR BODILY FORCE)",AO,Adult Other,624,,,900 E  76TH                         ST,33.9712,-118.2586,2020.0,10.0,24.0,5.0,0.0,4.0,1,16,0,Afternoon
1227,200113717,06/21/2020 12:00:00 AM,06/20/2020 12:00:00 AM,2000,1,Central,156,2,624,BATTERY - SIMPLE ASSAULT,0416 0444 0913,45,F,B,710,OTHER PREMISE,400.0,"STRONG-ARM (HANDS, FIST, FEET OR BODILY FORCE)",IC,Invest Cont,624,,,SAN JULIAN,34.0446,-118.245,2020.0,6.0,20.0,5.0,0.0,2.0,1,20,0,Evening
1229,200617482,11-01-2020 00:00,10/31/2020 12:00:00 AM,2300,6,Hollywood,622,1,330,BURGLARY FROM VEHICLE,1300 1307 1601 1609 0329 0344 0352 1822,30,F,W,101,STREET,500.0,UNKNOWN WEAPON/OTHER WEAPON,IC,Invest Cont,330,,,2600    LA CUESTA                    DR,34.1175,-118.356,2020.0,10.0,31.0,5.0,0.0,4.0,1,23,0,Evening
1231,200307687,02/26/2020 12:00:00 AM,02/26/2020 12:00:00 AM,1740,3,Southwest,362,2,930,CRIMINAL THREATS - NO WEAPON DISPLAYED,0421 0443 0556,22,F,H,502,"MULTI-UNIT DWELLING (APARTMENT, DUPLEX, ETC)",511.0,VERBAL THREAT,IC,Invest Cont,930,,,4600    RODEO                        LN,34.0206,-118.3473,2020.0,2.0,26.0,2.0,0.0,1.0,0,17,40,Afternoon
1233,200712856,08/17/2020 12:00:00 AM,08/17/2020 12:00:00 AM,1220,7,Wilshire,733,1,230,"ASSAULT WITH DEADLY WEAPON, AGGRAVATED ASSAULT",1822 0416 0444,51,M,H,210,RESTAURANT/FAST FOOD,400.0,"STRONG-ARM (HANDS, FIST, FEET OR BODILY FORCE)",IC,Invest Cont,230,,,5600    WILSHIRE                     BL,34.0624,-118.3548,2020.0,8.0,17.0,0.0,0.0,3.0,0,12,20,Morning
1235,200609201,04/16/2020 12:00:00 AM,03/30/2020 12:00:00 AM,1400,6,Hollywood,626,2,946,OTHER MISCELLANEOUS CRIME,1822 1258,13,F,W,501,SINGLE FAMILY DWELLING,,,IC,Invest Cont,946,,,6400    BRYN MAWR                    DR,34.1129,-118.3287,2020.0,3.0,30.0,0.0,0.0,1.0,0,14,0,Afternoon
1237,201113717,09/17/2020 12:00:00 AM,09/17/2020 12:00:00 AM,1340,11,Northeast,1119,1,230,"ASSAULT WITH DEADLY WEAPON, AGGRAVATED ASSAULT",1402 0416 0445 0432 0334 0913 0400 0561 0421,55,M,W,101,STREET,500.0,UNKNOWN WEAPON/OTHER WEAPON,AA,Adult Arrest,230,998.0,,1500    FAIR PARK                    AV,34.1333,-118.1994,2020.0,9.0,17.0,3.0,0.0,3.0,0,13,40,Afternoon
1238,200113466,06/16/2020 12:00:00 AM,06/16/2020 12:00:00 AM,138,1,Central,162,1,310,BURGLARY,0329 1601 1822 1414 1403 0417 1402,0,X,X,210,RESTAURANT/FAST FOOD,,,IC,Invest Cont,310,998.0,,800 S  FLOWER                       ST,34.0473,-118.2601,2020.0,6.0,16.0,1.0,0.0,2.0,0,1,38,Night
1242,200614069,08/17/2020 12:00:00 AM,08/16/2020 12:00:00 AM,1400,6,Hollywood,638,1,330,BURGLARY FROM VEHICLE,1300 1307 1601 1609 0329 0344,26,M,H,123,PARKING UNDERGROUND/BUILDING,,,IC,Invest Cont,330,,,5500 W  HOLLYWOOD                    BL,34.1038,-118.3151,2020.0,8.0,16.0,6.0,0.0,3.0,1,14,0,Afternoon
1243,200115035,07/13/2020 12:00:00 AM,06/25/2020 12:00:00 AM,2230,1,Central,182,1,330,BURGLARY FROM VEHICLE,0329 1609 1822 1307,34,F,W,707,GARAGE/CARPORT,,,IC,Invest Cont,330,,,1200 S  GRAND                        AV,34.0397,-118.2637,2020.0,6.0,25.0,3.0,0.0,2.0,0,22,30,Evening
1245,200917286,11/15/2020 12:00:00 AM,11/15/2020 12:00:00 AM,1030,9,Van Nuys,914,2,930,CRIMINAL THREATS - NO WEAPON DISPLAYED,0416 0421 1813,31,F,H,502,"MULTI-UNIT DWELLING (APARTMENT, DUPLEX, ETC)",400.0,"STRONG-ARM (HANDS, FIST, FEET OR BODILY FORCE)",AA,Adult Arrest,930,,,7000    KESTER                       AV,34.1975,-118.4575,2020.0,11.0,15.0,6.0,0.0,4.0,1,10,30,Morning
1248,200113451,06/15/2020 12:00:00 AM,06/14/2020 12:00:00 AM,800,1,Central,123,2,740,"VANDALISM - FELONY ($400 & OVER, ALL CHURCH VANDALISMS)",329,54,M,H,104,DRIVEWAY,,,IC,Invest Cont,740,,,300 W  1ST                          ST,34.0537,-118.2455,2020.0,6.0,14.0,6.0,0.0,2.0,1,8,0,Morning
1250,200608658,04-03-2020 00:00,03/28/2020 12:00:00 AM,1400,6,Hollywood,669,2,662,"BUNCO, GRAND THEFT",0701 0337,22,F,O,501,SINGLE FAMILY DWELLING,,,IC,Invest Cont,662,,,1100 N  NORMANDIE                    AV,34.0929,-118.3048,2020.0,3.0,28.0,5.0,0.0,1.0,1,14,0,Afternoon
1251,201305727,01/31/2020 12:00:00 AM,01/31/2020 12:00:00 AM,810,13,Newton,1361,1,230,"ASSAULT WITH DEADLY WEAPON, AGGRAVATED ASSAULT",2004 0913 0411 1402,60,M,W,122,"VEHICLE, PASSENGER/TRUCK",207.0,OTHER KNIFE,AO,Adult Other,230,998.0,,BROADWAY                     AV,34.0011,-118.2783,2020.0,1.0,31.0,4.0,0.0,1.0,0,8,10,Morning
1252,201111893,07/27/2020 12:00:00 AM,07/27/2020 12:00:00 AM,1530,11,Northeast,1142,1,310,BURGLARY,0216 0342 1609 0344 0358,0,X,X,203,OTHER BUSINESS,312.0,PIPE/METAL PIPE,IC,Invest Cont,310,,,1900    HILLHURST                    AV,34.1054,-118.2874,2020.0,7.0,27.0,0.0,0.0,3.0,0,15,30,Afternoon
1253,200414348,10/27/2020 12:00:00 AM,10/27/2020 12:00:00 AM,1030,4,Hollenbeck,437,1,341,"THEFT-GRAND ($950.01 & OVER)EXCPT,GUNS,FOWL,LIVESTK,PROD",344,45,M,H,121,YARD (RESIDENTIAL/BUSINESS),400.0,"STRONG-ARM (HANDS, FIST, FEET OR BODILY FORCE)",IC,Invest Cont,341,,,1900    CYRIL                        AV,34.0653,-118.1805,2020.0,10.0,27.0,1.0,0.0,4.0,0,10,30,Morning
1254,200508713,04/26/2020 12:00:00 AM,04/18/2020 12:00:00 AM,1500,5,Harbor,514,1,510,VEHICLE - STOLEN,,0,Unknown,,101,STREET,,,IC,Invest Cont,510,,,1000 W  CRUCES                       ST,33.7915,-118.2751,2020.0,4.0,18.0,5.0,0.0,2.0,1,15,0,Afternoon
1255,200605280,01/28/2020 12:00:00 AM,01/28/2020 12:00:00 AM,2230,6,Hollywood,647,1,230,"ASSAULT WITH DEADLY WEAPON, AGGRAVATED ASSAULT",1202 1822 0334 0400 0432 0329,61,M,W,502,"MULTI-UNIT DWELLING (APARTMENT, DUPLEX, ETC)",200.0,KNIFE WITH BLADE 6INCHES OR LESS,IC,Invest Cont,230,745.0,,1500    CANYON                       DR,34.0993,-118.3166,2020.0,1.0,28.0,1.0,0.0,1.0,0,22,30,Evening
1256,200616779,10/16/2020 12:00:00 AM,10/16/2020 12:00:00 AM,915,6,Hollywood,663,1,440,THEFT PLAIN - PETTY ($950 & UNDER),0325 0601 1822 2006,0,X,X,403,DRUG STORE,,,IC,Invest Cont,440,,,1000 N  HIGHLAND                     AV,34.0889,-118.3386,2020.0,10.0,16.0,4.0,0.0,4.0,0,9,15,Morning
1258,200713038,08/22/2020 12:00:00 AM,08/22/2020 12:00:00 AM,1120,7,Wilshire,702,2,740,"VANDALISM - FELONY ($400 & OVER, ALL CHURCH VANDALISMS)",1822 1300 0329,60,M,H,122,"VEHICLE, PASSENGER/TRUCK",,,IC,Invest Cont,740,,,WILLOUGHBY                   AV,34.0871,-118.3527,2020.0,8.0,22.0,5.0,0.0,3.0,1,11,20,Morning
1260,201012662,09-01-2020 00:00,08/31/2020 12:00:00 AM,300,10,West Valley,1065,1,480,BIKE - STOLEN,1822 0344 0329 1420,51,M,W,707,GARAGE/CARPORT,,,IC,Invest Cont,480,,,5400    NEWCASTLE                    AV,34.1687,-118.5244,2020.0,8.0,31.0,0.0,0.0,3.0,0,3,0,Night
1263,200812013,07/18/2020 12:00:00 AM,07/17/2020 12:00:00 AM,1600,8,West LA,806,1,420,THEFT FROM MOTOR VEHICLE - PETTY ($950 & UNDER),1822 1309 1606 0321 1420 0386 0344 0352 0202,52,F,W,101,STREET,,,IC,Invest Cont,420,,,2000    STRADELLA                    RD,34.1035,-118.4608,2020.0,7.0,17.0,4.0,0.0,3.0,0,16,0,Afternoon
1267,201010736,07-06-2020 00:00,05/30/2020 12:00:00 AM,1727,10,West Valley,1023,2,956,"LETTERS, LEWD  -  TELEPHONE CALLS, LEWD",1906 1212 0913 0443,36,F,W,501,SINGLE FAMILY DWELLING,,,AO,Adult Other,956,,,6600    VANALDEN                     AV,34.1902,-118.5491,2020.0,5.0,30.0,5.0,0.0,2.0,1,17,27,Afternoon
1273,200909850,05/18/2020 12:00:00 AM,05/15/2020 12:00:00 AM,1200,9,Van Nuys,971,1,330,BURGLARY FROM VEHICLE,344,25,M,W,123,PARKING UNDERGROUND/BUILDING,,,IC,Invest Cont,330,,,4700 N  SEPULVEDA                    BL,34.156,-118.4662,2020.0,5.0,15.0,4.0,0.0,2.0,0,12,0,Morning
1274,200409340,05/29/2020 12:00:00 AM,05/27/2020 12:00:00 AM,1230,4,Hollenbeck,439,1,420,THEFT FROM MOTOR VEHICLE - PETTY ($950 & UNDER),,0,Unknown,,101,STREET,,,IC,Invest Cont,420,,,2000    BARNETT                      RD,34.0664,-118.1722,2020.0,5.0,27.0,2.0,0.0,2.0,0,12,30,Morning
1275,200406042,02/22/2020 12:00:00 AM,02/22/2020 12:00:00 AM,245,4,Hollenbeck,412,2,745,VANDALISM - MISDEAMEANOR ($399 OR UNDER),329,45,M,H,502,"MULTI-UNIT DWELLING (APARTMENT, DUPLEX, ETC)",,,IC,Invest Cont,745,,,3200    PASADENA                     AV,34.0806,-118.2176,2020.0,2.0,22.0,5.0,0.0,1.0,1,2,45,Night
1277,200613040,07/24/2020 12:00:00 AM,07/24/2020 12:00:00 AM,2100,6,Hollywood,646,2,626,INTIMATE PARTNER - SIMPLE ASSAULT,2000 0416 0448 0400,42,F,B,502,"MULTI-UNIT DWELLING (APARTMENT, DUPLEX, ETC)",400.0,"STRONG-ARM (HANDS, FIST, FEET OR BODILY FORCE)",IC,Invest Cont,626,,,1600    VINE                         ST,34.0987,-118.3337,2020.0,7.0,24.0,4.0,0.0,3.0,0,21,0,Evening
1279,200610484,05/22/2020 12:00:00 AM,05/22/2020 12:00:00 AM,1500,6,Hollywood,649,2,930,CRIMINAL THREATS - NO WEAPON DISPLAYED,0400 0432 0421 0913 0603 0361,69,F,O,501,SINGLE FAMILY DWELLING,511.0,VERBAL THREAT,AA,Adult Arrest,930,,,1500 N  KINGSLEY                     DR,34.0981,-118.3033,2020.0,5.0,22.0,4.0,0.0,2.0,0,15,0,Afternoon
1281,200804830,01/18/2020 12:00:00 AM,01/18/2020 12:00:00 AM,400,8,West LA,898,1,331,THEFT FROM MOTOR VEHICLE - GRAND ($950.01 AND OVER),0344 0385 1822 1309,33,F,H,101,STREET,,,IC,Invest Cont,331,,,2300 S  CORNING                      ST,34.0391,-118.3802,2020.0,1.0,18.0,5.0,0.0,1.0,1,4,0,Night
1283,200513050,08/16/2020 12:00:00 AM,08/16/2020 12:00:00 AM,1500,5,Harbor,521,2,740,"VANDALISM - FELONY ($400 & OVER, ALL CHURCH VANDALISMS)",0329 1202,63,F,W,501,SINGLE FAMILY DWELLING,,,IC,Invest Cont,740,,,800 W  BLOOMWOOD                    RD,33.7582,-118.3007,2020.0,8.0,16.0,6.0,0.0,3.0,1,15,0,Afternoon
1288,200515253,10/14/2020 12:00:00 AM,10/14/2020 12:00:00 AM,602,5,Harbor,569,2,946,OTHER MISCELLANEOUS CRIME,,0,X,X,109,PARK/PLAYGROUND,,,IC,Invest Cont,946,,,100 W  22ND                         ST,33.725,-118.2825,2020.0,10.0,14.0,2.0,0.0,4.0,0,6,2,Night
1290,201013303,09/21/2020 12:00:00 AM,09/21/2020 12:00:00 AM,830,10,West Valley,1011,2,664,"BUNCO, PETTY THEFT",,32,F,H,502,"MULTI-UNIT DWELLING (APARTMENT, DUPLEX, ETC)",,,IC,Invest Cont,664,,,19000    SHERMAN                      WY,34.2012,-118.5464,2020.0,9.0,21.0,0.0,0.0,3.0,0,8,30,Morning
1291,200314959,07/30/2020 12:00:00 AM,07/30/2020 12:00:00 AM,2110,3,Southwest,326,2,890,FAILURE TO YIELD,1212 1309 1822,19,X,X,101,STREET,,,AA,Adult Arrest,890,,,DALTON                       AV,34.0309,-118.3041,2020.0,7.0,30.0,3.0,0.0,3.0,0,21,10,Evening
1292,200618033,11/14/2020 12:00:00 AM,11/14/2020 12:00:00 AM,1940,6,Hollywood,646,1,480,BIKE - STOLEN,0344 0397 1822 0345,26,M,O,101,STREET,,,IC,Invest Cont,480,,,6300 W  HOLLYWOOD                    BL,34.1016,-118.3271,2020.0,11.0,14.0,5.0,0.0,4.0,1,19,40,Evening
1293,201305511,01/28/2020 12:00:00 AM,01/27/2020 12:00:00 AM,1400,13,Newton,1351,1,510,VEHICLE - STOLEN,,0,Unknown,,101,STREET,,,IC,Invest Cont,510,,,43RD                         ST,34.0056,-118.2784,2020.0,1.0,27.0,0.0,0.0,1.0,0,14,0,Afternoon
1294,201305652,01/30/2020 12:00:00 AM,01/29/2020 12:00:00 AM,1200,13,Newton,1365,2,626,INTIMATE PARTNER - SIMPLE ASSAULT,2000 1814 0448,20,M,B,501,SINGLE FAMILY DWELLING,400.0,"STRONG-ARM (HANDS, FIST, FEET OR BODILY FORCE)",AO,Adult Other,626,,,1400 E  48TH                         PL,33.9993,-118.2499,2020.0,1.0,29.0,2.0,0.0,1.0,0,12,0,Morning
1295,200305132,01/21/2020 12:00:00 AM,01/21/2020 12:00:00 AM,530,3,Southwest,392,2,624,BATTERY - SIMPLE ASSAULT,0416 2021 0558 0446 0602,30,M,B,101,STREET,400.0,"STRONG-ARM (HANDS, FIST, FEET OR BODILY FORCE)",AA,Adult Arrest,624,,,4400    ARLINGTON                    AV,34.0037,-118.318,2020.0,1.0,21.0,1.0,0.0,1.0,0,5,30,Night
1298,200814018,09/13/2020 12:00:00 AM,09/13/2020 12:00:00 AM,200,8,West LA,843,2,626,INTIMATE PARTNER - SIMPLE ASSAULT,0400 1243 2000,20,F,B,101,STREET,400.0,"STRONG-ARM (HANDS, FIST, FEET OR BODILY FORCE)",AO,Adult Other,626,,,SEPULVEDA                    BL,34.126,-118.4784,2020.0,9.0,13.0,6.0,0.0,3.0,1,2,0,Night
1301,200314826,07/27/2020 12:00:00 AM,07/27/2020 12:00:00 AM,1340,3,Southwest,325,1,480,BIKE - STOLEN,1251 0344 1822,23,M,A,502,"MULTI-UNIT DWELLING (APARTMENT, DUPLEX, ETC)",,,IC,Invest Cont,480,,,2600    ELLENDALE                    PL,34.0307,-118.2923,2020.0,7.0,27.0,0.0,0.0,3.0,0,13,40,Afternoon
1303,200413335,10-01-2020 00:00,09/30/2020 12:00:00 AM,2130,4,Hollenbeck,442,2,740,"VANDALISM - FELONY ($400 & OVER, ALL CHURCH VANDALISMS)",329,0,X,X,210,RESTAURANT/FAST FOOD,,,IC,Invest Cont,740,,,1800    MARENGO                      ST,34.0583,-118.2113,2020.0,9.0,30.0,2.0,0.0,3.0,0,21,30,Evening
1305,200806550,02/26/2020 12:00:00 AM,02/26/2020 12:00:00 AM,1030,8,West LA,827,1,442,SHOPLIFTING - PETTY THEFT ($950 & UNDER),0344 2004 0325 0104 1822,0,X,X,252,"COFFEE SHOP (STARBUCKS, COFFEE BEAN, PEET'S, ETC.)",,,IC,Invest Cont,442,,,11700    SAN VICENTE                  BL,34.0579,-118.4683,2020.0,2.0,26.0,2.0,0.0,1.0,0,10,30,Morning
1306,200215862,10-06-2020 00:00,09/27/2020 12:00:00 AM,2200,2,Rampart,245,1,210,ROBBERY,0344 0342 0432 0370 0444 0445 0416 1822 0337 0906,75,M,H,109,PARK/PLAYGROUND,400.0,"STRONG-ARM (HANDS, FIST, FEET OR BODILY FORCE)",IC,Invest Cont,210,,,7TH                          ST,34.0577,-118.2799,2020.0,9.0,27.0,6.0,0.0,3.0,1,22,0,Evening
1308,201011142,07/19/2020 12:00:00 AM,07/19/2020 12:00:00 AM,1140,10,West Valley,1088,1,442,SHOPLIFTING - PETTY THEFT ($950 & UNDER),0945 1309 1822 0325 0447 1420 1236,0,M,O,402,MARKET,212.0,BOTTLE,IC,Invest Cont,442,,,16400 W  VENTURA                      BL,34.1573,-118.4901,2020.0,7.0,19.0,6.0,0.0,3.0,1,11,40,Morning
1311,200404890,01/23/2020 12:00:00 AM,01/23/2020 12:00:00 AM,1200,4,Hollenbeck,409,2,626,INTIMATE PARTNER - SIMPLE ASSAULT,2000 1814 0913 0444 0448 0429,18,F,H,502,"MULTI-UNIT DWELLING (APARTMENT, DUPLEX, ETC)",400.0,"STRONG-ARM (HANDS, FIST, FEET OR BODILY FORCE)",AO,Adult Other,626,,,5100    HUNTINGTON                   DR,34.0894,-118.1705,2020.0,1.0,23.0,3.0,0.0,1.0,0,12,0,Morning
1312,200208416,03/31/2020 12:00:00 AM,03/30/2020 12:00:00 AM,1700,2,Rampart,275,2,740,"VANDALISM - FELONY ($400 & OVER, ALL CHURCH VANDALISMS)",1300 0329,26,F,W,122,"VEHICLE, PASSENGER/TRUCK",,,IC,Invest Cont,740,,,900 S  ALVARADO                     ST,34.0534,-118.2788,2020.0,3.0,30.0,0.0,0.0,1.0,0,17,0,Afternoon
1313,200806609,02/23/2020 12:00:00 AM,02/22/2020 12:00:00 AM,1645,8,West LA,882,1,330,BURGLARY FROM VEHICLE,0358 1302 1307 1609 0344 1822,31,M,O,101,STREET,,,IC,Invest Cont,330,,,SAWTELLE                     BL,34.0382,-118.4412,2020.0,2.0,22.0,5.0,0.0,1.0,1,16,45,Afternoon
1315,200316396,08/27/2020 12:00:00 AM,08/24/2020 12:00:00 AM,1045,3,Southwest,361,2,930,CRIMINAL THREATS - NO WEAPON DISPLAYED,0913 0432 0421 0360 1266,41,F,B,502,"MULTI-UNIT DWELLING (APARTMENT, DUPLEX, ETC)",511.0,VERBAL THREAT,IC,Invest Cont,930,,,3900    GIBRALTAR                    AV,34.0161,-118.3546,2020.0,8.0,24.0,0.0,0.0,3.0,0,10,45,Morning
1316,201013323,09/22/2020 12:00:00 AM,09/22/2020 12:00:00 AM,1,10,West Valley,1024,1,330,BURGLARY FROM VEHICLE,1300 0344 1822 1202 0385,72,M,H,101,STREET,,,IC,Invest Cont,330,,,18500    LEMAY                        ST,34.191,-118.5386,2020.0,9.0,22.0,1.0,0.0,3.0,0,0,1,Night
1318,200611992,06/29/2020 12:00:00 AM,06/28/2020 12:00:00 AM,2300,6,Hollywood,639,1,420,THEFT FROM MOTOR VEHICLE - PETTY ($950 & UNDER),1300 0344 0385 0329,47,M,W,123,PARKING UNDERGROUND/BUILDING,,,IC,Invest Cont,420,,,1700 N  HARVARD                      BL,34.1018,-118.305,2020.0,6.0,28.0,6.0,0.0,2.0,1,23,0,Evening
1320,201213326,05/22/2020 12:00:00 AM,05/22/2020 12:00:00 AM,345,12,77th Street,1215,1,350,"THEFT, PERSON",1026 0344 1822 0216 0345,51,M,H,101,STREET,400.0,"STRONG-ARM (HANDS, FIST, FEET OR BODILY FORCE)",IC,Invest Cont,350,,,1500 W  57TH                         ST,33.9906,-118.3023,2020.0,5.0,22.0,4.0,0.0,2.0,0,3,45,Night
1321,200218790,12/19/2020 12:00:00 AM,12/19/2020 12:00:00 AM,730,2,Rampart,299,2,624,BATTERY - SIMPLE ASSAULT,0401 0913 0603 1810 0305,40,F,W,501,SINGLE FAMILY DWELLING,400.0,"STRONG-ARM (HANDS, FIST, FEET OR BODILY FORCE)",AA,Adult Arrest,624,,,1000 W  18TH                         ST,34.0387,-118.2786,2020.0,12.0,19.0,5.0,0.0,4.0,1,7,30,Morning
1323,200317798,09/23/2020 12:00:00 AM,09/23/2020 12:00:00 AM,2050,3,Southwest,321,2,624,BATTERY - SIMPLE ASSAULT,0416 0429 0446 0448 1309 1822,25,F,B,108,PARKING LOT,400.0,"STRONG-ARM (HANDS, FIST, FEET OR BODILY FORCE)",IC,Invest Cont,624,,,3500 S  LA CIENEGA                   BL,34.0237,-118.3722,2020.0,9.0,23.0,2.0,0.0,3.0,0,20,50,Evening
1324,201221002,09/20/2020 12:00:00 AM,09/20/2020 12:00:00 AM,315,12,77th Street,1249,2,624,BATTERY - SIMPLE ASSAULT,0342 1309 1822 0416 0446 0448 1310,34,F,H,101,STREET,400.0,"STRONG-ARM (HANDS, FIST, FEET OR BODILY FORCE)",IC,Invest Cont,624,,,6700    BONSALLO                     AV,33.9789,-118.286,2020.0,9.0,20.0,6.0,0.0,3.0,1,3,15,Night
1326,200118738,10-01-2020 00:00,09/30/2020 12:00:00 AM,1900,1,Central,164,1,330,BURGLARY FROM VEHICLE,1307 1822 0329 0377 1403 1609 0344,24,F,A,102,SIDEWALK,,,IC,Invest Cont,330,,,600 S  LOS ANGELES                  ST,34.0446,-118.2507,2020.0,9.0,30.0,2.0,0.0,3.0,0,19,0,Evening
1327,200209549,04/28/2020 12:00:00 AM,04/28/2020 12:00:00 AM,1720,2,Rampart,281,1,442,SHOPLIFTING - PETTY THEFT ($950 & UNDER),0216 0209 0315 0344 0346 1309 1822,0,X,X,202,LIQUOR STORE,,,IC,Invest Cont,442,,,2000 W  PICO                         BL,34.0491,-118.2823,2020.0,4.0,28.0,1.0,0.0,2.0,0,17,20,Afternoon
1328,200307674,03-01-2020 00:00,02/29/2020 12:00:00 AM,1130,3,Southwest,338,1,420,THEFT FROM MOTOR VEHICLE - PETTY ($950 & UNDER),,0,Unknown,,101,STREET,,,IC,Invest Cont,420,,,3300 S  HOOVER                       ST,34.0268,-118.2896,2020.0,2.0,29.0,5.0,0.0,1.0,1,11,30,Morning
1330,200120058,10/27/2020 12:00:00 AM,10/25/2020 12:00:00 AM,2200,1,Central,182,1,330,BURGLARY FROM VEHICLE,1307 1822 0329 1609 0344,27,F,V,101,STREET,,,IC,Invest Cont,330,,,HOPE                         ST,34.0437,-118.2617,2020.0,10.0,25.0,6.0,0.0,4.0,1,22,0,Evening
1332,200515482,10/19/2020 12:00:00 AM,08/15/2020 12:00:00 AM,1200,5,Harbor,504,2,668,"EMBEZZLEMENT, GRAND THEFT ($950.01 & OVER)",0344 0913 1300,49,F,H,501,SINGLE FAMILY DWELLING,,,AO,Adult Other,668,,,20800    DENKER                       AV,33.8399,-118.3039,2020.0,8.0,15.0,5.0,0.0,3.0,1,12,0,Morning
1333,200508364,04/17/2020 12:00:00 AM,04/17/2020 12:00:00 AM,1200,5,Harbor,507,2,624,BATTERY - SIMPLE ASSAULT,0913 0416 0602 0555 0446 1206,30,F,H,501,SINGLE FAMILY DWELLING,400.0,"STRONG-ARM (HANDS, FIST, FEET OR BODILY FORCE)",AO,Adult Other,624,,,22500    HALLDALE                     AV,33.8223,-118.3015,2020.0,4.0,17.0,4.0,0.0,2.0,0,12,0,Morning
1338,200415988,12/16/2020 12:00:00 AM,12/16/2020 12:00:00 AM,325,4,Hollenbeck,491,1,510,VEHICLE - STOLEN,,0,Unknown,,118,CONSTRUCTION SITE,,,IC,Invest Cont,510,,,WASHINGTON                   BL,34.0173,-118.2211,2020.0,12.0,16.0,2.0,0.0,4.0,0,3,25,Night
1342,200215497,09/26/2020 12:00:00 AM,09/26/2020 12:00:00 AM,1,2,Rampart,275,1,350,"THEFT, PERSON",1822 1206 2034,33,M,H,101,STREET,,,IC,Invest Cont,350,,,1800 W  OLYMPIC                      BL,34.0502,-118.2765,2020.0,9.0,26.0,5.0,0.0,3.0,1,0,1,Night
1344,201009440,05/27/2020 12:00:00 AM,05/27/2020 12:00:00 AM,1040,10,West Valley,1011,1,761,BRANDISH WEAPON,1822 0334 2004,66,M,W,108,PARKING LOT,200.0,KNIFE WITH BLADE 6INCHES OR LESS,IC,Invest Cont,761,,,SATICOY                      ST,34.2084,-118.5535,2020.0,5.0,27.0,2.0,0.0,2.0,0,10,40,Morning
1346,200106111,01/30/2020 12:00:00 AM,01/30/2020 12:00:00 AM,2100,1,Central,182,1,330,BURGLARY FROM VEHICLE,1307 0344,37,M,C,108,PARKING LOT,,,IC,Invest Cont,330,,,W  12TH                         ST,34.0408,-118.2644,2020.0,1.0,30.0,3.0,0.0,1.0,0,21,0,Evening
1347,200814896,10-04-2020 00:00,09/17/2020 12:00:00 AM,1025,8,West LA,849,2,354,THEFT OF IDENTITY,0100 0394,44,F,W,502,"MULTI-UNIT DWELLING (APARTMENT, DUPLEX, ETC)",,,IC,Invest Cont,354,,,1000 S  WOOSTER                      ST,34.0571,-118.3825,2020.0,9.0,17.0,3.0,0.0,3.0,0,10,25,Morning
1348,200510123,05/31/2020 12:00:00 AM,05/30/2020 12:00:00 AM,2100,5,Harbor,541,1,510,VEHICLE - STOLEN,,0,Unknown,,108,PARKING LOT,,,IC,Invest Cont,510,,,1300    PARK WESTERN                 DR,33.754,-118.3048,2020.0,5.0,30.0,5.0,0.0,2.0,1,21,0,Evening
1352,201221724,10-01-2020 00:00,09/30/2020 12:00:00 AM,2200,12,77th Street,1266,2,822,HUMAN TRAFFICKING - COMMERCIAL SEX ACTS,0943 1259,15,F,B,101,STREET,400.0,"STRONG-ARM (HANDS, FIST, FEET OR BODILY FORCE)",IC,Invest Cont,822,,,82ND,33.9643,-118.2827,2020.0,9.0,30.0,2.0,0.0,3.0,0,22,0,Evening
1353,200404614,01/16/2020 12:00:00 AM,01/14/2020 12:00:00 AM,1345,4,Hollenbeck,443,2,624,BATTERY - SIMPLE ASSAULT,0400 0416 0913 1210 1815,56,M,W,753,DETENTION/JAIL FACILITY,400.0,"STRONG-ARM (HANDS, FIST, FEET OR BODILY FORCE)",JO,Juv Other,624,,,1600    EASTLAKE                     AV,34.0635,-118.2058,2020.0,1.0,14.0,1.0,0.0,1.0,0,13,45,Afternoon
1354,200317991,09/28/2020 12:00:00 AM,09/28/2020 12:00:00 AM,1045,3,Southwest,325,1,480,BIKE - STOLEN,1251 1822 0202 0344,27,M,I,502,"MULTI-UNIT DWELLING (APARTMENT, DUPLEX, ETC)",,,IC,Invest Cont,480,,,2700    ELLENDALE                    PL,34.0307,-118.2923,2020.0,9.0,28.0,0.0,0.0,3.0,0,10,45,Morning
1355,201109908,05/29/2020 12:00:00 AM,05/29/2020 12:00:00 AM,1400,11,Northeast,1144,1,330,BURGLARY FROM VEHICLE,1609 0344,56,F,H,102,SIDEWALK,,,IC,Invest Cont,330,,,SILVER LAKE                  BL,34.1008,-118.2592,2020.0,5.0,29.0,4.0,0.0,2.0,0,14,0,Afternoon
1359,200107130,02/14/2020 12:00:00 AM,02/14/2020 12:00:00 AM,1600,1,Central,159,1,510,VEHICLE - STOLEN,,0,Unknown,,101,STREET,,,IC,Invest Cont,510,,,400 S  HEWITT                       ST,34.0436,-118.2354,2020.0,2.0,14.0,4.0,0.0,1.0,0,16,0,Afternoon
1361,200714914,10/14/2020 12:00:00 AM,10/14/2020 12:00:00 AM,830,7,Wilshire,722,2,888,TRESPASSING,1501,55,M,W,501,SINGLE FAMILY DWELLING,,,IC,Invest Cont,888,,,6600    LINDENHURST                  AV,34.0668,-118.371,2020.0,10.0,14.0,2.0,0.0,4.0,0,8,30,Morning
1364,201307082,02/25/2020 12:00:00 AM,02/24/2020 12:00:00 AM,2030,13,Newton,1351,2,740,"VANDALISM - FELONY ($400 & OVER, ALL CHURCH VANDALISMS)",329,0,M,O,401,MINI-MART,,,IC,Invest Cont,740,,,4100 S  BROADWAY,34.0092,-118.2784,2020.0,2.0,24.0,0.0,0.0,1.0,0,20,30,Evening
1368,201223121,10/22/2020 12:00:00 AM,10/22/2020 12:00:00 AM,1835,12,77th Street,1252,2,946,OTHER MISCELLANEOUS CRIME,1822 1402 1407 1419,0,X,X,501,SINGLE FAMILY DWELLING,,,AA,Adult Arrest,946,998.0,,2400 W  74TH                         ST,33.9728,-118.3221,2020.0,10.0,22.0,3.0,0.0,4.0,0,18,35,Afternoon
1369,200504703,01/17/2020 12:00:00 AM,01/16/2020 12:00:00 AM,1200,5,Harbor,517,1,510,VEHICLE - STOLEN,,0,Unknown,,101,STREET,,,IC,Invest Cont,510,,,1100    BROAD                        AV,33.7849,-118.2612,2020.0,1.0,16.0,3.0,0.0,1.0,0,12,0,Morning
1370,200411814,08/17/2020 12:00:00 AM,08/16/2020 12:00:00 AM,1100,4,Hollenbeck,457,1,510,VEHICLE - STOLEN,,0,Unknown,,101,STREET,,,IC,Invest Cont,510,,,2500    FOLSOM                       ST,34.0472,-118.2034,2020.0,8.0,16.0,6.0,0.0,3.0,1,11,0,Morning
1371,200208149,03/24/2020 12:00:00 AM,03/24/2020 12:00:00 AM,1126,2,Rampart,256,2,930,CRIMINAL THREATS - NO WEAPON DISPLAYED,0913 0447 2000 1814 0444 0421 1805,29,F,H,502,"MULTI-UNIT DWELLING (APARTMENT, DUPLEX, ETC)",511.0,VERBAL THREAT,AO,Adult Other,930,,,1900    WILSHIRE                     BL,34.0569,-118.2736,2020.0,3.0,24.0,1.0,0.0,1.0,0,11,26,Morning
1372,200711150,07-01-2020 00:00,06/21/2020 12:00:00 AM,1800,7,Wilshire,723,2,940,EXTORTION,1915,18,M,O,501,SINGLE FAMILY DWELLING,,,IC,Invest Cont,940,,,100 N  LAUREL                       AV,34.0743,-118.3648,2020.0,6.0,21.0,6.0,0.0,2.0,1,18,0,Afternoon
1373,200414485,10/30/2020 12:00:00 AM,10/29/2020 12:00:00 AM,1200,4,Hollenbeck,459,1,420,THEFT FROM MOTOR VEHICLE - PETTY ($950 & UNDER),344,26,M,H,101,STREET,,,IC,Invest Cont,420,,,BLANCHARD                    ST,34.0477,-118.1963,2020.0,10.0,29.0,3.0,0.0,4.0,0,12,0,Morning
1374,200615566,09/19/2020 12:00:00 AM,09/19/2020 12:00:00 AM,240,6,Hollywood,666,1,510,VEHICLE - STOLEN,1300 1822 2004,0,X,X,101,STREET,,,AO,Adult Other,510,521.0,,CAHUENGA,34.098,-118.3295,2020.0,9.0,19.0,5.0,0.0,3.0,1,2,40,Night
1376,200206848,02/25/2020 12:00:00 AM,02/25/2020 12:00:00 AM,2300,2,Rampart,204,1,230,"ASSAULT WITH DEADLY WEAPON, AGGRAVATED ASSAULT",1822 0906 0334 0371 0342 0430 1309 0302 2033,19,M,B,502,"MULTI-UNIT DWELLING (APARTMENT, DUPLEX, ETC)",102.0,HAND GUN,IC,Invest Cont,230,,,700    IMOGEN                       AV,34.0822,-118.2832,2020.0,2.0,25.0,1.0,0.0,1.0,0,23,0,Evening
1379,200207752,03/14/2020 12:00:00 AM,03/14/2020 12:00:00 AM,2040,2,Rampart,201,1,341,"THEFT-GRAND ($950.01 & OVER)EXCPT,GUNS,FOWL,LIVESTK,PROD",0346 0216 1414,32,F,B,203,OTHER BUSINESS,,,IC,Invest Cont,341,,,4200    MELROSE                      AV,34.0873,-118.296,2020.0,3.0,14.0,5.0,0.0,1.0,1,20,40,Evening
1381,200514102,09/14/2020 12:00:00 AM,09/14/2020 12:00:00 AM,145,5,Harbor,528,2,745,VANDALISM - MISDEAMEANOR ($399 OR UNDER),0329 1300,34,M,W,122,"VEHICLE, PASSENGER/TRUCK",,,IC,Invest Cont,745,,,OPP,33.7834,-118.2516,2020.0,9.0,14.0,0.0,0.0,3.0,0,1,45,Night
1384,200510675,06/16/2020 12:00:00 AM,06/13/2020 12:00:00 AM,340,5,Harbor,514,1,330,BURGLARY FROM VEHICLE,1300 1309 0329 0344 1601,44,F,H,101,STREET,,,IC,Invest Cont,330,,,1300 W  M                            ST,33.7886,-118.2793,2020.0,6.0,13.0,5.0,0.0,2.0,1,3,40,Night
1386,201221439,09/26/2020 12:00:00 AM,09/26/2020 12:00:00 AM,1020,12,77th Street,1265,2,745,VANDALISM - MISDEAMEANOR ($399 OR UNDER),0913 0329,56,M,B,501,SINGLE FAMILY DWELLING,,,IC,Invest Cont,745,,,1200 W  80TH                         ST,33.9665,-118.2993,2020.0,9.0,26.0,5.0,0.0,3.0,1,10,20,Morning
1388,200706844,03-02-2020 00:00,02/29/2020 12:00:00 AM,2230,7,Wilshire,762,1,510,VEHICLE - STOLEN,,0,Unknown,,101,STREET,,,IC,Invest Cont,510,,,1400    HAYWORTH                     AV,34.0517,-118.3675,2020.0,2.0,29.0,5.0,0.0,1.0,1,22,30,Evening
1390,201225066,11/22/2020 12:00:00 AM,11/22/2020 12:00:00 AM,35,12,77th Street,1248,1,220,ATTEMPTED ROBBERY,0400 0416 0355 1822,54,M,H,101,STREET,304.0,CLUB/BAT,AO,Adult Other,220,,,HOOVER                       ST,33.9825,-118.2871,2020.0,11.0,22.0,6.0,0.0,4.0,1,0,35,Night
1392,200709521,05/20/2020 12:00:00 AM,05/20/2020 12:00:00 AM,1630,7,Wilshire,717,2,740,"VANDALISM - FELONY ($400 & OVER, ALL CHURCH VANDALISMS)",0329 1300,28,F,W,502,"MULTI-UNIT DWELLING (APARTMENT, DUPLEX, ETC)",,,IC,Invest Cont,740,,,300 N  MANSFIELD                    AV,34.0762,-118.3408,2020.0,5.0,20.0,2.0,0.0,2.0,0,16,30,Afternoon
1395,200109836,03/30/2020 12:00:00 AM,03/29/2020 12:00:00 AM,1840,1,Central,158,1,341,"THEFT-GRAND ($950.01 & OVER)EXCPT,GUNS,FOWL,LIVESTK,PROD",1822 1606 0344 0910,0,X,X,203,OTHER BUSINESS,400.0,"STRONG-ARM (HANDS, FIST, FEET OR BODILY FORCE)",IC,Invest Cont,341,,,1100 E  6TH                          ST,34.0386,-118.2392,2020.0,3.0,29.0,6.0,0.0,1.0,1,18,40,Afternoon
1398,200908424,04/13/2020 12:00:00 AM,04/13/2020 12:00:00 AM,1730,9,Van Nuys,941,2,745,VANDALISM - MISDEAMEANOR ($399 OR UNDER),0910 1822 0345 0447 1420 0329 1304,0,M,O,124,BUS STOP,500.0,UNKNOWN WEAPON/OTHER WEAPON,IC,Invest Cont,745,,,SEPULVEDA,34.1766,-118.4589,2020.0,4.0,13.0,0.0,0.0,2.0,0,17,30,Afternoon
1399,200506170,02/20/2020 12:00:00 AM,02/20/2020 12:00:00 AM,2000,5,Harbor,563,2,930,CRIMINAL THREATS - NO WEAPON DISPLAYED,0913 2000 0421 0422 0443 1813,33,F,W,501,SINGLE FAMILY DWELLING,511.0,VERBAL THREAT,AO,Adult Other,930,,,600 W  12TH                         ST,33.7334,-118.2902,2020.0,2.0,20.0,3.0,0.0,1.0,0,20,0,Evening
1400,200810082,05/30/2020 12:00:00 AM,05/30/2020 12:00:00 AM,2322,8,West LA,857,1,310,BURGLARY,0352 1607 1609 0321 0344 1822 1420 0209,0,X,X,201,JEWELRY STORE,,,AO,Adult Other,310,,,9500 W  PICO                         BL,34.0553,-118.396,2020.0,5.0,30.0,5.0,0.0,2.0,1,23,22,Evening
1401,200808327,04/14/2020 12:00:00 AM,04/14/2020 12:00:00 AM,2000,8,West LA,852,2,624,BATTERY - SIMPLE ASSAULT,0559 0416,33,M,H,502,"MULTI-UNIT DWELLING (APARTMENT, DUPLEX, ETC)",400.0,"STRONG-ARM (HANDS, FIST, FEET OR BODILY FORCE)",AO,Adult Other,624,,,1700 S  BARRINGTON                   AV,34.0414,-118.454,2020.0,4.0,14.0,1.0,0.0,2.0,0,20,0,Evening
1404,200114901,07/16/2020 12:00:00 AM,07/15/2020 12:00:00 AM,2130,1,Central,128,2,745,VANDALISM - MISDEAMEANOR ($399 OR UNDER),329,30,M,B,122,"VEHICLE, PASSENGER/TRUCK",311.0,HAMMER,IC,Invest Cont,745,,,300 E  2ND                          ST,34.0498,-118.24,2020.0,7.0,15.0,2.0,0.0,3.0,0,21,30,Evening
1407,200317672,09/21/2020 12:00:00 AM,09/21/2020 12:00:00 AM,620,3,Southwest,379,2,930,CRIMINAL THREATS - NO WEAPON DISPLAYED,0913 0554 0421 0422 2004,25,F,H,502,"MULTI-UNIT DWELLING (APARTMENT, DUPLEX, ETC)",511.0,VERBAL THREAT,AA,Adult Arrest,930,,,3900 S  BUDLONG                      AV,34.0142,-118.2959,2020.0,9.0,21.0,0.0,0.0,3.0,0,6,20,Night
1408,201115748,11/15/2020 12:00:00 AM,11/14/2020 12:00:00 AM,2000,11,Northeast,1143,1,510,VEHICLE - STOLEN,,0,Unknown,,101,STREET,,,IC,Invest Cont,510,,,3400    BEN LOMOND                   PL,34.1109,-118.2809,2020.0,11.0,14.0,5.0,0.0,4.0,1,20,0,Evening
1409,200209545,04/28/2020 12:00:00 AM,04/28/2020 12:00:00 AM,2330,2,Rampart,265,1,210,ROBBERY,0337 1202 0416 0400 0305 0429 0369 0421 1822,61,M,H,101,STREET,308.0,STICK,IC,Invest Cont,210,,,8TH,34.0546,-118.2772,2020.0,4.0,28.0,1.0,0.0,2.0,0,23,30,Evening
1411,201300865,07/18/2020 12:00:00 AM,07/18/2020 12:00:00 AM,1950,13,Newton,1375,1,761,BRANDISH WEAPON,1300 0334 0443 1402 2003 0913,36,M,B,501,SINGLE FAMILY DWELLING,200.0,KNIFE WITH BLADE 6INCHES OR LESS,AO,Adult Other,761,998.0,,5500    HOOPER                       AV,33.9925,-118.2521,2020.0,7.0,18.0,5.0,0.0,3.0,1,19,50,Evening
1415,200113408,06/13/2020 12:00:00 AM,06/13/2020 12:00:00 AM,1045,1,Central,119,2,625,OTHER ASSAULT,1206 0356 0416 2004 0910,39,M,H,966,MTA - GOLD LINE - UNION STATION,400.0,"STRONG-ARM (HANDS, FIST, FEET OR BODILY FORCE)",AO,Adult Other,625,,,00    GATEWAY PLZ,34.0577,-118.2318,2020.0,6.0,13.0,5.0,0.0,2.0,1,10,45,Morning
1416,200214156,08/22/2020 12:00:00 AM,08/22/2020 12:00:00 AM,1700,2,Rampart,233,2,651,DOCUMENT WORTHLESS ($200.01 & OVER),0100 0923 0601 0913 1817,0,X,X,229,CHECK CASHING*,,,IC,Invest Cont,651,,,200 S  RAMPART                      BL,34.0681,-118.2777,2020.0,8.0,22.0,5.0,0.0,3.0,1,17,0,Afternoon
1420,200206706,02/23/2020 12:00:00 AM,02/23/2020 12:00:00 AM,2200,2,Rampart,245,1,230,"ASSAULT WITH DEADLY WEAPON, AGGRAVATED ASSAULT",1100 0430 1407 1822 0906 0371 0216,28,M,H,102,SIDEWALK,102.0,HAND GUN,IC,Invest Cont,230,998.0,,WILSHIRE,34.058,-118.2759,2020.0,2.0,23.0,6.0,0.0,1.0,1,22,0,Evening
1421,200505118,01/27/2020 12:00:00 AM,01/27/2020 12:00:00 AM,1300,5,Harbor,563,2,745,VANDALISM - MISDEAMEANOR ($399 OR UNDER),0329 2000,43,F,W,502,"MULTI-UNIT DWELLING (APARTMENT, DUPLEX, ETC)",,,IC,Invest Cont,745,,,600 W  14TH                         ST,33.7315,-118.2902,2020.0,1.0,27.0,0.0,0.0,1.0,0,13,0,Afternoon
1423,200408279,04/28/2020 12:00:00 AM,04/27/2020 12:00:00 AM,2020,4,Hollenbeck,455,2,626,INTIMATE PARTNER - SIMPLE ASSAULT,0913 2000 1814 0400 0416,24,M,H,501,SINGLE FAMILY DWELLING,400.0,"STRONG-ARM (HANDS, FIST, FEET OR BODILY FORCE)",AO,Adult Other,626,,,2300    SHERIDAN                     ST,34.0508,-118.2078,2020.0,4.0,27.0,0.0,0.0,2.0,0,20,20,Evening
1424,200404944,01/24/2020 12:00:00 AM,01/24/2020 12:00:00 AM,220,4,Hollenbeck,453,2,626,INTIMATE PARTNER - SIMPLE ASSAULT,2000 0913 1814 0416,37,F,H,101,STREET,400.0,"STRONG-ARM (HANDS, FIST, FEET OR BODILY FORCE)",AO,Adult Other,626,,,1800    BRIDGE                       ST,34.0515,-118.2156,2020.0,1.0,24.0,4.0,0.0,1.0,0,2,20,Night
1426,200111008,04/26/2020 12:00:00 AM,04/26/2020 12:00:00 AM,1330,1,Central,161,2,740,"VANDALISM - FELONY ($400 & OVER, ALL CHURCH VANDALISMS)",0329 1309,21,M,B,123,PARKING UNDERGROUND/BUILDING,,,IC,Invest Cont,740,,,900 W  8TH                          ST,34.0479,-118.2612,2020.0,4.0,26.0,6.0,0.0,2.0,1,13,30,Afternoon
1429,200307086,02/19/2020 12:00:00 AM,02/19/2020 12:00:00 AM,1200,3,Southwest,305,1,320,"BURGLARY, ATTEMPTED",0216 0329 1822,44,M,H,501,SINGLE FAMILY DWELLING,,,IC,Invest Cont,320,,,2500    HILLCREST                    DR,34.0332,-118.3423,2020.0,2.0,19.0,2.0,0.0,1.0,0,12,0,Morning
1430,200313431,06/29/2020 12:00:00 AM,06/29/2020 12:00:00 AM,700,3,Southwest,393,2,624,BATTERY - SIMPLE ASSAULT,0356 0400 0913 1259,16,M,B,501,SINGLE FAMILY DWELLING,400.0,"STRONG-ARM (HANDS, FIST, FEET OR BODILY FORCE)",IC,Invest Cont,624,,,4200    9TH                          AV,34.0044,-118.3267,2020.0,6.0,29.0,0.0,0.0,2.0,0,7,0,Morning
1431,200515550,10/20/2020 12:00:00 AM,10/20/2020 12:00:00 AM,1020,5,Harbor,564,1,230,"ASSAULT WITH DEADLY WEAPON, AGGRAVATED ASSAULT",0411 2004 0446 0334 0416 1822,51,F,W,108,PARKING LOT,500.0,UNKNOWN WEAPON/OTHER WEAPON,AA,Adult Arrest,230,,,500 S  HARBOR                       BL,33.741,-118.2838,2020.0,10.0,20.0,1.0,0.0,4.0,0,10,20,Morning
1432,200708438,04/20/2020 12:00:00 AM,04/18/2020 12:00:00 AM,1400,7,Wilshire,755,1,420,THEFT FROM MOTOR VEHICLE - PETTY ($950 & UNDER),0344 1300 1822 1202,74,F,O,101,STREET,,,IC,Invest Cont,420,,,1200 S  REDONDO                      BL,34.051,-118.3538,2020.0,4.0,18.0,5.0,0.0,2.0,1,14,0,Afternoon
1433,201223645,10/30/2020 12:00:00 AM,10/30/2020 12:00:00 AM,2330,12,77th Street,1249,1,761,BRANDISH WEAPON,0913 0334 0216 1310,35,F,B,301,GAS STATION,102.0,HAND GUN,IC,Invest Cont,761,,,6200 S  FIGUEROA                     ST,33.983,-118.2827,2020.0,10.0,30.0,4.0,0.0,4.0,0,23,30,Evening
1434,200410792,07/15/2020 12:00:00 AM,07/14/2020 12:00:00 AM,2355,4,Hollenbeck,449,1,510,VEHICLE - STOLEN,,0,Unknown,,101,STREET,,,IC,Invest Cont,510,,,1200    STONE                        ST,34.0524,-118.1931,2020.0,7.0,14.0,1.0,0.0,3.0,0,23,55,Evening
1435,200716295,11/23/2020 12:00:00 AM,11/23/2020 12:00:00 AM,900,7,Wilshire,785,2,930,CRIMINAL THREATS - NO WEAPON DISPLAYED,1814 0421,33,M,W,501,SINGLE FAMILY DWELLING,511.0,VERBAL THREAT,AO,Adult Other,930,,,2100 S  RIMPAU                       BL,34.0357,-118.3455,2020.0,11.0,23.0,0.0,0.0,4.0,0,9,0,Morning
1438,200814799,10-02-2020 00:00,09/29/2020 12:00:00 AM,1400,8,West LA,806,1,341,"THEFT-GRAND ($950.01 & OVER)EXCPT,GUNS,FOWL,LIVESTK,PROD",1822 0344,38,F,W,122,"VEHICLE, PASSENGER/TRUCK",500.0,UNKNOWN WEAPON/OTHER WEAPON,IC,Invest Cont,341,,,10900    BELLAGIO                     RD,34.0956,-118.451,2020.0,9.0,29.0,1.0,0.0,3.0,0,14,0,Afternoon
1439,200704961,01/21/2020 12:00:00 AM,01/21/2020 12:00:00 AM,1520,7,Wilshire,706,1,230,"ASSAULT WITH DEADLY WEAPON, AGGRAVATED ASSAULT",1402 0447 1822,32,M,W,101,STREET,512.0,MACE/PEPPER SPRAY,IC,Invest Cont,230,998.0,,700 N  HIGHLAND                     AV,34.0835,-118.3386,2020.0,1.0,21.0,1.0,0.0,1.0,0,15,20,Afternoon
1442,200707636,03/19/2020 12:00:00 AM,03/19/2020 12:00:00 AM,1000,7,Wilshire,743,2,626,INTIMATE PARTNER - SIMPLE ASSAULT,0400 2000 1813,23,F,O,502,"MULTI-UNIT DWELLING (APARTMENT, DUPLEX, ETC)",400.0,"STRONG-ARM (HANDS, FIST, FEET OR BODILY FORCE)",AO,Adult Other,626,,,900 S  FAIRFAX                      AV,34.0601,-118.3629,2020.0,3.0,19.0,3.0,0.0,1.0,0,10,0,Morning
1444,200400937,07/24/2020 12:00:00 AM,07/24/2020 12:00:00 AM,145,4,Hollenbeck,478,1,310,BURGLARY,0329 1402 1601,53,M,H,504,OTHER RESIDENCE,,,IC,Invest Cont,310,998.0,,1000 S  DACOTAH                      ST,34.0272,-118.2085,2020.0,7.0,24.0,4.0,0.0,3.0,0,1,45,Night
1445,201215262,06/23/2020 12:00:00 AM,03/29/2020 12:00:00 AM,1200,12,77th Street,1209,2,810,"SEX,UNLAWFUL(INC MUTUAL CONSENT, PENETRATION W/ FRGN OBJ",1259 1251 0913 0533 1309,14,F,H,101,STREET,,,AO,Adult Other,810,,,400 W  47TH                         ST,34.001,-118.2815,2020.0,3.0,29.0,6.0,0.0,1.0,1,12,0,Morning
1447,200809782,05/22/2020 12:00:00 AM,05/14/2020 12:00:00 AM,1700,8,West LA,813,2,354,THEFT OF IDENTITY,0923 1822,39,M,W,732,POST OFFICE,,,IC,Invest Cont,354,,,200 N  BARRINGTON                   AV,34.0668,-118.4711,2020.0,5.0,14.0,3.0,0.0,2.0,0,17,0,Afternoon
1448,201205175,01/18/2020 12:00:00 AM,01/18/2020 12:00:00 AM,1030,12,77th Street,1233,2,624,BATTERY - SIMPLE ASSAULT,2021 1822 0416,45,M,H,102,SIDEWALK,400.0,"STRONG-ARM (HANDS, FIST, FEET OR BODILY FORCE)",IC,Invest Cont,624,,,WESTERN                      AV,33.9892,-118.3089,2020.0,1.0,18.0,5.0,0.0,1.0,1,10,30,Morning
1451,200706820,03-01-2020 00:00,02/28/2020 12:00:00 AM,2200,7,Wilshire,762,1,420,THEFT FROM MOTOR VEHICLE - PETTY ($950 & UNDER),,0,Unknown,,101,STREET,,,IC,Invest Cont,420,,,6000    PICKFORD                     PL,34.0483,-118.3722,2020.0,2.0,28.0,4.0,0.0,1.0,0,22,0,Evening
1452,200713383,08/31/2020 12:00:00 AM,08/31/2020 12:00:00 AM,2200,7,Wilshire,775,2,624,BATTERY - SIMPLE ASSAULT,0444 0416,39,M,B,101,STREET,400.0,"STRONG-ARM (HANDS, FIST, FEET OR BODILY FORCE)",IC,Invest Cont,624,,,4700 S  RIMPAU                       BL,34.0412,-118.3434,2020.0,8.0,31.0,0.0,0.0,3.0,0,22,0,Evening
1453,200413292,09/29/2020 12:00:00 AM,09/29/2020 12:00:00 AM,630,4,Hollenbeck,412,1,510,VEHICLE - STOLEN,,0,Unknown,,101,STREET,,,IC,Invest Cont,510,,,AVENUE 26,34.0797,-118.2184,2020.0,9.0,29.0,1.0,0.0,3.0,0,6,30,Night
1454,201226899,12/21/2020 12:00:00 AM,12/21/2020 12:00:00 AM,1955,12,77th Street,1207,1,230,"ASSAULT WITH DEADLY WEAPON, AGGRAVATED ASSAULT",1402 0913 0302 0400 0445 2002,41,M,H,518,TRANSITIONAL HOUSING/HALFWAY HOUSE,204.0,FOLDING KNIFE,AA,Adult Arrest,230,761.0,998.0,4700 S  VERMONT                      AV,33.9996,-118.2915,2020.0,12.0,21.0,0.0,0.0,4.0,0,19,55,Evening
1455,201216622,07/16/2020 12:00:00 AM,07/16/2020 12:00:00 AM,2015,12,77th Street,1257,1,230,"ASSAULT WITH DEADLY WEAPON, AGGRAVATED ASSAULT",0906 1100 0302 1822 1402 0430,21,M,B,101,STREET,103.0,RIFLE,IC,Invest Cont,230,998.0,,500 W  77TH                         ST,33.9698,-118.2833,2020.0,7.0,16.0,3.0,0.0,3.0,0,20,15,Evening
1458,200810736,06/17/2020 12:00:00 AM,06/17/2020 12:00:00 AM,1100,8,West LA,889,1,442,SHOPLIFTING - PETTY THEFT ($950 & UNDER),1822 0325 0344 1309 2028 0104 1420,0,X,X,404,DEPARTMENT STORE,,,IC,Invest Cont,442,,,1800 S  LA CIENEGA                   BL,34.0425,-118.3818,2020.0,6.0,17.0,2.0,0.0,2.0,0,11,0,Morning
1459,200214450,08/31/2020 12:00:00 AM,08/31/2020 12:00:00 AM,1900,2,Rampart,217,1,230,"ASSAULT WITH DEADLY WEAPON, AGGRAVATED ASSAULT",0555 0416 0446 2002 0602 0445 0913,26,M,H,501,SINGLE FAMILY DWELLING,500.0,UNKNOWN WEAPON/OTHER WEAPON,AA,Adult Arrest,230,,,1900    SANTA YNEZ                   ST,34.0748,-118.2633,2020.0,8.0,31.0,0.0,0.0,3.0,0,19,0,Evening
1460,200116611,08/18/2020 12:00:00 AM,08/18/2020 12:00:00 AM,1019,1,Central,111,1,440,THEFT PLAIN - PETTY ($950 & UNDER),0344 0394 1822,29,M,W,108,PARKING LOT,,,IC,Invest Cont,440,,,500 N  FIGUEROA                     ST,34.0615,-118.247,2020.0,8.0,18.0,1.0,0.0,3.0,0,10,19,Morning
1461,200409087,05/21/2020 12:00:00 AM,05/21/2020 12:00:00 AM,1145,4,Hollenbeck,411,1,520,VEHICLE - ATTEMPT STOLEN,0329 1302 0344,53,M,H,101,STREET,,,IC,Invest Cont,520,,,AVENUE 19,34.0761,-118.2238,2020.0,5.0,21.0,3.0,0.0,2.0,0,11,45,Morning
1462,200219162,12/30/2020 12:00:00 AM,12/30/2020 12:00:00 AM,1800,2,Rampart,246,2,625,OTHER ASSAULT,1822 0416 0446,51,M,H,502,"MULTI-UNIT DWELLING (APARTMENT, DUPLEX, ETC)",400.0,"STRONG-ARM (HANDS, FIST, FEET OR BODILY FORCE)",IC,Invest Cont,625,,,500 S  WESTLAKE                     AV,34.0599,-118.2731,2020.0,12.0,30.0,2.0,0.0,4.0,0,18,0,Afternoon
1464,200311548,05/18/2020 12:00:00 AM,05/18/2020 12:00:00 AM,1805,3,Southwest,316,2,624,BATTERY - SIMPLE ASSAULT,0913 0416 0446 1309 1210,21,F,B,501,SINGLE FAMILY DWELLING,400.0,"STRONG-ARM (HANDS, FIST, FEET OR BODILY FORCE)",IC,Invest Cont,624,,,2500    LA SALLE                     AV,34.0337,-118.3058,2020.0,5.0,18.0,0.0,0.0,2.0,0,18,5,Afternoon
1465,201005964,02/14/2020 12:00:00 AM,02/14/2020 12:00:00 AM,1400,10,West Valley,1067,2,626,INTIMATE PARTNER - SIMPLE ASSAULT,2000 1813 0913 0448 2038 0421,46,F,W,730,SYNAGOGUE/TEMPLE,400.0,"STRONG-ARM (HANDS, FIST, FEET OR BODILY FORCE)",AO,Adult Other,626,,,ENCINO,34.1633,-118.5142,2020.0,2.0,14.0,4.0,0.0,1.0,0,14,0,Afternoon
1466,200908511,04/16/2020 12:00:00 AM,04/16/2020 12:00:00 AM,146,9,Van Nuys,909,2,900,VIOLATION OF COURT ORDER,2038,56,F,H,501,SINGLE FAMILY DWELLING,,,AO,Adult Other,900,,,13900    COHASSET                     ST,34.2066,-118.439,2020.0,4.0,16.0,3.0,0.0,2.0,0,1,46,Night
1468,200905138,01/27/2020 12:00:00 AM,01/23/2020 12:00:00 AM,2315,9,Van Nuys,915,1,310,BURGLARY,0344 1420,21,F,H,704,ELEMENTARY SCHOOL,,,IC,Invest Cont,310,,,6900    VAN NUYS                     BL,34.1961,-118.4487,2020.0,1.0,23.0,3.0,0.0,1.0,0,23,15,Evening
1469,200619483,12/20/2020 12:00:00 AM,12/20/2020 12:00:00 AM,1530,6,Hollywood,625,1,510,VEHICLE - STOLEN,,0,Unknown,,102,SIDEWALK,,,IC,Invest Cont,510,,,2000 N  HIGHLAND                     AV,34.1069,-118.3375,2020.0,12.0,20.0,6.0,0.0,4.0,1,15,30,Afternoon
1470,200114122,06/29/2020 12:00:00 AM,06/29/2020 12:00:00 AM,915,1,Central,159,1,330,BURGLARY FROM VEHICLE,344,23,M,W,103,ALLEY,,,IC,Invest Cont,330,,,1300    WILLOW                       ST,34.0392,-118.2328,2020.0,6.0,29.0,0.0,0.0,2.0,0,9,15,Morning
1475,200320732,11/22/2020 12:00:00 AM,11/22/2020 12:00:00 AM,1030,3,Southwest,311,1,510,VEHICLE - STOLEN,,0,Unknown,,101,STREET,,,IC,Invest Cont,510,,,5600 W  JEFFERSON                    BL,34.0261,-118.366,2020.0,11.0,22.0,6.0,0.0,4.0,1,10,30,Morning
1476,201016395,12/24/2020 12:00:00 AM,11/15/2020 12:00:00 AM,1200,10,West Valley,1015,1,341,"THEFT-GRAND ($950.01 & OVER)EXCPT,GUNS,FOWL,LIVESTK,PROD",0913 1202 1702 1818,84,M,W,501,SINGLE FAMILY DWELLING,,,AO,Adult Other,341,,,7300    DARBY                        PL,34.2035,-118.5326,2020.0,11.0,15.0,6.0,0.0,4.0,1,12,0,Morning
1477,200214057,08/21/2020 12:00:00 AM,08/21/2020 12:00:00 AM,2110,2,Rampart,245,1,210,ROBBERY,0906 0432 0342 0337 0334 0344 1822 0305 0444 0411,45,M,H,109,PARK/PLAYGROUND,215.0,MACHETE,IC,Invest Cont,210,,,2200 W  6TH                          ST,34.0601,-118.2761,2020.0,8.0,21.0,4.0,0.0,3.0,0,21,10,Evening
1480,200917585,11/23/2020 12:00:00 AM,11/22/2020 12:00:00 AM,1745,9,Van Nuys,935,2,624,BATTERY - SIMPLE ASSAULT,1202 0416,73,M,W,501,SINGLE FAMILY DWELLING,400.0,"STRONG-ARM (HANDS, FIST, FEET OR BODILY FORCE)",AO,Adult Other,624,,,14100    FRIAR                        ST,34.1857,-118.4443,2020.0,11.0,22.0,6.0,0.0,4.0,1,17,45,Afternoon
1483,201113978,09/25/2020 12:00:00 AM,09/20/2020 12:00:00 AM,1710,11,Northeast,1144,1,330,BURGLARY FROM VEHICLE,1307 0344 0329,47,F,K,101,STREET,,,IC,Invest Cont,330,,,2100 W  SILVER LAKE                  DR,34.097,-118.2665,2020.0,9.0,20.0,6.0,0.0,3.0,1,17,10,Afternoon
1484,200606682,02/22/2020 12:00:00 AM,02/19/2020 12:00:00 AM,1100,6,Hollywood,635,2,740,"VANDALISM - FELONY ($400 & OVER, ALL CHURCH VANDALISMS)",0329 0913 2004,56,F,W,501,SINGLE FAMILY DWELLING,,,IC,Invest Cont,740,,,2100    FAIRFIELD                    AV,34.1098,-118.3344,2020.0,2.0,19.0,2.0,0.0,1.0,0,11,0,Morning
1486,200808738,04/27/2020 12:00:00 AM,04/24/2020 12:00:00 AM,1600,8,West LA,892,1,510,VEHICLE - STOLEN,,0,Unknown,,101,STREET,,,IC,Invest Cont,510,,,11500    GATEWAY                      BL,34.0328,-118.442,2020.0,4.0,24.0,4.0,0.0,2.0,0,16,0,Afternoon
1487,200411232,07/27/2020 12:00:00 AM,07/27/2020 12:00:00 AM,550,4,Hollenbeck,479,2,624,BATTERY - SIMPLE ASSAULT,0416 0444 0913,0,F,X,108,PARKING LOT,400.0,"STRONG-ARM (HANDS, FIST, FEET OR BODILY FORCE)",IC,Invest Cont,624,,,1000 S  INDIANA                      ST,34.0248,-118.1956,2020.0,7.0,27.0,0.0,0.0,3.0,0,5,50,Night
1488,201113065,08/30/2020 12:00:00 AM,08/30/2020 12:00:00 AM,1100,11,Northeast,1184,1,310,BURGLARY,0344 1606,46,M,W,707,GARAGE/CARPORT,,,IC,Invest Cont,310,,,1300    DOUGLAS                      ST,34.0744,-118.2516,2020.0,8.0,30.0,6.0,0.0,3.0,1,11,0,Morning
1490,200209618,04/30/2020 12:00:00 AM,04/30/2020 12:00:00 AM,1100,2,Rampart,246,2,623,BATTERY POLICE (SIMPLE),1212 0401 2004 0910,19,X,X,904,MTA - RED LINE - WESTLAKE/MACARTHUR PARK,400.0,"STRONG-ARM (HANDS, FIST, FEET OR BODILY FORCE)",AA,Adult Arrest,623,,,600 S  ALVARADO                     ST,34.0596,-118.2749,2020.0,4.0,30.0,3.0,0.0,2.0,0,11,0,Morning
1492,201212842,05/15/2020 12:00:00 AM,05/15/2020 12:00:00 AM,1600,12,77th Street,1245,1,210,ROBBERY,0334 0355 0443 0344 1822 0853,39,M,H,101,STREET,306.0,ROCK/THROWN OBJECT,IC,Invest Cont,210,,,DENKER,33.9824,-118.3046,2020.0,5.0,15.0,4.0,0.0,2.0,0,16,0,Afternoon
1493,201225085,11/24/2020 12:00:00 AM,11/21/2020 12:00:00 AM,1300,12,77th Street,1249,1,420,THEFT FROM MOTOR VEHICLE - PETTY ($950 & UNDER),,0,Unknown,,101,STREET,,,IC,Invest Cont,420,,,600 W  62ND                         ST,33.9832,-118.2856,2020.0,11.0,21.0,5.0,0.0,4.0,1,13,0,Afternoon
1497,200113365,06/13/2020 12:00:00 AM,06/13/2020 12:00:00 AM,645,1,Central,166,1,210,ROBBERY,2004 0416 0344 1822 1218,51,M,B,102,SIDEWALK,308.0,STICK,IC,Invest Cont,210,,,6TH,34.0423,-118.2452,2020.0,6.0,13.0,5.0,0.0,2.0,1,6,45,Night
1500,200614715,08/30/2020 12:00:00 AM,08/29/2020 12:00:00 AM,2200,6,Hollywood,647,1,480,BIKE - STOLEN,0344 1822,43,M,P,121,YARD (RESIDENTIAL/BUSINESS),,,IC,Invest Cont,480,,,5800    CARLTON                      WY,34.1003,-118.3166,2020.0,8.0,29.0,5.0,0.0,3.0,1,22,0,Evening
1501,200311389,05/16/2020 12:00:00 AM,05/16/2020 12:00:00 AM,425,3,Southwest,318,2,624,BATTERY - SIMPLE ASSAULT,0371 0416 0446 1206 1822,20,M,H,102,SIDEWALK,400.0,"STRONG-ARM (HANDS, FIST, FEET OR BODILY FORCE)",IC,Invest Cont,624,,,25TH                         ST,34.0336,-118.2915,2020.0,5.0,16.0,5.0,0.0,2.0,1,4,25,Night
1502,200105960,01/29/2020 12:00:00 AM,01/29/2020 12:00:00 AM,1346,1,Central,157,2,900,VIOLATION OF COURT ORDER,1501,48,M,F,502,"MULTI-UNIT DWELLING (APARTMENT, DUPLEX, ETC)",,,IC,Invest Cont,900,,,500 S  SAN PEDRO                    ST,34.0442,-118.2439,2020.0,1.0,29.0,2.0,0.0,1.0,0,13,46,Afternoon
1504,201209554,03/21/2020 12:00:00 AM,03/21/2020 12:00:00 AM,1830,12,77th Street,1263,1,350,"THEFT, PERSON",1822 0344 0346 0390 0910,27,F,H,801,MTA BUS,,,IC,Invest Cont,350,,,WESTERN                      AV,33.9673,-118.309,2020.0,3.0,21.0,5.0,0.0,1.0,1,18,30,Afternoon
1505,200610590,05/25/2020 12:00:00 AM,05/25/2020 12:00:00 AM,108,6,Hollywood,677,1,236,INTIMATE PARTNER - AGGRAVATED ASSAULT,2000 1414 0400 0416 0401 0913,27,F,W,501,SINGLE FAMILY DWELLING,400.0,"STRONG-ARM (HANDS, FIST, FEET OR BODILY FORCE)",AO,Adult Other,236,,,5300    MONROE                       ST,34.0858,-118.3118,2020.0,5.0,25.0,0.0,0.0,2.0,0,1,8,Night
1507,200812427,07/29/2020 12:00:00 AM,07/29/2020 12:00:00 AM,820,8,West LA,824,2,740,"VANDALISM - FELONY ($400 & OVER, ALL CHURCH VANDALISMS)",1822 0329 0416,33,M,H,101,STREET,,,IC,Invest Cont,740,,,1000    CORSICA                      DR,34.0461,-118.507,2020.0,7.0,29.0,2.0,0.0,3.0,0,8,20,Morning
1508,200414414,10/29/2020 12:00:00 AM,10/20/2020 12:00:00 AM,1246,4,Hollenbeck,423,1,440,THEFT PLAIN - PETTY ($950 & UNDER),344,46,F,H,119,"PORCH, RESIDENTIAL",,,IC,Invest Cont,440,,,1900    WORKMAN                      ST,34.066,-118.2141,2020.0,10.0,20.0,1.0,0.0,4.0,0,12,46,Morning
1510,200804707,01/17/2020 12:00:00 AM,01/16/2020 12:00:00 AM,2045,8,West LA,887,1,320,"BURGLARY, ATTEMPTED",1402 1501 0216 1822 1420 1414,43,M,W,501,SINGLE FAMILY DWELLING,,,IC,Invest Cont,320,998.0,,2500    BEVERWIL                     DR,34.0411,-118.3988,2020.0,1.0,16.0,3.0,0.0,1.0,0,20,45,Evening
1511,200810691,06/15/2020 12:00:00 AM,06/15/2020 12:00:00 AM,1940,8,West LA,832,2,740,"VANDALISM - FELONY ($400 & OVER, ALL CHURCH VANDALISMS)",1822 0329 1609,62,M,W,501,SINGLE FAMILY DWELLING,306.0,ROCK/THROWN OBJECT,IC,Invest Cont,740,,,900 S  BARRINGTON                   AV,34.0533,-118.4652,2020.0,6.0,15.0,0.0,0.0,2.0,0,19,40,Evening
1513,200911627,06/26/2020 12:00:00 AM,06/25/2020 12:00:00 AM,1840,9,Van Nuys,937,2,354,THEFT OF IDENTITY,0377 1822,47,F,W,710,OTHER PREMISE,,,IC,Invest Cont,354,,,13800    VICTORY                      BL,34.1867,-118.434,2020.0,6.0,25.0,3.0,0.0,2.0,0,18,40,Afternoon
1515,200906674,02/28/2020 12:00:00 AM,02/26/2020 12:00:00 AM,1630,9,Van Nuys,905,1,440,THEFT PLAIN - PETTY ($950 & UNDER),344,56,M,W,119,"PORCH, RESIDENTIAL",,,IC,Invest Cont,440,,,14500    LEADWELL                     ST,34.2039,-118.4501,2020.0,2.0,26.0,2.0,0.0,1.0,0,16,30,Afternoon
1516,200313462,06/30/2020 12:00:00 AM,06/29/2020 12:00:00 AM,800,3,Southwest,362,2,740,"VANDALISM - FELONY ($400 & OVER, ALL CHURCH VANDALISMS)",0329 1300 1210,33,F,B,122,"VEHICLE, PASSENGER/TRUCK",,,IC,Invest Cont,740,,,4500    SANTA ROSALIA                DR,34.015,-118.3472,2020.0,6.0,29.0,0.0,0.0,2.0,0,8,0,Morning
1517,200912586,07/20/2020 12:00:00 AM,07/20/2020 12:00:00 AM,1830,9,Van Nuys,901,2,813,CHILD ANNOYING (17YRS & UNDER),1251 1309 1822,17,F,B,101,STREET,,,AO,Adult Other,813,,,COVELLO                      ST,34.2076,-118.4673,2020.0,7.0,20.0,0.0,0.0,3.0,0,18,30,Afternoon
1518,201014253,10/20/2020 12:00:00 AM,10/19/2020 12:00:00 AM,2100,10,West Valley,1067,1,310,BURGLARY,1822 2004 1420 0202 0209,0,M,W,123,PARKING UNDERGROUND/BUILDING,,,IC,Invest Cont,310,,,17500 W  VENTURA                      BL,34.166,-118.5095,2020.0,10.0,19.0,0.0,0.0,4.0,0,21,0,Evening
1520,200308584,03/15/2020 12:00:00 AM,03/15/2020 12:00:00 AM,700,3,Southwest,373,2,745,VANDALISM - MISDEAMEANOR ($399 OR UNDER),0329 0561,58,M,H,501,SINGLE FAMILY DWELLING,,,IC,Invest Cont,745,,,3900    DEGNAN                       BL,34.0146,-118.3301,2020.0,3.0,15.0,6.0,0.0,1.0,1,7,0,Morning
1521,200118573,09/27/2020 12:00:00 AM,09/27/2020 12:00:00 AM,1530,1,Central,156,2,624,BATTERY - SIMPLE ASSAULT,0913 1218 2004 1414 0416,40,F,W,502,"MULTI-UNIT DWELLING (APARTMENT, DUPLEX, ETC)",400.0,"STRONG-ARM (HANDS, FIST, FEET OR BODILY FORCE)",IC,Invest Cont,624,,,500    WALL                         ST,34.044,-118.2467,2020.0,9.0,27.0,6.0,0.0,3.0,1,15,30,Afternoon
1523,200316454,08/29/2020 12:00:00 AM,08/29/2020 12:00:00 AM,40,3,Southwest,397,2,753,DISCHARGE FIREARMS/SHOTS FIRED,1100 1309 0334 1407 1822,19,X,X,101,STREET,102.0,HAND GUN,IC,Invest Cont,753,,,42ND                         ST,34.0073,-118.2937,2020.0,8.0,29.0,5.0,0.0,3.0,1,0,40,Night
1524,200513367,08/25/2020 12:00:00 AM,08/23/2020 12:00:00 AM,1900,5,Harbor,562,1,510,VEHICLE - STOLEN,,0,Unknown,,101,STREET,,,IC,Invest Cont,510,,,700 S  WALKER                       AV,33.737,-118.3034,2020.0,8.0,23.0,6.0,0.0,3.0,1,19,0,Evening
1525,200108514,03-05-2020 00:00,02/25/2020 12:00:00 AM,1300,1,Central,162,1,341,"THEFT-GRAND ($950.01 & OVER)EXCPT,GUNS,FOWL,LIVESTK,PROD",2032 0344 1822,46,F,H,702,OFFICE BUILDING/OFFICE,,,IC,Invest Cont,341,,,700 S  FLOWER                       ST,34.0487,-118.2588,2020.0,2.0,25.0,1.0,0.0,1.0,0,13,0,Afternoon
1528,201211690,04/20/2020 12:00:00 AM,04/20/2020 12:00:00 AM,1725,12,77th Street,1235,2,745,VANDALISM - MISDEAMEANOR ($399 OR UNDER),329,30,M,H,502,"MULTI-UNIT DWELLING (APARTMENT, DUPLEX, ETC)",,,IC,Invest Cont,745,,,1500 W  60TH                         ST,33.9859,-118.3024,2020.0,4.0,20.0,0.0,0.0,2.0,0,17,25,Afternoon
1529,200215519,09/28/2020 12:00:00 AM,09/28/2020 12:00:00 AM,230,2,Rampart,205,1,510,VEHICLE - STOLEN,,0,Unknown,,101,STREET,,,IC,Invest Cont,510,,,2900    BELLEVUE                     AV,34.0804,-118.275,2020.0,9.0,28.0,0.0,0.0,3.0,0,2,30,Night
1530,200613925,08/13/2020 12:00:00 AM,08/13/2020 12:00:00 AM,1308,6,Hollywood,663,2,930,CRIMINAL THREATS - NO WEAPON DISPLAYED,2004 0421 0913,51,F,H,203,OTHER BUSINESS,511.0,VERBAL THREAT,IC,Invest Cont,930,,,6700    LEXINGTON                    AV,34.0926,-118.3366,2020.0,8.0,13.0,3.0,0.0,3.0,0,13,8,Afternoon
1533,201104780,01/17/2020 12:00:00 AM,01/17/2020 12:00:00 AM,1915,11,Northeast,1147,2,624,BATTERY - SIMPLE ASSAULT,0400 0416 0913,31,M,H,101,STREET,500.0,UNKNOWN WEAPON/OTHER WEAPON,IC,Invest Cont,624,,,SAN FERNANDO,34.0951,-118.2311,2020.0,1.0,17.0,4.0,0.0,1.0,0,19,15,Evening
1535,200206865,02/26/2020 12:00:00 AM,02/23/2020 12:00:00 AM,1,2,Rampart,235,1,331,THEFT FROM MOTOR VEHICLE - GRAND ($950.01 AND OVER),0344 0385,56,M,H,101,STREET,,,IC,Invest Cont,331,,,200 S  CARONDELET                   ST,34.0674,-118.2753,2020.0,2.0,23.0,6.0,0.0,1.0,1,0,1,Night
1536,200512437,07/29/2020 12:00:00 AM,07/29/2020 12:00:00 AM,945,5,Harbor,584,2,901,VIOLATION OF RESTRAINING ORDER,0913 1814 2000 2038,30,F,W,104,DRIVEWAY,,,AA,Adult Arrest,901,,,800 W  26TH                         ST,33.7206,-118.2946,2020.0,7.0,29.0,2.0,0.0,3.0,0,9,45,Morning
1537,201109461,05/18/2020 12:00:00 AM,05/17/2020 12:00:00 AM,630,11,Northeast,1116,1,440,THEFT PLAIN - PETTY ($950 & UNDER),344,40,F,W,121,YARD (RESIDENTIAL/BUSINESS),,,IC,Invest Cont,440,,,5100    MIRIAM                       ST,34.1149,-118.2054,2020.0,5.0,17.0,6.0,0.0,2.0,1,6,30,Night
1539,200914026,08/26/2020 12:00:00 AM,08/23/2020 12:00:00 AM,2340,9,Van Nuys,966,1,420,THEFT FROM MOTOR VEHICLE - PETTY ($950 & UNDER),0344 1822,49,M,W,101,STREET,,,IC,Invest Cont,420,,,4700    BUFFALO                      AV,34.156,-118.4291,2020.0,8.0,23.0,6.0,0.0,3.0,1,23,40,Evening
1541,200411078,07/23/2020 12:00:00 AM,07/23/2020 12:00:00 AM,445,4,Hollenbeck,478,1,510,VEHICLE - STOLEN,,0,Unknown,,101,STREET,,,IC,Invest Cont,510,,,900 S  CONCORD                      ST,34.0266,-118.2042,2020.0,7.0,23.0,3.0,0.0,3.0,0,4,45,Night
1542,201217503,07/30/2020 12:00:00 AM,07/30/2020 12:00:00 AM,1445,12,77th Street,1268,1,230,"ASSAULT WITH DEADLY WEAPON, AGGRAVATED ASSAULT",1236 0447 0416 0913,21,M,I,401,MINI-MART,500.0,UNKNOWN WEAPON/OTHER WEAPON,IC,Invest Cont,230,,,7900 S  BROADWAY,33.9673,-118.2783,2020.0,7.0,30.0,3.0,0.0,3.0,0,14,45,Afternoon
1544,200910335,05/31/2020 12:00:00 AM,05/30/2020 12:00:00 AM,1500,9,Van Nuys,966,2,740,"VANDALISM - FELONY ($400 & OVER, ALL CHURCH VANDALISMS)",329,0,X,X,203,OTHER BUSINESS,,,IC,Invest Cont,740,,,13300 W  RIVERSIDE                    DR,34.1576,-118.4225,2020.0,5.0,30.0,5.0,0.0,2.0,1,15,0,Afternoon
1545,200517171,11/28/2020 12:00:00 AM,11/28/2020 12:00:00 AM,200,5,Harbor,514,2,626,INTIMATE PARTNER - SIMPLE ASSAULT,0913 0419 1813 2000 2002 2034,42,F,H,502,"MULTI-UNIT DWELLING (APARTMENT, DUPLEX, ETC)",400.0,"STRONG-ARM (HANDS, FIST, FEET OR BODILY FORCE)",IC,Invest Cont,626,,,800    HAWAIIAN                     AV,33.7792,-118.2768,2020.0,11.0,28.0,5.0,0.0,4.0,1,2,0,Night
1546,200914158,08/30/2020 12:00:00 AM,08/30/2020 12:00:00 AM,1530,9,Van Nuys,964,1,230,"ASSAULT WITH DEADLY WEAPON, AGGRAVATED ASSAULT",0334 1822 1420 1402,29,F,H,109,PARK/PLAYGROUND,204.0,FOLDING KNIFE,AA,Adult Arrest,230,998.0,,14200    HUSTON                       ST,34.1594,-118.4433,2020.0,8.0,30.0,6.0,0.0,3.0,1,15,30,Afternoon
1548,200517861,12/16/2020 12:00:00 AM,12/16/2020 12:00:00 AM,200,5,Harbor,585,1,230,"ASSAULT WITH DEADLY WEAPON, AGGRAVATED ASSAULT",0430 1100 1402 1822,23,M,H,108,PARKING LOT,106.0,UNKNOWN FIREARM,AA,Adult Arrest,230,998.0,,1800 S  PACIFIC                      AV,33.7243,-118.2963,2020.0,12.0,16.0,2.0,0.0,4.0,0,2,0,Night
1551,201105331,01/31/2020 12:00:00 AM,01/30/2020 12:00:00 AM,2300,11,Northeast,1132,1,420,THEFT FROM MOTOR VEHICLE - PETTY ($950 & UNDER),1606 0344 1202,75,M,W,101,STREET,,,IC,Invest Cont,420,,,3300    LOWRY                        RD,34.1134,-118.2791,2020.0,1.0,30.0,3.0,0.0,1.0,0,23,0,Evening
1552,201015462,11/27/2020 12:00:00 AM,11/27/2020 12:00:00 AM,1930,10,West Valley,1006,1,420,THEFT FROM MOTOR VEHICLE - PETTY ($950 & UNDER),,0,Unknown,,108,PARKING LOT,,,IC,Invest Cont,420,,,WHITE OAK                    AV,34.2084,-118.5186,2020.0,11.0,27.0,4.0,0.0,4.0,0,19,30,Evening
1556,201114650,10/14/2020 12:00:00 AM,08/15/2020 12:00:00 AM,2000,11,Northeast,1172,2,740,"VANDALISM - FELONY ($400 & OVER, ALL CHURCH VANDALISMS)",329,52,M,B,101,STREET,,,IC,Invest Cont,740,,,BERKELEY                     AV,34.0867,-118.2701,2020.0,8.0,15.0,5.0,0.0,3.0,1,20,0,Evening
1557,200617986,11/13/2020 12:00:00 AM,11/13/2020 12:00:00 AM,1700,6,Hollywood,666,2,437,RESISTING ARREST,1822 0416 0400 1212,0,X,X,102,SIDEWALK,400.0,"STRONG-ARM (HANDS, FIST, FEET OR BODILY FORCE)",IC,Invest Cont,437,,,1400 N  GOWER                        ST,34.0944,-118.3277,2020.0,11.0,13.0,4.0,0.0,4.0,0,17,0,Afternoon
1558,200307275,02/24/2020 12:00:00 AM,02/24/2020 12:00:00 AM,1050,3,Southwest,357,2,626,INTIMATE PARTNER - SIMPLE ASSAULT,1309 0340 2000 1813 1814 0419 0432,39,F,B,502,"MULTI-UNIT DWELLING (APARTMENT, DUPLEX, ETC)",400.0,"STRONG-ARM (HANDS, FIST, FEET OR BODILY FORCE)",IC,Invest Cont,626,,,1200 W  36TH                         ST,34.023,-118.2944,2020.0,2.0,24.0,0.0,0.0,1.0,0,10,50,Morning
1559,200704765,01/17/2020 12:00:00 AM,01/16/2020 12:00:00 AM,600,7,Wilshire,734,2,930,CRIMINAL THREATS - NO WEAPON DISPLAYED,1402 0421 0553 1261,30,F,H,504,OTHER RESIDENCE,511.0,VERBAL THREAT,IC,Invest Cont,930,998.0,,3RD,34.0702,-118.3511,2020.0,1.0,16.0,3.0,0.0,1.0,0,6,0,Night
1560,200215059,09/16/2020 12:00:00 AM,09/16/2020 12:00:00 AM,250,2,Rampart,236,2,626,INTIMATE PARTNER - SIMPLE ASSAULT,2000 0408 0444 1814,23,F,B,502,"MULTI-UNIT DWELLING (APARTMENT, DUPLEX, ETC)",400.0,"STRONG-ARM (HANDS, FIST, FEET OR BODILY FORCE)",IC,Invest Cont,626,,,100 S  MOUNTAIN VIEW                AV,34.0648,-118.2708,2020.0,9.0,16.0,2.0,0.0,3.0,0,2,50,Night
1562,200312495,06-10-2020 00:00,05/14/2020 12:00:00 AM,1200,3,Southwest,333,1,310,BURGLARY,1605 1822 0344 1202,66,F,B,502,"MULTI-UNIT DWELLING (APARTMENT, DUPLEX, ETC)",,,IC,Invest Cont,310,,,2600    CRENSHAW                     BL,34.0278,-118.3378,2020.0,5.0,14.0,3.0,0.0,2.0,0,12,0,Morning
1563,200610810,05/29/2020 12:00:00 AM,05/29/2020 12:00:00 AM,1130,6,Hollywood,622,2,624,BATTERY - SIMPLE ASSAULT,0400 0444,56,F,W,501,SINGLE FAMILY DWELLING,400.0,"STRONG-ARM (HANDS, FIST, FEET OR BODILY FORCE)",AO,Adult Other,624,,,2300    JUPITER                      DR,34.1106,-118.3646,2020.0,5.0,29.0,4.0,0.0,2.0,0,11,30,Morning
1566,200605012,01/23/2020 12:00:00 AM,01/20/2020 12:00:00 AM,1115,6,Hollywood,639,1,350,"THEFT, PERSON",0344 1202,66,M,A,108,PARKING LOT,,,IC,Invest Cont,350,,,5400    HOLLYWOOD                    BL,34.1036,-118.3049,2020.0,1.0,20.0,0.0,0.0,1.0,0,11,15,Morning
1567,200810638,06/14/2020 12:00:00 AM,06/14/2020 12:00:00 AM,530,8,West LA,887,2,354,THEFT OF IDENTITY,1822 0100 0929,39,M,W,501,SINGLE FAMILY DWELLING,,,IC,Invest Cont,354,,,9300    KRAMERWOOD                   PL,34.0351,-118.3931,2020.0,6.0,14.0,6.0,0.0,2.0,1,5,30,Night
1568,200119957,10/24/2020 12:00:00 AM,09/28/2020 12:00:00 AM,2045,1,Central,157,1,440,THEFT PLAIN - PETTY ($950 & UNDER),0344 2032,43,M,B,101,STREET,,,IC,Invest Cont,440,,,6TH                          ST,34.0423,-118.2453,2020.0,9.0,28.0,0.0,0.0,3.0,0,20,45,Evening
1569,200717053,12/13/2020 12:00:00 AM,12/13/2020 12:00:00 AM,330,7,Wilshire,765,2,888,TRESPASSING,1309 0913,36,F,W,501,SINGLE FAMILY DWELLING,,,IC,Invest Cont,888,,,1400 S  ORANGE                       DR,34.0473,-118.3472,2020.0,12.0,13.0,6.0,0.0,4.0,1,3,30,Night
1571,200612283,07-07-2020 00:00,06/27/2020 12:00:00 AM,340,6,Hollywood,643,1,440,THEFT PLAIN - PETTY ($950 & UNDER),0349 1822,0,X,X,502,"MULTI-UNIT DWELLING (APARTMENT, DUPLEX, ETC)",,,IC,Invest Cont,440,,,7500 W  HOLLYWOOD                    BL,34.1016,-118.3531,2020.0,6.0,27.0,5.0,0.0,2.0,1,3,40,Night
1572,200614017,08/16/2020 12:00:00 AM,08/16/2020 12:00:00 AM,400,6,Hollywood,645,2,740,"VANDALISM - FELONY ($400 & OVER, ALL CHURCH VANDALISMS)",0601 0329 1307 1609,0,X,X,503,HOTEL,306.0,ROCK/THROWN OBJECT,AA,Adult Arrest,740,,,1700    ORCHID                       AV,34.103,-118.3402,2020.0,8.0,16.0,6.0,0.0,3.0,1,4,0,Night
1575,200115420,07/27/2020 12:00:00 AM,07/25/2020 12:00:00 AM,1500,1,Central,111,1,310,BURGLARY,0397 1602 0344 1822 1402,0,M,W,118,CONSTRUCTION SITE,,,IC,Invest Cont,310,998.0,,800 N  BUNKER HILL                  AV,34.0637,-118.244,2020.0,7.0,25.0,5.0,0.0,3.0,1,15,0,Afternoon
1577,200510859,06/21/2020 12:00:00 AM,06/21/2020 12:00:00 AM,1220,5,Harbor,566,2,624,BATTERY - SIMPLE ASSAULT,0400 0913,36,F,B,502,"MULTI-UNIT DWELLING (APARTMENT, DUPLEX, ETC)",500.0,UNKNOWN WEAPON/OTHER WEAPON,AO,Adult Other,624,,,900 S  CENTRE                       ST,33.7351,-118.2836,2020.0,6.0,21.0,6.0,0.0,2.0,1,12,20,Morning
1579,200904797,01/19/2020 12:00:00 AM,01/18/2020 12:00:00 AM,1620,9,Van Nuys,964,1,343,SHOPLIFTING-GRAND THEFT ($950.01 & OVER),325,0,X,X,710,OTHER PREMISE,,,IC,Invest Cont,343,,,14000    RIVERSIDE                    DR,34.1576,-118.438,2020.0,1.0,18.0,5.0,0.0,1.0,1,16,20,Afternoon
1583,201010007,06/15/2020 12:00:00 AM,06/15/2020 12:00:00 AM,1000,10,West Valley,1015,2,740,"VANDALISM - FELONY ($400 & OVER, ALL CHURCH VANDALISMS)",0329 0913 2004,0,M,W,708,CHURCH/CHAPEL (CHANGED 03-03 FROM CHURCH/TEMPLE),,,IC,Invest Cont,740,,,18100    SHERMAN                      WY,34.2048,-118.5273,2020.0,6.0,15.0,0.0,0.0,2.0,0,10,0,Morning
1584,200515831,10/26/2020 12:00:00 AM,10/26/2020 12:00:00 AM,2045,5,Harbor,514,1,210,ROBBERY,0416 0448 0429 0344,31,F,H,501,SINGLE FAMILY DWELLING,400.0,"STRONG-ARM (HANDS, FIST, FEET OR BODILY FORCE)",AA,Adult Arrest,210,,,1000    KING                         AV,33.7822,-118.2757,2020.0,10.0,26.0,0.0,0.0,4.0,0,20,45,Evening
1585,200414908,11/15/2020 12:00:00 AM,11/13/2020 12:00:00 AM,1800,4,Hollenbeck,473,1,330,BURGLARY FROM VEHICLE,0344 1302 0329,58,F,B,101,STREET,,,IC,Invest Cont,330,,,600 S  ST LOUIS                     ST,34.0376,-118.2166,2020.0,11.0,13.0,4.0,0.0,4.0,0,18,0,Afternoon
1587,200314796,07/25/2020 12:00:00 AM,07/24/2020 12:00:00 AM,2100,3,Southwest,328,1,330,BURGLARY FROM VEHICLE,1307 1609 0329 0344 1822,32,M,B,506,ABANDONED BUILDING ABANDONED HOUSE,,,IC,Invest Cont,330,,,800 W  32ND                         ST,34.0248,-118.2818,2020.0,7.0,24.0,4.0,0.0,3.0,0,21,0,Evening
1588,201208020,02/27/2020 12:00:00 AM,02/27/2020 12:00:00 AM,2150,12,77th Street,1248,2,437,RESISTING ARREST,1402 0400,0,X,X,101,STREET,400.0,"STRONG-ARM (HANDS, FIST, FEET OR BODILY FORCE)",IC,Invest Cont,437,998.0,,MENLO,33.9801,-118.2892,2020.0,2.0,27.0,3.0,0.0,1.0,0,21,50,Evening
1589,200113405,06/14/2020 12:00:00 AM,06/14/2020 12:00:00 AM,1200,1,Central,158,2,434,FALSE IMPRISONMENT,0451 1218 1501 0432 1814 0913 0410,50,F,W,502,"MULTI-UNIT DWELLING (APARTMENT, DUPLEX, ETC)",400.0,"STRONG-ARM (HANDS, FIST, FEET OR BODILY FORCE)",AO,Adult Other,434,,,600 S  CENTRAL                      AV,34.0381,-118.2401,2020.0,6.0,14.0,6.0,0.0,2.0,1,12,0,Morning
1591,201113091,08/31/2020 12:00:00 AM,08/30/2020 12:00:00 AM,900,11,Northeast,1145,1,420,THEFT FROM MOTOR VEHICLE - PETTY ($950 & UNDER),,0,Unknown,,101,STREET,,,IC,Invest Cont,420,,,2700    CLEARWATER                   ST,34.105,-118.2547,2020.0,8.0,30.0,6.0,0.0,3.0,1,9,0,Morning
1594,200809088,05-04-2020 00:00,04/23/2020 12:00:00 AM,800,8,West LA,814,2,354,THEFT OF IDENTITY,100,29,M,W,501,SINGLE FAMILY DWELLING,,,IC,Invest Cont,354,,,11300    MONTANA                      AV,34.0669,-118.4619,2020.0,4.0,23.0,3.0,0.0,2.0,0,8,0,Morning
1595,200614293,08/22/2020 12:00:00 AM,08/22/2020 12:00:00 AM,635,6,Hollywood,622,1,230,"ASSAULT WITH DEADLY WEAPON, AGGRAVATED ASSAULT",0400 0416 0334 1822 2004 1402,62,F,W,402,MARKET,200.0,KNIFE WITH BLADE 6INCHES OR LESS,AA,Adult Arrest,230,998.0,,KIRKWOOD,34.1146,-118.3607,2020.0,8.0,22.0,5.0,0.0,3.0,1,6,35,Night
1596,200807486,03/18/2020 12:00:00 AM,03/14/2020 12:00:00 AM,1600,8,West LA,832,1,330,BURGLARY FROM VEHICLE,0344 0321 1822,35,F,O,501,SINGLE FAMILY DWELLING,,,IC,Invest Cont,330,,,11700    DARLINGTON                   AV,34.0525,-118.4643,2020.0,3.0,14.0,5.0,0.0,1.0,1,16,0,Afternoon
1597,201218920,08/19/2020 12:00:00 AM,08/19/2020 12:00:00 AM,1940,12,77th Street,1267,1,210,ROBBERY,0344 0449 0432 1822 1251 1259,14,M,H,210,RESTAURANT/FAST FOOD,200.0,KNIFE WITH BLADE 6INCHES OR LESS,IC,Invest Cont,210,,,MANCHESTER                   AV,33.9601,-118.2827,2020.0,8.0,19.0,2.0,0.0,3.0,0,19,40,Evening
1599,200812380,07/27/2020 12:00:00 AM,07/20/2020 12:00:00 AM,1600,8,West LA,829,1,480,BIKE - STOLEN,0344 1822,21,M,H,502,"MULTI-UNIT DWELLING (APARTMENT, DUPLEX, ETC)",,,IC,Invest Cont,480,,,10300    SANTA MONICA                 BL,34.0589,-118.4221,2020.0,7.0,20.0,0.0,0.0,3.0,0,16,0,Afternoon
1600,200700664,04/14/2020 12:00:00 AM,04/14/2020 12:00:00 AM,945,7,Wilshire,749,2,740,"VANDALISM - FELONY ($400 & OVER, ALL CHURCH VANDALISMS)",1402 2004 0329,52,M,A,108,PARKING LOT,400.0,"STRONG-ARM (HANDS, FIST, FEET OR BODILY FORCE)",AA,Adult Arrest,740,998.0,,1000    CRENSHAW                     BL,34.0585,-118.3262,2020.0,4.0,14.0,1.0,0.0,2.0,0,9,45,Morning
1602,200113470,06/16/2020 12:00:00 AM,05/30/2020 12:00:00 AM,1400,1,Central,158,1,310,BURGLARY,1609 0344 1822 1402,0,M,W,203,OTHER BUSINESS,,,IC,Invest Cont,310,998.0,,800 E  5TH                          ST,34.0426,-118.2412,2020.0,5.0,30.0,5.0,0.0,2.0,1,14,0,Afternoon
1605,201007415,03/20/2020 12:00:00 AM,03/20/2020 12:00:00 AM,1635,10,West Valley,1039,1,230,"ASSAULT WITH DEADLY WEAPON, AGGRAVATED ASSAULT",1300 1822 0302 0371 1805 1816 1270 0906,39,M,H,102,SIDEWALK,101.0,REVOLVER,AA,Adult Arrest,230,,,6700    WOODLEY                      AV,34.1921,-118.4836,2020.0,3.0,20.0,4.0,0.0,1.0,0,16,35,Afternoon
1607,200709546,05/23/2020 12:00:00 AM,05/22/2020 12:00:00 AM,1700,7,Wilshire,773,1,510,VEHICLE - STOLEN,,0,Unknown,,101,STREET,,,IC,Invest Cont,510,,,5300 W  WASHINGTON                   BL,34.0417,-118.3588,2020.0,5.0,22.0,4.0,0.0,2.0,0,17,0,Afternoon
1608,201209518,03/21/2020 12:00:00 AM,03/21/2020 12:00:00 AM,1500,12,77th Street,1245,1,510,VEHICLE - STOLEN,,0,Unknown,,101,STREET,,,IC,Invest Cont,510,,,6500 S  NORMANDIE                    AV,33.9806,-118.3003,2020.0,3.0,21.0,5.0,0.0,1.0,1,15,0,Afternoon
1609,200807520,03/19/2020 12:00:00 AM,03/19/2020 12:00:00 AM,1140,8,West LA,885,2,624,BATTERY - SIMPLE ASSAULT,1501,54,M,W,501,SINGLE FAMILY DWELLING,500.0,UNKNOWN WEAPON/OTHER WEAPON,AO,Adult Other,624,,,10300    NORTHVALE                    RD,34.0331,-118.411,2020.0,3.0,19.0,3.0,0.0,1.0,0,11,40,Morning
1610,201116969,12/25/2020 12:00:00 AM,12/25/2020 12:00:00 AM,630,11,Northeast,1158,1,310,BURGLARY,1210 0344 1606,30,F,O,501,SINGLE FAMILY DWELLING,500.0,UNKNOWN WEAPON/OTHER WEAPON,IC,Invest Cont,310,,,400    COLINA,34.0979,-118.213,2020.0,12.0,25.0,4.0,0.0,4.0,0,6,30,Night
1612,200314890,07/29/2020 12:00:00 AM,07/29/2020 12:00:00 AM,110,3,Southwest,319,2,624,BATTERY - SIMPLE ASSAULT,1822 0416 0447,28,M,O,108,PARKING LOT,500.0,UNKNOWN WEAPON/OTHER WEAPON,IC,Invest Cont,624,,,2500 S  FIGUEROA                     ST,34.0289,-118.2756,2020.0,7.0,29.0,2.0,0.0,3.0,0,1,10,Night
1613,200210364,05/19/2020 12:00:00 AM,05/19/2020 12:00:00 AM,30,2,Rampart,261,1,330,BURGLARY FROM VEHICLE,0344 1307 1609 0329 1300 1202,60,M,H,707,GARAGE/CARPORT,,,IC,Invest Cont,330,,,800    GRAND VIEW                   ST,34.0559,-118.28,2020.0,5.0,19.0,1.0,0.0,2.0,0,0,30,Night
1616,200209588,04/30/2020 12:00:00 AM,04/30/2020 12:00:00 AM,35,2,Rampart,245,2,888,TRESPASSING,1822 0313,0,X,X,719,MEDICAL/DENTAL OFFICES,,,IC,Invest Cont,888,,,2200 W  3RD                          ST,34.0633,-118.2738,2020.0,4.0,30.0,3.0,0.0,2.0,0,0,35,Night
1617,200708534,04/23/2020 12:00:00 AM,04/18/2020 12:00:00 AM,2000,7,Wilshire,784,1,510,VEHICLE - STOLEN,,0,Unknown,,101,STREET,,,IC,Invest Cont,510,,,2300 S  REDONDO                      BL,34.0366,-118.3547,2020.0,4.0,18.0,5.0,0.0,2.0,1,20,0,Evening
1618,200215659,09/22/2020 12:00:00 AM,09/15/2020 12:00:00 AM,1630,2,Rampart,249,1,210,ROBBERY,1822 0344,48,M,H,102,SIDEWALK,400.0,"STRONG-ARM (HANDS, FIST, FEET OR BODILY FORCE)",IC,Invest Cont,210,,,300 S  BEAUDRY                      AV,34.0562,-118.257,2020.0,9.0,15.0,1.0,0.0,3.0,0,16,30,Afternoon
1619,201010262,06/22/2020 12:00:00 AM,06/21/2020 12:00:00 AM,2200,10,West Valley,1045,1,510,VEHICLE - STOLEN,,0,Unknown,,101,STREET,,,IC,Invest Cont,510,,,5600    LINDLEY                      AV,34.1723,-118.5273,2020.0,6.0,21.0,6.0,0.0,2.0,1,22,0,Evening
1620,200316197,08/21/2020 12:00:00 AM,08/21/2020 12:00:00 AM,2200,3,Southwest,379,2,624,BATTERY - SIMPLE ASSAULT,0416 0305 0319 0446 0361 0913,44,F,B,501,SINGLE FAMILY DWELLING,400.0,"STRONG-ARM (HANDS, FIST, FEET OR BODILY FORCE)",IC,Invest Cont,624,,,1000 W  39TH                         PL,34.0142,-118.2921,2020.0,8.0,21.0,4.0,0.0,3.0,0,22,0,Evening
1621,200313476,06/30/2020 12:00:00 AM,06/30/2020 12:00:00 AM,346,3,Southwest,328,1,520,VEHICLE - ATTEMPT STOLEN,1309 1218 1822,22,M,W,707,GARAGE/CARPORT,,,IC,Invest Cont,520,,,700 W  27TH                         ST,34.0281,-118.2788,2020.0,6.0,30.0,1.0,0.0,2.0,0,3,46,Night
1622,201009186,05/20/2020 12:00:00 AM,05/20/2020 12:00:00 AM,445,10,West Valley,1041,1,420,THEFT FROM MOTOR VEHICLE - PETTY ($950 & UNDER),1822 0344 0321 1420 0209 1300,25,F,B,101,STREET,,,IC,Invest Cont,420,,,6000    MELVIN                       AV,34.1793,-118.56,2020.0,5.0,20.0,2.0,0.0,2.0,0,4,45,Night
1623,200808659,04/24/2020 12:00:00 AM,04/24/2020 12:00:00 AM,550,8,West LA,805,1,310,BURGLARY,2004 0381 0358 1607 1822,30,M,W,502,"MULTI-UNIT DWELLING (APARTMENT, DUPLEX, ETC)",,,AA,Adult Arrest,310,,,600    ACANTO                       ST,34.076,-118.4679,2020.0,4.0,24.0,4.0,0.0,2.0,0,5,50,Night
1624,201111791,07/24/2020 12:00:00 AM,07/18/2020 12:00:00 AM,1700,11,Northeast,1102,2,745,VANDALISM - MISDEAMEANOR ($399 OR UNDER),329,0,X,X,109,PARK/PLAYGROUND,,,IC,Invest Cont,745,,,4100    CHEVY CHASE                  DR,34.1334,-118.2682,2020.0,7.0,18.0,5.0,0.0,3.0,1,17,0,Afternoon
1628,200206279,02/15/2020 12:00:00 AM,02/15/2020 12:00:00 AM,600,2,Rampart,269,1,330,BURGLARY FROM VEHICLE,0344 0329 1609 1307,19,X,X,101,STREET,,,IC,Invest Cont,330,,,8TH                          ST,34.0506,-118.2699,2020.0,2.0,15.0,5.0,0.0,1.0,1,6,0,Night
1629,201115866,11/18/2020 12:00:00 AM,11/18/2020 12:00:00 AM,1850,11,Northeast,1159,2,624,BATTERY - SIMPLE ASSAULT,0400 0444,51,M,B,109,PARK/PLAYGROUND,400.0,"STRONG-ARM (HANDS, FIST, FEET OR BODILY FORCE)",IC,Invest Cont,624,,,4700 N  FIGUEROA                     ST,34.0998,-118.2039,2020.0,11.0,18.0,2.0,0.0,4.0,0,18,50,Afternoon
1631,200713982,09/18/2020 12:00:00 AM,09/17/2020 12:00:00 AM,250,7,Wilshire,705,2,740,"VANDALISM - FELONY ($400 & OVER, ALL CHURCH VANDALISMS)",1822 0329,30,M,W,702,OFFICE BUILDING/OFFICE,,,IC,Invest Cont,740,,,900 N  LA BREA                      AV,34.0846,-118.3464,2020.0,9.0,17.0,3.0,0.0,3.0,0,2,50,Night
1633,201209656,03/24/2020 12:00:00 AM,03/21/2020 12:00:00 AM,900,12,77th Street,1268,1,510,VEHICLE - STOLEN,1402,0,F,B,101,STREET,,,AO,Adult Other,510,998.0,,84TH                         PL,33.9624,-118.2783,2020.0,3.0,21.0,5.0,0.0,1.0,1,9,0,Morning
1634,200606980,02/26/2020 12:00:00 AM,02/26/2020 12:00:00 AM,100,6,Hollywood,636,1,440,THEFT PLAIN - PETTY ($950 & UNDER),344,40,M,H,710,OTHER PREMISE,,,IC,Invest Cont,440,,,6600    HOLLYWOOD                    BL,34.1034,-118.3325,2020.0,2.0,26.0,2.0,0.0,1.0,0,1,0,Night
1636,200907767,03/23/2020 12:00:00 AM,03/23/2020 12:00:00 AM,1300,9,Van Nuys,981,1,510,VEHICLE - STOLEN,,0,Unknown,,123,PARKING UNDERGROUND/BUILDING,,,AA,Adult Arrest,510,,,15200    DICKENS                      ST,34.1523,-118.4641,2020.0,3.0,23.0,0.0,0.0,1.0,0,13,0,Afternoon
1639,200214256,08/25/2020 12:00:00 AM,08/25/2020 12:00:00 AM,1941,2,Rampart,249,2,740,"VANDALISM - FELONY ($400 & OVER, ALL CHURCH VANDALISMS)",1822 0601 0329 1309,0,X,X,502,"MULTI-UNIT DWELLING (APARTMENT, DUPLEX, ETC)",,,IC,Invest Cont,740,,,600    ST PAUL                      AV,34.0542,-118.2611,2020.0,8.0,25.0,1.0,0.0,3.0,0,19,41,Evening
1640,201305733,01/31/2020 12:00:00 AM,01/27/2020 12:00:00 AM,900,13,Newton,1324,2,624,BATTERY - SIMPLE ASSAULT,1202 0446,60,M,H,402,MARKET,400.0,"STRONG-ARM (HANDS, FIST, FEET OR BODILY FORCE)",IC,Invest Cont,624,,,2000 S  CENTRAL                      AV,34.0233,-118.2516,2020.0,1.0,27.0,0.0,0.0,1.0,0,9,0,Morning
1641,200505266,01/30/2020 12:00:00 AM,01/29/2020 12:00:00 AM,303,5,Harbor,513,1,420,THEFT FROM MOTOR VEHICLE - PETTY ($950 & UNDER),2005 0344 0385 1300,41,F,W,108,PARKING LOT,,,AO,Adult Other,420,,,1200    PACIFIC COAST                HY,33.7899,-118.2975,2020.0,1.0,29.0,2.0,0.0,1.0,0,3,3,Night
1642,200518096,12/22/2020 12:00:00 AM,12/22/2020 12:00:00 AM,700,5,Harbor,531,1,510,VEHICLE - STOLEN,,0,Unknown,,101,STREET,,,IC,Invest Cont,510,,,25900    BELLE PORTE                  AV,33.7876,-118.3012,2020.0,12.0,22.0,1.0,0.0,4.0,0,7,0,Morning
1644,200911873,07-02-2020 00:00,06/29/2020 12:00:00 AM,1700,9,Van Nuys,914,1,341,"THEFT-GRAND ($950.01 & OVER)EXCPT,GUNS,FOWL,LIVESTK,PROD",344,23,F,W,210,RESTAURANT/FAST FOOD,,,IC,Invest Cont,341,,,6800    VAN NUYS                     BL,34.1976,-118.4574,2020.0,6.0,29.0,0.0,0.0,2.0,0,17,0,Afternoon
1647,200407886,04/16/2020 12:00:00 AM,03/31/2020 12:00:00 AM,1405,4,Hollenbeck,459,2,940,EXTORTION,1915,24,F,H,501,SINGLE FAMILY DWELLING,,,IC,Invest Cont,940,,,400 N  CONCORD                      ST,34.041,-118.1947,2020.0,3.0,31.0,1.0,0.0,1.0,0,14,5,Afternoon
1648,201010115,06/17/2020 12:00:00 AM,06/17/2020 12:00:00 AM,1350,10,West Valley,1044,1,230,"ASSAULT WITH DEADLY WEAPON, AGGRAVATED ASSAULT",0906 0444 1822 0334 0387 1414,27,M,W,502,"MULTI-UNIT DWELLING (APARTMENT, DUPLEX, ETC)",200.0,KNIFE WITH BLADE 6INCHES OR LESS,IC,Invest Cont,230,,,18400    COLLINS                      ST,34.1749,-118.5344,2020.0,6.0,17.0,2.0,0.0,2.0,0,13,50,Afternoon
1650,200918839,12/26/2020 12:00:00 AM,12/25/2020 12:00:00 AM,1200,9,Van Nuys,964,1,510,VEHICLE - STOLEN,,0,Unknown,,101,STREET,,,IC,Invest Cont,510,,,MAGNOLIA,34.1649,-118.4312,2020.0,12.0,25.0,4.0,0.0,4.0,0,12,0,Morning
1653,200707522,03/16/2020 12:00:00 AM,03/13/2020 12:00:00 AM,2100,7,Wilshire,765,1,420,THEFT FROM MOTOR VEHICLE - PETTY ($950 & UNDER),344,48,M,H,108,PARKING LOT,,,IC,Invest Cont,420,,,4700    SAN VICENTE                  BL,34.0483,-118.3389,2020.0,3.0,13.0,4.0,0.0,1.0,0,21,0,Evening
1654,200717491,12/26/2020 12:00:00 AM,12/25/2020 12:00:00 AM,2000,7,Wilshire,763,1,410,"BURGLARY FROM VEHICLE, ATTEMPTED",1822 1300,71,F,B,101,STREET,,,IC,Invest Cont,410,,,5600    SATURN                       ST,34.0485,-118.3609,2020.0,12.0,25.0,4.0,0.0,4.0,0,20,0,Evening
1657,200811150,06/26/2020 12:00:00 AM,06/26/2020 12:00:00 AM,1,8,West LA,881,1,341,"THEFT-GRAND ($950.01 & OVER)EXCPT,GUNS,FOWL,LIVESTK,PROD",0344 1822,56,M,H,502,"MULTI-UNIT DWELLING (APARTMENT, DUPLEX, ETC)",,,IC,Invest Cont,341,,,11700 W  PICO                         BL,34.0341,-118.4525,2020.0,6.0,26.0,4.0,0.0,2.0,0,0,1,Night
1658,200913819,08/21/2020 12:00:00 AM,08/21/2020 12:00:00 AM,1509,9,Van Nuys,916,1,648,ARSON,1501 1402 1409,51,M,C,501,SINGLE FAMILY DWELLING,506.0,FIRE,IC,Invest Cont,648,998.0,,7100    MAMMOTH                      AV,34.1994,-118.4324,2020.0,8.0,21.0,4.0,0.0,3.0,0,15,9,Afternoon
1659,200210519,05/22/2020 12:00:00 AM,05/22/2020 12:00:00 AM,1300,2,Rampart,269,2,626,INTIMATE PARTNER - SIMPLE ASSAULT,0913 2000 0444 1813 1300,27,F,H,102,SIDEWALK,400.0,"STRONG-ARM (HANDS, FIST, FEET OR BODILY FORCE)",AO,Adult Other,626,,,1300    JAMES M WOOD                 BL,34.0508,-118.2683,2020.0,5.0,22.0,4.0,0.0,2.0,0,13,0,Afternoon
1660,201209372,03/17/2020 12:00:00 AM,03/17/2020 12:00:00 AM,200,12,77th Street,1242,2,745,VANDALISM - MISDEAMEANOR ($399 OR UNDER),0329 1822,28,F,B,122,"VEHICLE, PASSENGER/TRUCK",,,IC,Invest Cont,745,,,6200 S  VAN NESS                     AV,33.9818,-118.3221,2020.0,3.0,17.0,1.0,0.0,1.0,0,2,0,Night
1661,201007282,03/16/2020 12:00:00 AM,03/14/2020 12:00:00 AM,2230,10,West Valley,1011,1,210,ROBBERY,0344 0334 1822 1202,72,M,W,101,STREET,200.0,KNIFE WITH BLADE 6INCHES OR LESS,IC,Invest Cont,210,,,TAMPA                        AV,34.2084,-118.5535,2020.0,3.0,14.0,5.0,0.0,1.0,1,22,30,Evening
1662,201214995,06/19/2020 12:00:00 AM,06/19/2020 12:00:00 AM,1822,12,77th Street,1267,1,331,THEFT FROM MOTOR VEHICLE - GRAND ($950.01 AND OVER),1822 0344 1606 1309,41,M,H,503,HOTEL,,,IC,Invest Cont,331,,,8400 S  FIGUEROA                     ST,33.9623,-118.2827,2020.0,6.0,19.0,4.0,0.0,2.0,0,18,22,Afternoon
1663,201305763,02-01-2020 00:00,01/31/2020 12:00:00 AM,2100,13,Newton,1333,1,510,VEHICLE - STOLEN,,0,Unknown,,101,STREET,,,AA,Adult Arrest,510,,,29TH                         ST,34.0181,-118.2592,2020.0,1.0,31.0,4.0,0.0,1.0,0,21,0,Evening
1664,200209660,05-01-2020 00:00,04/30/2020 12:00:00 AM,1200,2,Rampart,217,1,510,VEHICLE - STOLEN,,0,Unknown,,123,PARKING UNDERGROUND/BUILDING,,,IC,Invest Cont,510,,,1600 W  TEMPLE                       ST,34.0727,-118.2637,2020.0,4.0,30.0,3.0,0.0,2.0,0,12,0,Morning
1666,201110412,06/14/2020 12:00:00 AM,06/13/2020 12:00:00 AM,2200,11,Northeast,1161,1,236,INTIMATE PARTNER - AGGRAVATED ASSAULT,2000 0913 0448 0444 0408 1814,28,F,H,501,SINGLE FAMILY DWELLING,400.0,"STRONG-ARM (HANDS, FIST, FEET OR BODILY FORCE)",IC,Invest Cont,236,,,1100 N  KENMORE                      AV,34.0909,-118.2974,2020.0,6.0,13.0,5.0,0.0,2.0,1,22,0,Evening
1667,200904837,01/20/2020 12:00:00 AM,01/18/2020 12:00:00 AM,1600,9,Van Nuys,937,1,510,VEHICLE - STOLEN,,0,Unknown,,101,STREET,,,IC,Invest Cont,510,,,13900    BESSEMER                     ST,34.1813,-118.4356,2020.0,1.0,18.0,5.0,0.0,1.0,1,16,0,Afternoon
1669,200110484,04/14/2020 12:00:00 AM,04/14/2020 12:00:00 AM,2300,1,Central,166,2,624,BATTERY - SIMPLE ASSAULT,1202 1218 0416 1822,85,F,W,517,MISSIONS/SHELTERS,400.0,"STRONG-ARM (HANDS, FIST, FEET OR BODILY FORCE)",IC,Invest Cont,624,,,600 S  SAN PEDRO                    ST,34.0421,-118.2469,2020.0,4.0,14.0,1.0,0.0,2.0,0,23,0,Evening
1670,200904754,01/17/2020 12:00:00 AM,01/16/2020 12:00:00 AM,1800,9,Van Nuys,923,2,354,THEFT OF IDENTITY,0100 0377 0935 1822,56,M,W,501,SINGLE FAMILY DWELLING,,,IC,Invest Cont,354,,,14600    HAYNES                       ST,34.1897,-118.4509,2020.0,1.0,16.0,3.0,0.0,1.0,0,18,0,Afternoon
1672,200808865,04/30/2020 12:00:00 AM,04/30/2020 12:00:00 AM,1810,8,West LA,855,2,888,TRESPASSING,1300 1402 1501,56,M,W,502,"MULTI-UNIT DWELLING (APARTMENT, DUPLEX, ETC)",,,AO,Adult Other,888,998.0,,1500    GREENFIELD                   AV,34.052,-118.4441,2020.0,4.0,30.0,3.0,0.0,2.0,0,18,10,Afternoon
1676,200613243,07/29/2020 12:00:00 AM,07/27/2020 12:00:00 AM,2100,6,Hollywood,638,1,510,VEHICLE - STOLEN,,0,Unknown,,108,PARKING LOT,,,IC,Invest Cont,510,,,1700    TAFT                         AV,34.1017,-118.3147,2020.0,7.0,27.0,0.0,0.0,3.0,0,21,0,Evening
1677,200509841,05/23/2020 12:00:00 AM,05/23/2020 12:00:00 AM,1900,5,Harbor,505,2,745,VANDALISM - MISDEAMEANOR ($399 OR UNDER),0329 1236,0,X,X,702,OFFICE BUILDING/OFFICE,,,IC,Invest Cont,745,,,1200 W  190TH                        ST,33.8583,-118.2971,2020.0,5.0,23.0,5.0,0.0,2.0,1,19,0,Evening
1680,200308110,03-07-2020 00:00,02/14/2020 12:00:00 AM,2200,3,Southwest,337,1,420,THEFT FROM MOTOR VEHICLE - PETTY ($950 & UNDER),1300 0344,42,F,H,501,SINGLE FAMILY DWELLING,,,IC,Invest Cont,420,,,2900 S  NORMANDIE                    AV,34.0291,-118.3002,2020.0,2.0,14.0,4.0,0.0,1.0,0,22,0,Evening
1682,200614351,08/22/2020 12:00:00 AM,08/22/2020 12:00:00 AM,1550,6,Hollywood,645,1,341,"THEFT-GRAND ($950.01 & OVER)EXCPT,GUNS,FOWL,LIVESTK,PROD",0344 0325 1822,0,X,X,203,OTHER BUSINESS,,,AA,Adult Arrest,341,,,6800 W  HOLLYWOOD                    BL,34.1016,-118.3391,2020.0,8.0,22.0,5.0,0.0,3.0,1,15,50,Afternoon
1683,200618489,11/25/2020 12:00:00 AM,11/24/2020 12:00:00 AM,1330,6,Hollywood,637,1,341,"THEFT-GRAND ($950.01 & OVER)EXCPT,GUNS,FOWL,LIVESTK,PROD",1822 0344,51,M,A,210,RESTAURANT/FAST FOOD,,,IC,Invest Cont,341,,,6200    HOLLYWOOD                    BL,34.103,-118.3225,2020.0,11.0,24.0,1.0,0.0,4.0,0,13,30,Afternoon
1685,200618418,11/23/2020 12:00:00 AM,11/23/2020 12:00:00 AM,1240,6,Hollywood,639,1,236,INTIMATE PARTNER - AGGRAVATED ASSAULT,2000 0400 1814 0408,37,M,B,502,"MULTI-UNIT DWELLING (APARTMENT, DUPLEX, ETC)",400.0,"STRONG-ARM (HANDS, FIST, FEET OR BODILY FORCE)",AO,Adult Other,236,,,5200    HOLLYWOOD                    BL,34.1036,-118.3049,2020.0,11.0,23.0,0.0,0.0,4.0,0,12,40,Morning
1686,200812265,07/24/2020 12:00:00 AM,07/20/2020 12:00:00 AM,1830,8,West LA,805,1,330,BURGLARY FROM VEHICLE,1202 0344 0346,62,M,W,501,SINGLE FAMILY DWELLING,,,IC,Invest Cont,330,,,ROSCOMARE                    RD,34.1153,-118.4636,2020.0,7.0,20.0,0.0,0.0,3.0,0,18,30,Afternoon
1687,201005208,01/29/2020 12:00:00 AM,01/29/2020 12:00:00 AM,1415,10,West Valley,1025,1,440,THEFT PLAIN - PETTY ($950 & UNDER),0344 0377 2032,17,M,H,109,PARK/PLAYGROUND,,,IC,Invest Cont,440,,,7000    BERTRAND                     AV,34.1975,-118.5243,2020.0,1.0,29.0,2.0,0.0,1.0,0,14,15,Afternoon
1689,201226123,12-10-2020 00:00,08/27/2020 12:00:00 AM,1,12,77th Street,1258,2,845,SEX OFFENDER REGISTRANT OUT OF COMPLIANCE,,0,X,X,726,POLICE FACILITY,,,IC,Invest Cont,845,,,7600 S  BROADWAY,33.9703,-118.2783,2020.0,8.0,27.0,3.0,0.0,3.0,0,0,1,Night
1690,201116741,12/18/2020 12:00:00 AM,12/13/2020 12:00:00 AM,100,11,Northeast,1117,2,624,BATTERY - SIMPLE ASSAULT,0913 0400 0416,28,M,H,514,GROUP HOME,400.0,"STRONG-ARM (HANDS, FIST, FEET OR BODILY FORCE)",IC,Invest Cont,624,,,1600    SILVER OAK                   TR,34.1294,-118.2108,2020.0,12.0,13.0,6.0,0.0,4.0,1,1,0,Night
1691,201109966,06-01-2020 00:00,05/31/2020 12:00:00 AM,1700,11,Northeast,1134,1,510,VEHICLE - STOLEN,,0,Unknown,,101,STREET,,,IC,Invest Cont,510,,,MOSS                         AV,34.1096,-118.2383,2020.0,5.0,31.0,6.0,0.0,2.0,1,17,0,Afternoon
1693,201110535,06/18/2020 12:00:00 AM,06/17/2020 12:00:00 AM,1108,11,Northeast,1136,1,310,BURGLARY,344,60,M,O,501,SINGLE FAMILY DWELLING,,,AO,Adult Other,310,,,4800 N  MENDOTA                      AV,34.1177,-118.2116,2020.0,6.0,17.0,2.0,0.0,2.0,0,11,8,Morning
1694,200900002,08/15/2020 12:00:00 AM,08/14/2020 12:00:00 AM,1900,9,Van Nuys,926,1,510,VEHICLE - STOLEN,,0,Unknown,,101,STREET,,,IC,Invest Cont,510,,,14000    ARCHWOOD                     ST,34.193,-118.4389,2020.0,8.0,14.0,4.0,0.0,3.0,0,19,0,Evening
1696,201209129,03/13/2020 12:00:00 AM,03/13/2020 12:00:00 AM,1440,12,77th Street,1265,2,900,VIOLATION OF COURT ORDER,0602 0913 2021,54,F,W,704,ELEMENTARY SCHOOL,,,AO,Adult Other,900,,,7900 S  VERMONT                      AV,33.9676,-118.2918,2020.0,3.0,13.0,4.0,0.0,1.0,0,14,40,Afternoon
1697,200808825,04/29/2020 12:00:00 AM,04/29/2020 12:00:00 AM,1000,8,West LA,841,1,230,"ASSAULT WITH DEADLY WEAPON, AGGRAVATED ASSAULT",0334 0432 1822 2004,51,M,H,203,OTHER BUSINESS,207.0,OTHER KNIFE,IC,Invest Cont,230,,,11900    WILSHIRE                     BL,34.0467,-118.4643,2020.0,4.0,29.0,2.0,0.0,2.0,0,10,0,Morning
1698,201010230,06/21/2020 12:00:00 AM,06/21/2020 12:00:00 AM,25,10,West Valley,1008,1,230,"ASSAULT WITH DEADLY WEAPON, AGGRAVATED ASSAULT",0913 0416 2024 1206 0445,36,M,H,102,SIDEWALK,304.0,CLUB/BAT,IC,Invest Cont,230,,,LINDLEY,34.2077,-118.4912,2020.0,6.0,21.0,6.0,0.0,2.0,1,0,25,Night
1699,201217031,07/23/2020 12:00:00 AM,07/23/2020 12:00:00 AM,1930,12,77th Street,1269,1,230,"ASSAULT WITH DEADLY WEAPON, AGGRAVATED ASSAULT",0400 0416 1822 0334 0421,37,M,H,101,STREET,102.0,HAND GUN,IC,Invest Cont,230,,,80TH                         ST,33.9665,-118.2652,2020.0,7.0,23.0,3.0,0.0,3.0,0,19,30,Evening
1700,200407034,03/17/2020 12:00:00 AM,03/15/2020 12:00:00 AM,2300,4,Hollenbeck,457,2,745,VANDALISM - MISDEAMEANOR ($399 OR UNDER),329,70,M,H,501,SINGLE FAMILY DWELLING,,,IC,Invest Cont,745,,,2700    FOLSOM                       ST,34.0467,-118.2031,2020.0,3.0,15.0,6.0,0.0,1.0,1,23,0,Evening
1701,201005306,01/31/2020 12:00:00 AM,01/28/2020 12:00:00 AM,1600,10,West Valley,1065,1,341,"THEFT-GRAND ($950.01 & OVER)EXCPT,GUNS,FOWL,LIVESTK,PROD",1822 1420 1608 0344,52,F,O,108,PARKING LOT,,,IC,Invest Cont,341,,,5500    NEWCASTLE                    AV,34.1707,-118.5244,2020.0,1.0,28.0,1.0,0.0,1.0,0,16,0,Afternoon
1702,200717220,12/17/2020 12:00:00 AM,12/17/2020 12:00:00 AM,2000,7,Wilshire,764,2,626,INTIMATE PARTNER - SIMPLE ASSAULT,1814 0448 2000,29,F,B,502,"MULTI-UNIT DWELLING (APARTMENT, DUPLEX, ETC)",400.0,"STRONG-ARM (HANDS, FIST, FEET OR BODILY FORCE)",IC,Invest Cont,626,,,1400    HAUSER                       BL,34.0486,-118.3569,2020.0,12.0,17.0,3.0,0.0,4.0,0,20,0,Evening
1703,200416129,12/21/2020 12:00:00 AM,12/18/2020 12:00:00 AM,1600,4,Hollenbeck,471,1,510,VEHICLE - STOLEN,,0,Unknown,,108,PARKING LOT,,,IC,Invest Cont,510,,,600 S  MISSION                      RD,34.0381,-118.2262,2020.0,12.0,18.0,4.0,0.0,4.0,0,16,0,Afternoon
1704,200709235,05/14/2020 12:00:00 AM,05/14/2020 12:00:00 AM,715,7,Wilshire,723,2,624,BATTERY - SIMPLE ASSAULT,0416 0400 0448 1822 1402,30,F,W,710,OTHER PREMISE,400.0,"STRONG-ARM (HANDS, FIST, FEET OR BODILY FORCE)",IC,Invest Cont,624,998.0,,7900    BEVERLY                      BL,34.0761,-118.3614,2020.0,5.0,14.0,3.0,0.0,2.0,0,7,15,Morning
1705,200310009,04/17/2020 12:00:00 AM,04/16/2020 12:00:00 AM,1700,3,Southwest,393,1,510,VEHICLE - STOLEN,,0,Unknown,,101,STREET,,,IC,Invest Cont,510,,,STOCKER,34.0085,-118.3314,2020.0,4.0,16.0,3.0,0.0,2.0,0,17,0,Afternoon
1706,200707782,03/26/2020 12:00:00 AM,03/26/2020 12:00:00 AM,930,7,Wilshire,783,2,850,INDECENT EXPOSURE,529,56,M,W,501,SINGLE FAMILY DWELLING,,,IC,Invest Cont,850,,,5200 W  20TH                         ST,34.0404,-118.3544,2020.0,3.0,26.0,3.0,0.0,1.0,0,9,30,Morning
1707,200816888,11/25/2020 12:00:00 AM,11/25/2020 12:00:00 AM,125,8,West LA,881,2,624,BATTERY - SIMPLE ASSAULT,0400 0416,56,M,W,102,SIDEWALK,400.0,"STRONG-ARM (HANDS, FIST, FEET OR BODILY FORCE)",IC,Invest Cont,624,,,11700 W  OLYMPIC                      BL,34.034,-118.4482,2020.0,11.0,25.0,2.0,0.0,4.0,0,1,25,Night
1708,201308913,03/31/2020 12:00:00 AM,03/31/2020 12:00:00 AM,1900,13,Newton,1385,2,930,CRIMINAL THREATS - NO WEAPON DISPLAYED,1202 0421 0432 0603 0361 2038,70,M,H,501,SINGLE FAMILY DWELLING,511.0,VERBAL THREAT,AO,Adult Other,930,,,300 E  GAGE                         AV,33.9857,-118.2628,2020.0,3.0,31.0,1.0,0.0,1.0,0,19,0,Evening
1709,200112448,05/31/2020 12:00:00 AM,05/29/2020 12:00:00 AM,1700,1,Central,163,1,310,BURGLARY,0352 1822 0344 0329 1609,44,M,W,203,OTHER BUSINESS,,,IC,Invest Cont,310,,,700 S  BROADWAY,34.0452,-118.2534,2020.0,5.0,29.0,4.0,0.0,2.0,0,17,0,Afternoon
1710,201219689,08/31/2020 12:00:00 AM,08/31/2020 12:00:00 AM,400,12,77th Street,1268,1,510,VEHICLE - STOLEN,,0,Unknown,,101,STREET,,,IC,Invest Cont,510,,,200 E  82ND                         ST,33.9654,-118.2717,2020.0,8.0,31.0,0.0,0.0,3.0,0,4,0,Night
1711,200807531,03/20/2020 12:00:00 AM,03/19/2020 12:00:00 AM,200,8,West LA,847,1,420,THEFT FROM MOTOR VEHICLE - PETTY ($950 & UNDER),1606 0344 1822,21,M,W,104,DRIVEWAY,,,IC,Invest Cont,420,,,10300    TENNESSEE                    AV,34.0508,-118.415,2020.0,3.0,19.0,3.0,0.0,1.0,0,2,0,Night
1712,201005112,01/25/2020 12:00:00 AM,01/23/2020 12:00:00 AM,2200,10,West Valley,1044,2,740,"VANDALISM - FELONY ($400 & OVER, ALL CHURCH VANDALISMS)",329,41,M,W,122,"VEHICLE, PASSENGER/TRUCK",,,IC,Invest Cont,740,,,18400    HATTERAS                     ST,34.1775,-118.5338,2020.0,1.0,23.0,3.0,0.0,1.0,0,22,0,Evening
1713,200911622,06/26/2020 12:00:00 AM,06/26/2020 12:00:00 AM,1130,9,Van Nuys,991,1,230,"ASSAULT WITH DEADLY WEAPON, AGGRAVATED ASSAULT",0421 0445 0334 0913,58,M,O,501,SINGLE FAMILY DWELLING,102.0,HAND GUN,AO,Adult Other,230,,,15000    SUNSTONE                     PL,34.1361,-118.4601,2020.0,6.0,26.0,4.0,0.0,2.0,0,11,30,Morning
1714,200816727,11/21/2020 12:00:00 AM,11/21/2020 12:00:00 AM,2100,8,West LA,889,1,310,BURGLARY,1607 1402 1822 0329 1420,39,M,H,719,MEDICAL/DENTAL OFFICES,,,IC,Invest Cont,310,998.0,,1800 S  LA CIENEGA                   BL,34.0425,-118.3818,2020.0,11.0,21.0,5.0,0.0,4.0,1,21,0,Evening
1715,201008367,04/24/2020 12:00:00 AM,04/17/2020 12:00:00 AM,800,10,West Valley,1003,2,740,"VANDALISM - FELONY ($400 & OVER, ALL CHURCH VANDALISMS)",0329 1822,34,M,O,122,"VEHICLE, PASSENGER/TRUCK",,,IC,Invest Cont,740,,,7800    RESEDA                       BL,34.2148,-118.5404,2020.0,4.0,17.0,4.0,0.0,2.0,0,8,0,Morning
1718,200111275,05-02-2020 00:00,04/24/2020 12:00:00 AM,2300,1,Central,192,1,230,"ASSAULT WITH DEADLY WEAPON, AGGRAVATED ASSAULT",0444 0431 0429 0417 0913 1414,54,M,O,108,PARKING LOT,512.0,MACE/PEPPER SPRAY,IC,Invest Cont,230,,,1300 S  FLOWER                       ST,34.0401,-118.2668,2020.0,4.0,24.0,4.0,0.0,2.0,0,23,0,Evening
1719,200617146,10/24/2020 12:00:00 AM,10/24/2020 12:00:00 AM,1900,6,Hollywood,646,1,210,ROBBERY,1402 1822 0344 0400 0432 0312 0353 0384 0342,22,M,H,101,STREET,113.0,SIMULATED GUN,AO,Adult Other,210,998.0,,SUNSET,34.098,-118.3332,2020.0,10.0,24.0,5.0,0.0,4.0,1,19,0,Evening
1720,200404863,01/22/2020 12:00:00 AM,01/22/2020 12:00:00 AM,1820,4,Hollenbeck,457,2,946,OTHER MISCELLANEOUS CRIME,0603 1202,79,F,H,501,SINGLE FAMILY DWELLING,,,AO,Adult Other,946,,,2700    CINCINNATI                   ST,34.046,-118.2035,2020.0,1.0,22.0,2.0,0.0,1.0,0,18,20,Afternoon
1721,200211491,06/18/2020 12:00:00 AM,06/18/2020 12:00:00 AM,600,2,Rampart,281,2,624,BATTERY - SIMPLE ASSAULT,0913 0416 1820 2004,22,F,W,503,HOTEL,400.0,"STRONG-ARM (HANDS, FIST, FEET OR BODILY FORCE)",AO,Adult Other,624,,,1200 S  ALVARADO                     ST,34.0486,-118.2819,2020.0,6.0,18.0,3.0,0.0,2.0,0,6,0,Night
1722,201009428,05/27/2020 12:00:00 AM,05/23/2020 12:00:00 AM,1700,10,West Valley,1017,1,510,VEHICLE - STOLEN,,0,Unknown,,108,PARKING LOT,,,IC,Invest Cont,510,,,17600    SHERMAN                      WY,34.2048,-118.5099,2020.0,5.0,23.0,5.0,0.0,2.0,1,17,0,Afternoon
1724,200309277,03/31/2020 12:00:00 AM,03/31/2020 12:00:00 AM,100,3,Southwest,399,1,510,VEHICLE - STOLEN,,0,Unknown,,108,PARKING LOT,,,IC,Invest Cont,510,,,VERNON,34.0075,-118.2819,2020.0,3.0,31.0,1.0,0.0,1.0,0,1,0,Night
1725,200114078,06/27/2020 12:00:00 AM,05/30/2020 12:00:00 AM,300,1,Central,134,1,310,BURGLARY,0329 1605 1609 0321 0325 1822,0,X,X,210,RESTAURANT/FAST FOOD,312.0,PIPE/METAL PIPE,IC,Invest Cont,310,,,300 S  BROADWAY,34.0507,-118.2482,2020.0,5.0,30.0,5.0,0.0,2.0,1,3,0,Night
1726,200716058,11/16/2020 12:00:00 AM,11/16/2020 12:00:00 AM,1615,7,Wilshire,702,1,440,THEFT PLAIN - PETTY ($950 & UNDER),0325 0342,0,M,W,203,OTHER BUSINESS,,,IC,Invest Cont,440,,,7300 W  MELROSE                      AV,34.0836,-118.3487,2020.0,11.0,16.0,0.0,0.0,4.0,0,16,15,Afternoon
1728,200515677,10/23/2020 12:00:00 AM,10/23/2020 12:00:00 AM,200,5,Harbor,521,1,510,VEHICLE - STOLEN,,0,Unknown,,101,STREET,,,IC,Invest Cont,510,,,2100 N  GAFFEY                       ST,33.7639,-118.2934,2020.0,10.0,23.0,4.0,0.0,4.0,0,2,0,Night
1729,200711920,07/22/2020 12:00:00 AM,07/22/2020 12:00:00 AM,1545,7,Wilshire,765,1,442,SHOPLIFTING - PETTY THEFT ($950 & UNDER),344,0,M,O,407,HARDWARE/BUILDING SUPPLY,,,IC,Invest Cont,442,,,4500 W  PICO                         BL,34.0485,-118.3334,2020.0,7.0,22.0,2.0,0.0,3.0,0,15,45,Afternoon
1730,200505841,02/13/2020 12:00:00 AM,02/13/2020 12:00:00 AM,700,5,Harbor,557,2,354,THEFT OF IDENTITY,929,32,M,O,501,SINGLE FAMILY DWELLING,,,IC,Invest Cont,354,,,800 W  6TH                          ST,33.7388,-118.2945,2020.0,2.0,13.0,3.0,0.0,1.0,0,7,0,Morning
1731,201106130,02/17/2020 12:00:00 AM,02/14/2020 12:00:00 AM,830,11,Northeast,1195,1,510,VEHICLE - STOLEN,,0,Unknown,,101,STREET,,,IC,Invest Cont,510,,,ELYSIAN PARK,34.0747,-118.2402,2020.0,2.0,14.0,4.0,0.0,1.0,0,8,30,Morning
1732,201207344,02/17/2020 12:00:00 AM,02/17/2020 12:00:00 AM,600,12,77th Street,1253,1,310,BURGLARY,0344 1822,35,M,B,501,SINGLE FAMILY DWELLING,,,IC,Invest Cont,310,,,2000 W  76TH                         ST,33.971,-118.3135,2020.0,2.0,17.0,0.0,0.0,1.0,0,6,0,Night
1735,200514316,09/18/2020 12:00:00 AM,09/18/2020 12:00:00 AM,1825,5,Harbor,509,2,901,VIOLATION OF RESTRAINING ORDER,1309 2038,34,F,W,101,STREET,,,AO,Adult Other,901,,,1600    251ST                        ST,33.7968,-118.3043,2020.0,9.0,18.0,4.0,0.0,3.0,0,18,25,Afternoon
1739,200310225,04/21/2020 12:00:00 AM,04/20/2020 12:00:00 AM,1800,3,Southwest,399,1,330,BURGLARY FROM VEHICLE,0344 1822 1609 0329,26,F,H,501,SINGLE FAMILY DWELLING,,,IC,Invest Cont,330,,,4100 S  FIGUEROA                     ST,34.0094,-118.2827,2020.0,4.0,20.0,0.0,0.0,2.0,0,18,0,Afternoon
1740,200816568,11/18/2020 12:00:00 AM,10/30/2020 12:00:00 AM,1900,8,West LA,825,1,330,BURGLARY FROM VEHICLE,0344 1822 0321,55,M,W,501,SINGLE FAMILY DWELLING,,,IC,Invest Cont,330,,,100 S  CARMELINA                    AV,34.0571,-118.4806,2020.0,10.0,30.0,4.0,0.0,4.0,0,19,0,Evening
1741,200105351,01/20/2020 12:00:00 AM,01/18/2020 12:00:00 AM,1715,1,Central,156,2,624,BATTERY - SIMPLE ASSAULT,0416 1822 0429,30,M,W,102,SIDEWALK,400.0,"STRONG-ARM (HANDS, FIST, FEET OR BODILY FORCE)",IC,Invest Cont,624,,,500 S  SAN PEDRO                    ST,34.0437,-118.2455,2020.0,1.0,18.0,5.0,0.0,1.0,1,17,15,Afternoon
1742,201222649,10/15/2020 12:00:00 AM,10/15/2020 12:00:00 AM,1800,12,77th Street,1259,1,210,ROBBERY,1822 1240 0344 0302 0355 0334 0330 0916,36,M,H,101,STREET,106.0,UNKNOWN FIREARM,IC,Invest Cont,210,,,78TH                         ST,33.9685,-118.2564,2020.0,10.0,15.0,3.0,0.0,4.0,0,18,0,Afternoon
1743,201109803,05/27/2020 12:00:00 AM,05/26/2020 12:00:00 AM,2345,11,Northeast,1116,2,900,VIOLATION OF COURT ORDER,2038 0913 1814,18,M,H,101,STREET,,,IC,Invest Cont,900,,,1000 N  AVENUE 51,34.1168,-118.2051,2020.0,5.0,26.0,1.0,0.0,2.0,0,23,45,Evening
1744,201013693,10-03-2020 00:00,09/30/2020 12:00:00 AM,340,10,West Valley,1098,1,420,THEFT FROM MOTOR VEHICLE - PETTY ($950 & UNDER),0321 1822 1300 0344,42,M,O,104,DRIVEWAY,,,AO,Adult Other,420,,,3400    WHITE ROSE                   WY,34.1327,-118.4875,2020.0,9.0,30.0,2.0,0.0,3.0,0,3,40,Night
1746,200307452,02/26/2020 12:00:00 AM,02/26/2020 12:00:00 AM,2345,3,Southwest,377,1,210,ROBBERY,1402 0334 0344 0302 0443 0416 0321 0342 1822 0917,38,F,H,122,"VEHICLE, PASSENGER/TRUCK",102.0,HAND GUN,AA,Adult Arrest,210,910.0,998.0,MARTIN LUTHER KING JR,34.0109,-118.3002,2020.0,2.0,26.0,2.0,0.0,1.0,0,23,45,Evening
1748,200206487,02/19/2020 12:00:00 AM,02/19/2020 12:00:00 AM,1930,2,Rampart,279,2,624,BATTERY - SIMPLE ASSAULT,1202 0913 1810 0416 0446 0305 0417,62,F,H,501,SINGLE FAMILY DWELLING,400.0,"STRONG-ARM (HANDS, FIST, FEET OR BODILY FORCE)",AO,Adult Other,624,,,1300    CONNECTICUT                  ST,34.0464,-118.2708,2020.0,2.0,19.0,2.0,0.0,1.0,0,19,30,Evening
1749,200305547,01/27/2020 12:00:00 AM,01/26/2020 12:00:00 AM,2110,3,Southwest,334,1,510,VEHICLE - STOLEN,,0,Unknown,,101,STREET,,,IC,Invest Cont,510,,,30TH                         ST,34.0276,-118.3327,2020.0,1.0,26.0,6.0,0.0,1.0,1,21,10,Evening
1750,200314695,07/25/2020 12:00:00 AM,07/24/2020 12:00:00 AM,1800,3,Southwest,328,1,510,VEHICLE - STOLEN,,0,Unknown,,101,STREET,,,IC,Invest Cont,510,,,700 W  30TH                         ST,34.0258,-118.2797,2020.0,7.0,24.0,4.0,0.0,3.0,0,18,0,Afternoon
1751,200118574,09/27/2020 12:00:00 AM,09/27/2020 12:00:00 AM,1430,1,Central,174,2,930,CRIMINAL THREATS - NO WEAPON DISPLAYED,0913 2003 2029 0443 0361,27,M,W,502,"MULTI-UNIT DWELLING (APARTMENT, DUPLEX, ETC)",511.0,VERBAL THREAT,IC,Invest Cont,930,,,700 S  MAIN                         ST,34.0437,-118.2518,2020.0,9.0,27.0,6.0,0.0,3.0,1,14,30,Afternoon
1753,200312037,05/28/2020 12:00:00 AM,05/27/2020 12:00:00 AM,2110,3,Southwest,374,2,624,BATTERY - SIMPLE ASSAULT,1822 0342 0202 0416 0446,30,M,B,401,MINI-MART,400.0,"STRONG-ARM (HANDS, FIST, FEET OR BODILY FORCE)",IC,Invest Cont,624,,,OBAMA                        BL,34.0148,-118.3222,2020.0,5.0,27.0,2.0,0.0,2.0,0,21,10,Evening
1754,201219827,09-02-2020 00:00,08/27/2020 12:00:00 AM,1000,12,77th Street,1239,2,624,BATTERY - SIMPLE ASSAULT,1202 0432 0416 0429 0319 0443 1822,66,F,B,403,DRUG STORE,400.0,"STRONG-ARM (HANDS, FIST, FEET OR BODILY FORCE)",IC,Invest Cont,624,,,5800 S  VERMONT                      AV,33.9883,-118.2915,2020.0,8.0,27.0,3.0,0.0,3.0,0,10,0,Morning
1755,201226396,12/14/2020 12:00:00 AM,12/14/2020 12:00:00 AM,1400,12,77th Street,1203,2,745,VANDALISM - MISDEAMEANOR ($399 OR UNDER),0329 1822,31,F,H,502,"MULTI-UNIT DWELLING (APARTMENT, DUPLEX, ETC)",,,IC,Invest Cont,745,,,1700 W  45TH                         ST,34.0028,-118.3096,2020.0,12.0,14.0,0.0,0.0,4.0,0,14,0,Afternoon
1757,200906595,02/27/2020 12:00:00 AM,02/25/2020 12:00:00 AM,1048,9,Van Nuys,948,1,440,THEFT PLAIN - PETTY ($950 & UNDER),0344 0394,29,F,O,119,"PORCH, RESIDENTIAL",,,IC,Invest Cont,440,,,13400    BURBANK                      BL,34.1722,-118.4247,2020.0,2.0,25.0,1.0,0.0,1.0,0,10,48,Morning
1758,200815495,10/20/2020 12:00:00 AM,10/15/2020 12:00:00 AM,1515,8,West LA,817,2,886,DISTURBING THE PEACE,2049 0910,55,F,B,801,MTA BUS,511.0,VERBAL THREAT,IC,Invest Cont,886,,,WILSHIRE,34.0588,-118.4439,2020.0,10.0,15.0,3.0,0.0,4.0,0,15,15,Afternoon
1759,200114823,07/14/2020 12:00:00 AM,07/14/2020 12:00:00 AM,2230,1,Central,162,1,761,BRANDISH WEAPON,0334 1822 0443,34,M,B,102,SIDEWALK,512.0,MACE/PEPPER SPRAY,AO,Adult Other,761,,,7TH,34.0473,-118.2566,2020.0,7.0,14.0,1.0,0.0,3.0,0,22,30,Evening
1764,200900643,03/13/2020 12:00:00 AM,03/13/2020 12:00:00 AM,1400,9,Van Nuys,964,2,354,THEFT OF IDENTITY,1402,0,X,X,101,STREET,,,AA,Adult Arrest,354,,,RIVERSIDE                    DR,34.1576,-118.439,2020.0,3.0,13.0,4.0,0.0,1.0,0,14,0,Afternoon
1765,200808720,04/25/2020 12:00:00 AM,04/22/2020 12:00:00 AM,1400,8,West LA,847,1,420,THEFT FROM MOTOR VEHICLE - PETTY ($950 & UNDER),0358 0385 0344 0346,29,F,K,502,"MULTI-UNIT DWELLING (APARTMENT, DUPLEX, ETC)",,,IC,Invest Cont,420,,,10300    ILONA                        AV,34.0501,-118.4144,2020.0,4.0,22.0,2.0,0.0,2.0,0,14,0,Afternoon
1766,200916665,10/31/2020 12:00:00 AM,10/31/2020 12:00:00 AM,1100,9,Van Nuys,985,1,230,"ASSAULT WITH DEADLY WEAPON, AGGRAVATED ASSAULT",1402 0431 2004 1822,72,F,W,101,STREET,503.0,CAUSTIC CHEMICAL/POISON,AA,Adult Arrest,230,998.0,,14200 W  VENTURA                      BL,34.1498,-118.4421,2020.0,10.0,31.0,5.0,0.0,4.0,1,11,0,Morning
1768,201225017,11/23/2020 12:00:00 AM,11/21/2020 12:00:00 AM,1730,12,77th Street,1267,1,510,VEHICLE - STOLEN,,0,Unknown,,104,DRIVEWAY,,,IC,Invest Cont,510,,,500 W  84TH                         ST,33.9622,-118.2834,2020.0,11.0,21.0,5.0,0.0,4.0,1,17,30,Afternoon
1769,200107955,02/26/2020 12:00:00 AM,02/25/2020 12:00:00 AM,1950,1,Central,156,2,624,BATTERY - SIMPLE ASSAULT,1202 1218 2004 0444 0416,61,F,W,102,SIDEWALK,400.0,"STRONG-ARM (HANDS, FIST, FEET OR BODILY FORCE)",AA,Adult Arrest,624,,,5TH                          ST,34.0446,-118.245,2020.0,2.0,25.0,1.0,0.0,1.0,0,19,50,Evening
1772,200405825,02/17/2020 12:00:00 AM,02/17/2020 12:00:00 AM,200,4,Hollenbeck,473,1,310,BURGLARY,0344 1602,0,X,X,210,RESTAURANT/FAST FOOD,,,IC,Invest Cont,310,,,900 S  SOTO                         ST,34.0376,-118.2166,2020.0,2.0,17.0,0.0,0.0,1.0,0,2,0,Night
1773,201301192,12/28/2020 12:00:00 AM,12/28/2020 12:00:00 AM,30,13,Newton,1317,1,341,"THEFT-GRAND ($950.01 & OVER)EXCPT,GUNS,FOWL,LIVESTK,PROD",0344 0910,49,M,O,935,MTA - BLUE LINE - WASHINGTON,,,IC,Invest Cont,341,,,1900    LONG BEACH                   AV,34.0201,-118.2428,2020.0,12.0,28.0,0.0,0.0,4.0,0,0,30,Night
1774,200607854,03/13/2020 12:00:00 AM,03/13/2020 12:00:00 AM,545,6,Hollywood,645,1,310,BURGLARY,1601 1606 1202 1205 2037 2042 1822 0314,60,M,H,502,"MULTI-UNIT DWELLING (APARTMENT, DUPLEX, ETC)",,,IC,Invest Cont,310,,,6800    FOUNTAIN                     AV,34.1006,-118.3417,2020.0,3.0,13.0,4.0,0.0,1.0,0,5,45,Night
1775,200713063,08/22/2020 12:00:00 AM,08/22/2020 12:00:00 AM,2000,7,Wilshire,722,2,956,"LETTERS, LEWD  -  TELEPHONE CALLS, LEWD",0913 1814 1906,35,F,H,502,"MULTI-UNIT DWELLING (APARTMENT, DUPLEX, ETC)",511.0,VERBAL THREAT,IC,Invest Cont,956,,,8400    BLACKBURN                    AV,34.0721,-118.3733,2020.0,8.0,22.0,5.0,0.0,3.0,1,20,0,Evening
1779,201105016,01/24/2020 12:00:00 AM,01/24/2020 12:00:00 AM,800,11,Northeast,1101,1,761,BRANDISH WEAPON,1822 0400 0334 1402 2004,59,M,O,109,PARK/PLAYGROUND,212.0,BOTTLE,AA,Adult Arrest,761,930.0,998.0,4700    CRYSTAL SPRINGS              DR,34.1516,-118.2859,2020.0,1.0,24.0,4.0,0.0,1.0,0,8,0,Morning
1781,201013997,10/13/2020 12:00:00 AM,10/13/2020 12:00:00 AM,1350,10,West Valley,1077,1,341,"THEFT-GRAND ($950.01 & OVER)EXCPT,GUNS,FOWL,LIVESTK,PROD",0329 0913 0344 0202 1420,54,F,W,203,OTHER BUSINESS,,,AA,Adult Arrest,341,,,17400 W  VENTURA                      BL,34.1611,-118.5116,2020.0,10.0,13.0,1.0,0.0,4.0,0,13,50,Afternoon
1784,200218624,12/15/2020 12:00:00 AM,12/14/2020 12:00:00 AM,1730,2,Rampart,238,1,510,VEHICLE - STOLEN,,0,Unknown,,101,STREET,,,IC,Invest Cont,510,,,200 N  BOYLSTON                     ST,34.0642,-118.257,2020.0,12.0,14.0,0.0,0.0,4.0,0,17,30,Afternoon
1785,200705376,01/29/2020 12:00:00 AM,01/29/2020 12:00:00 AM,1702,7,Wilshire,702,1,440,THEFT PLAIN - PETTY ($950 & UNDER),344,29,F,O,501,SINGLE FAMILY DWELLING,,,IC,Invest Cont,440,,,700 N  VISTA                        ST,34.0836,-118.3522,2020.0,1.0,29.0,2.0,0.0,1.0,0,17,2,Afternoon
1787,201016098,12/14/2020 12:00:00 AM,12/14/2020 12:00:00 AM,1257,10,West Valley,1029,1,331,THEFT FROM MOTOR VEHICLE - GRAND ($950.01 AND OVER),1402,31,F,V,101,STREET,,,IC,Invest Cont,331,,,GLORIA                       AV,34.1976,-118.4793,2020.0,12.0,14.0,0.0,0.0,4.0,0,12,57,Morning
1788,201105275,01/30/2020 12:00:00 AM,01/29/2020 12:00:00 AM,1700,11,Northeast,1137,1,330,BURGLARY FROM VEHICLE,0344 0358 1307,36,M,H,101,STREET,500.0,UNKNOWN WEAPON/OTHER WEAPON,IC,Invest Cont,330,,,400 N  AVENUE 50,34.1109,-118.2016,2020.0,1.0,29.0,2.0,0.0,1.0,0,17,0,Afternoon
1789,201009948,06/13/2020 12:00:00 AM,06/13/2020 12:00:00 AM,430,10,West Valley,1065,1,510,VEHICLE - STOLEN,,0,Unknown,,123,PARKING UNDERGROUND/BUILDING,,,AA,Adult Arrest,510,,,5300    YARMOUTH                     AV,34.167,-118.5203,2020.0,6.0,13.0,5.0,0.0,2.0,1,4,30,Night
1792,200120632,11-05-2020 00:00,10/19/2020 12:00:00 AM,1900,1,Central,182,1,341,"THEFT-GRAND ($950.01 & OVER)EXCPT,GUNS,FOWL,LIVESTK,PROD",0344 0397 1602 1822,23,M,W,502,"MULTI-UNIT DWELLING (APARTMENT, DUPLEX, ETC)",,,IC,Invest Cont,341,,,1000 S  FLOWER                       ST,34.0438,-118.2634,2020.0,10.0,19.0,0.0,0.0,4.0,0,19,0,Evening
1796,201106261,02/20/2020 12:00:00 AM,01/25/2020 12:00:00 AM,2300,11,Northeast,1117,1,815,SEXUAL PENETRATION W/FOREIGN OBJECT,0515 0913 1259,15,F,W,109,PARK/PLAYGROUND,500.0,UNKNOWN WEAPON/OTHER WEAPON,AO,Adult Other,815,,,1800    YOSEMITE                     DR,34.1335,-118.2065,2020.0,1.0,25.0,5.0,0.0,1.0,1,23,0,Evening
1798,200609610,04/27/2020 12:00:00 AM,04/27/2020 12:00:00 AM,2100,6,Hollywood,622,2,932,PEEPING TOM,1219,40,F,W,501,SINGLE FAMILY DWELLING,,,IC,Invest Cont,932,,,7100    HILLSIDE                     AV,34.1053,-118.3454,2020.0,4.0,27.0,0.0,0.0,2.0,0,21,0,Evening
1799,200206350,02/17/2020 12:00:00 AM,02/17/2020 12:00:00 AM,1040,2,Rampart,245,1,121,"RAPE, FORCIBLE",1402 1415 1822 0400 0334 0432 0527 1218,44,F,H,109,PARK/PLAYGROUND,200.0,KNIFE WITH BLADE 6INCHES OR LESS,IC,Invest Cont,121,998.0,,6TH                          ST,34.0612,-118.2785,2020.0,2.0,17.0,0.0,0.0,1.0,0,10,40,Morning
1800,201215546,06/28/2020 12:00:00 AM,06/28/2020 12:00:00 AM,1400,12,77th Street,1248,1,440,THEFT PLAIN - PETTY ($950 & UNDER),0913 1820 0344 1202,68,M,H,502,"MULTI-UNIT DWELLING (APARTMENT, DUPLEX, ETC)",,,IC,Invest Cont,440,,,800 W  68TH                         ST,33.9782,-118.2893,2020.0,6.0,28.0,6.0,0.0,2.0,1,14,0,Afternoon
1802,201110594,06/19/2020 12:00:00 AM,01/21/2020 12:00:00 AM,1500,11,Northeast,1102,2,649,DOCUMENT FORGERY / STOLEN FELONY,1817 0923,56,M,H,501,SINGLE FAMILY DWELLING,,,IC,Invest Cont,649,,,4000    BRUNSWICK                    AV,34.125,-118.2656,2020.0,1.0,21.0,1.0,0.0,1.0,0,15,0,Afternoon
1803,200206921,02/27/2020 12:00:00 AM,02/26/2020 12:00:00 AM,2200,2,Rampart,275,2,624,BATTERY - SIMPLE ASSAULT,0305 0445 0416 0913 0361,28,F,H,502,"MULTI-UNIT DWELLING (APARTMENT, DUPLEX, ETC)",500.0,UNKNOWN WEAPON/OTHER WEAPON,IC,Invest Cont,624,,,1000 S  WESTLAKE                     AV,34.0512,-118.2787,2020.0,2.0,26.0,2.0,0.0,1.0,0,22,0,Evening
1804,200412940,09/19/2020 12:00:00 AM,09/19/2020 12:00:00 AM,1015,4,Hollenbeck,466,2,624,BATTERY - SIMPLE ASSAULT,0913 0416 0429,41,M,H,101,STREET,400.0,"STRONG-ARM (HANDS, FIST, FEET OR BODILY FORCE)",IC,Invest Cont,624,,,WHITTIER,34.0436,-118.2051,2020.0,9.0,19.0,5.0,0.0,3.0,1,10,15,Morning
1805,200911570,06/25/2020 12:00:00 AM,06/16/2020 12:00:00 AM,800,9,Van Nuys,946,1,510,VEHICLE - STOLEN,,0,Unknown,,101,STREET,,,IC,Invest Cont,510,,,COSTELLO                     AV,34.1794,-118.4377,2020.0,6.0,16.0,1.0,0.0,2.0,0,8,0,Morning
1806,201223151,10/22/2020 12:00:00 AM,10/22/2020 12:00:00 AM,1,12,77th Street,1245,2,626,INTIMATE PARTNER - SIMPLE ASSAULT,0401 1814,26,M,B,101,STREET,400.0,"STRONG-ARM (HANDS, FIST, FEET OR BODILY FORCE)",IC,Invest Cont,626,,,65TH                         ST,33.9805,-118.2917,2020.0,10.0,22.0,3.0,0.0,4.0,0,0,1,Night
1808,200320893,11/23/2020 12:00:00 AM,11/23/2020 12:00:00 AM,1500,3,Southwest,393,1,230,"ASSAULT WITH DEADLY WEAPON, AGGRAVATED ASSAULT",0913 0416 0445 1309,50,M,B,108,PARKING LOT,304.0,CLUB/BAT,IC,Invest Cont,230,,,4100    CRENSHAW                     BL,34.0099,-118.3351,2020.0,11.0,23.0,0.0,0.0,4.0,0,15,0,Afternoon
1811,200613355,07/29/2020 12:00:00 AM,06/21/2020 12:00:00 AM,30,6,Hollywood,647,1,310,BURGLARY,1609 0344,0,M,W,203,OTHER BUSINESS,,,IC,Invest Cont,310,,,1500    ARGYLE                       AV,34.098,-118.3251,2020.0,6.0,21.0,6.0,0.0,2.0,1,0,30,Night
1812,200619879,12/31/2020 12:00:00 AM,12/31/2020 12:00:00 AM,1230,6,Hollywood,643,2,624,BATTERY - SIMPLE ASSAULT,0400 0416 0605 1822,26,M,H,203,OTHER BUSINESS,400.0,"STRONG-ARM (HANDS, FIST, FEET OR BODILY FORCE)",IC,Invest Cont,624,,,7300 W  SUNSET                       BL,34.1007,-118.3494,2020.0,12.0,31.0,3.0,0.0,4.0,0,12,30,Morning
1814,200204966,01/21/2020 12:00:00 AM,01/20/2020 12:00:00 AM,2030,2,Rampart,249,1,510,VEHICLE - STOLEN,,0,Unknown,,101,STREET,,,IC,Invest Cont,510,,,6TH                          ST,34.054,-118.262,2020.0,1.0,20.0,0.0,0.0,1.0,0,20,30,Evening
1815,200205203,01/25/2020 12:00:00 AM,01/25/2020 12:00:00 AM,2330,2,Rampart,245,2,626,INTIMATE PARTNER - SIMPLE ASSAULT,0913 2000 0416 1601 1814,36,M,H,101,STREET,400.0,"STRONG-ARM (HANDS, FIST, FEET OR BODILY FORCE)",IC,Invest Cont,626,,,3RD,34.0633,-118.2738,2020.0,1.0,25.0,5.0,0.0,1.0,1,23,30,Evening
1817,201010032,06/15/2020 12:00:00 AM,06/15/2020 12:00:00 AM,1920,10,West Valley,1028,2,740,"VANDALISM - FELONY ($400 & OVER, ALL CHURCH VANDALISMS)",0329 0913 1814 2000,22,F,W,502,"MULTI-UNIT DWELLING (APARTMENT, DUPLEX, ETC)",,,AO,Adult Other,740,,,6500    BALBOA                       BL,34.189,-118.5011,2020.0,6.0,15.0,0.0,0.0,2.0,0,19,20,Evening
1818,200118253,09/20/2020 12:00:00 AM,09/16/2020 12:00:00 AM,1700,1,Central,135,1,420,THEFT FROM MOTOR VEHICLE - PETTY ($950 & UNDER),,0,Unknown,,108,PARKING LOT,,,IC,Invest Cont,420,,,200 S  MAIN                         ST,34.0506,-118.2449,2020.0,9.0,16.0,2.0,0.0,3.0,0,17,0,Afternoon
1819,201225448,11/29/2020 12:00:00 AM,11/29/2020 12:00:00 AM,1930,12,77th Street,1256,2,740,"VANDALISM - FELONY ($400 & OVER, ALL CHURCH VANDALISMS)",329,32,M,H,108,PARKING LOT,,,IC,Invest Cont,740,,,7200 S  FIGUEROA                     ST,33.9741,-118.2827,2020.0,11.0,29.0,6.0,0.0,4.0,1,19,30,Evening
1821,200607107,02/28/2020 12:00:00 AM,02/28/2020 12:00:00 AM,1045,6,Hollywood,646,2,745,VANDALISM - MISDEAMEANOR ($399 OR UNDER),0400 1822 0329,0,X,X,738,LIBRARY,400.0,"STRONG-ARM (HANDS, FIST, FEET OR BODILY FORCE)",IC,Invest Cont,745,,,1600 N  IVAR                         AV,34.0998,-118.3282,2020.0,2.0,28.0,4.0,0.0,1.0,0,10,45,Morning
1822,200512425,07/29/2020 12:00:00 AM,07/29/2020 12:00:00 AM,1850,5,Harbor,508,1,210,ROBBERY,0342 0344 0385 1300 0209 0416 1313,46,M,H,101,STREET,400.0,"STRONG-ARM (HANDS, FIST, FEET OR BODILY FORCE)",IC,Invest Cont,210,,,23900    WESTERN                      AV,33.8072,-118.3076,2020.0,7.0,29.0,2.0,0.0,3.0,0,18,50,Afternoon
1823,201215030,06/20/2020 12:00:00 AM,06/20/2020 12:00:00 AM,1000,12,77th Street,1248,2,625,OTHER ASSAULT,1202 0356 0361 0913,61,F,B,502,"MULTI-UNIT DWELLING (APARTMENT, DUPLEX, ETC)",400.0,"STRONG-ARM (HANDS, FIST, FEET OR BODILY FORCE)",IC,Invest Cont,625,,,800 W  65TH                         ST,33.9801,-118.287,2020.0,6.0,20.0,5.0,0.0,2.0,1,10,0,Morning
1824,201111890,07/27/2020 12:00:00 AM,07/25/2020 12:00:00 AM,2013,11,Northeast,1138,2,910,KIDNAPPING,0418 1300 0423 0438,0,X,X,101,STREET,500.0,UNKNOWN WEAPON/OTHER WEAPON,IC,Invest Cont,910,,,YORK                         BL,34.1177,-118.1872,2020.0,7.0,25.0,5.0,0.0,3.0,1,20,13,Evening
1825,201210231,04-02-2020 00:00,03/25/2020 12:00:00 AM,1200,12,77th Street,1266,1,440,THEFT PLAIN - PETTY ($950 & UNDER),1202 0344 1822,79,M,B,413,FURNITURE STORE,,,IC,Invest Cont,440,,,8000 S  BROADWAY,33.9661,-118.2849,2020.0,3.0,25.0,2.0,0.0,1.0,0,12,0,Morning
1827,200910040,05/22/2020 12:00:00 AM,05/21/2020 12:00:00 AM,1950,9,Van Nuys,914,2,745,VANDALISM - MISDEAMEANOR ($399 OR UNDER),329,47,F,H,501,SINGLE FAMILY DWELLING,,,IC,Invest Cont,745,,,14500    VOSE                         ST,34.1985,-118.4487,2020.0,5.0,21.0,3.0,0.0,2.0,0,19,50,Evening
1828,200608744,04-05-2020 00:00,03/18/2020 12:00:00 AM,1530,6,Hollywood,667,2,888,TRESPASSING,0361 0913 1268,32,F,H,502,"MULTI-UNIT DWELLING (APARTMENT, DUPLEX, ETC)",,,IC,Invest Cont,888,,,1100 N  GOWER                        ST,34.0908,-118.3223,2020.0,3.0,18.0,2.0,0.0,1.0,0,15,30,Afternoon
1830,200513225,08/21/2020 12:00:00 AM,08/18/2020 12:00:00 AM,1200,5,Harbor,504,1,440,THEFT PLAIN - PETTY ($950 & UNDER),344,54,F,W,121,YARD (RESIDENTIAL/BUSINESS),,,IC,Invest Cont,440,,,20900    BRIGHTON                     AV,33.838,-118.3006,2020.0,8.0,18.0,1.0,0.0,3.0,0,12,0,Morning
1831,200510784,06/19/2020 12:00:00 AM,06/17/2020 12:00:00 AM,1400,5,Harbor,503,2,649,DOCUMENT FORGERY / STOLEN FELONY,1202 0100 0913 0923,76,F,H,501,SINGLE FAMILY DWELLING,,,IC,Invest Cont,649,,,1000    HARBOR HEIGHTS               DR,33.7928,-118.2922,2020.0,6.0,17.0,2.0,0.0,2.0,0,14,0,Afternoon
1833,200714788,10-10-2020 00:00,09/30/2020 12:00:00 AM,1800,7,Wilshire,763,1,331,THEFT FROM MOTOR VEHICLE - GRAND ($950.01 AND OVER),0344 1608 0358,73,F,B,101,STREET,,,IC,Invest Cont,331,,,5600    AIRDROME                     ST,34.0445,-118.3623,2020.0,9.0,30.0,2.0,0.0,3.0,0,18,0,Afternoon
1834,200415449,12-01-2020 00:00,11/28/2020 12:00:00 AM,1900,4,Hollenbeck,406,1,510,VEHICLE - STOLEN,,0,Unknown,,101,STREET,,,IC,Invest Cont,510,,,4200    VIA MARISOL,34.0967,-118.1845,2020.0,11.0,28.0,5.0,0.0,4.0,1,19,0,Evening
1835,200611742,06/24/2020 12:00:00 AM,06/24/2020 12:00:00 AM,750,6,Hollywood,648,2,888,TRESPASSING,1501,32,F,W,501,SINGLE FAMILY DWELLING,,,IC,Invest Cont,888,,,5700    CARLTON                      WY,34.1005,-118.3141,2020.0,6.0,24.0,2.0,0.0,2.0,0,7,50,Morning
1836,200107425,02/19/2020 12:00:00 AM,02/18/2020 12:00:00 AM,2200,1,Central,111,1,510,VEHICLE - STOLEN,,0,Unknown,,101,STREET,,,IC,Invest Cont,510,,,800    YALE                         ST,34.0632,-118.2408,2020.0,2.0,18.0,1.0,0.0,1.0,0,22,0,Evening
1837,200407260,03/25/2020 12:00:00 AM,03/24/2020 12:00:00 AM,1700,4,Hollenbeck,461,1,510,VEHICLE - STOLEN,,0,Unknown,,101,STREET,,,IC,Invest Cont,510,,,1ST,34.0475,-118.2241,2020.0,3.0,24.0,1.0,0.0,1.0,0,17,0,Afternoon
1838,200513281,08/21/2020 12:00:00 AM,08/21/2020 12:00:00 AM,1500,5,Harbor,529,2,627,CHILD ABUSE (PHYSICAL) - SIMPLE ASSAULT,0444 0553 1251 1259 0913,15,M,B,501,SINGLE FAMILY DWELLING,400.0,"STRONG-ARM (HANDS, FIST, FEET OR BODILY FORCE)",AO,Adult Other,627,,,300 E  ANAHEIM                      ST,33.7801,-118.2595,2020.0,8.0,21.0,4.0,0.0,3.0,0,15,0,Afternoon
1839,201013335,09/22/2020 12:00:00 AM,09/22/2020 12:00:00 AM,1700,10,West Valley,1024,2,624,BATTERY - SIMPLE ASSAULT,0400 0913 0416 1414 1202,74,M,H,108,PARKING LOT,400.0,"STRONG-ARM (HANDS, FIST, FEET OR BODILY FORCE)",IC,Invest Cont,624,,,18500    SHERMAN                      WY,34.2011,-118.5367,2020.0,9.0,22.0,1.0,0.0,3.0,0,17,0,Afternoon
1843,200316360,08/27/2020 12:00:00 AM,08/27/2020 12:00:00 AM,1,3,Southwest,392,1,510,VEHICLE - STOLEN,,0,Unknown,,101,STREET,,,IC,Invest Cont,510,,,5000    2ND                          AV,33.9975,-118.3192,2020.0,8.0,27.0,3.0,0.0,3.0,0,0,1,Night
1846,200319683,10/31/2020 12:00:00 AM,10/24/2020 12:00:00 AM,2200,3,Southwest,362,2,740,"VANDALISM - FELONY ($400 & OVER, ALL CHURCH VANDALISMS)",0329 1238 1202 0913,75,M,B,502,"MULTI-UNIT DWELLING (APARTMENT, DUPLEX, ETC)",,,IC,Invest Cont,740,,,3800    POTOMAC                      AV,34.0156,-118.3463,2020.0,10.0,24.0,5.0,0.0,4.0,1,22,0,Evening
1849,201309677,04/19/2020 12:00:00 AM,04/19/2020 12:00:00 AM,540,13,Newton,1393,1,440,THEFT PLAIN - PETTY ($950 & UNDER),1814 2000 0446 0416 2002 0344 0913,38,F,B,101,STREET,400.0,"STRONG-ARM (HANDS, FIST, FEET OR BODILY FORCE)",AO,Adult Other,440,626.0,,200 W  71ST                         ST,33.9756,-118.2756,2020.0,4.0,19.0,6.0,0.0,2.0,1,5,40,Night
1850,200513459,08/27/2020 12:00:00 AM,08/27/2020 12:00:00 AM,1945,5,Harbor,585,1,320,"BURGLARY, ATTEMPTED",1202 0329 1601 1822,59,F,B,501,SINGLE FAMILY DWELLING,,,IC,Invest Cont,320,,,2300 S  ALMA                         ST,33.7225,-118.299,2020.0,8.0,27.0,3.0,0.0,3.0,0,19,45,Evening
1853,200322255,12/25/2020 12:00:00 AM,12/25/2020 12:00:00 AM,900,3,Southwest,313,1,330,BURGLARY FROM VEHICLE,0344 1202 1300 1607 1822,81,F,B,123,PARKING UNDERGROUND/BUILDING,,,IC,Invest Cont,330,,,2500 S  BRONSON                      AV,34.0326,-118.3337,2020.0,12.0,25.0,4.0,0.0,4.0,0,9,0,Morning
1854,200116764,08/22/2020 12:00:00 AM,08/21/2020 12:00:00 AM,1900,1,Central,162,1,330,BURGLARY FROM VEHICLE,0344 1402 1822 1300 1605,49,M,B,108,PARKING LOT,,,IC,Invest Cont,330,998.0,,800 S  HILL                         ST,34.0462,-118.2585,2020.0,8.0,21.0,4.0,0.0,3.0,0,19,0,Evening
1857,201227132,12/25/2020 12:00:00 AM,12/25/2020 12:00:00 AM,1,12,77th Street,1211,2,626,INTIMATE PARTNER - SIMPLE ASSAULT,1813 1814 1206 2002 0416,40,F,H,502,"MULTI-UNIT DWELLING (APARTMENT, DUPLEX, ETC)",400.0,"STRONG-ARM (HANDS, FIST, FEET OR BODILY FORCE)",AO,Adult Other,626,,,2400 W  54TH                         ST,33.9932,-118.3198,2020.0,12.0,25.0,4.0,0.0,4.0,0,0,1,Night
1858,200216647,10/26/2020 12:00:00 AM,10/26/2020 12:00:00 AM,235,2,Rampart,279,1,761,BRANDISH WEAPON,0913 2038 0334 0416 0400 2000 1814 1402,31,F,H,106,TUNNEL,308.0,STICK,AO,Adult Other,761,901.0,998.0,1400 W  10TH                         PL,34.0474,-118.2714,2020.0,10.0,26.0,0.0,0.0,4.0,0,2,35,Night
1859,201205892,01/28/2020 12:00:00 AM,01/28/2020 12:00:00 AM,145,12,77th Street,1263,1,761,BRANDISH WEAPON,2004 0334 0913 1218,59,M,B,517,MISSIONS/SHELTERS,204.0,FOLDING KNIFE,IC,Invest Cont,761,,,7900 S  WESTERN                      AV,33.9673,-118.309,2020.0,1.0,28.0,1.0,0.0,1.0,0,1,45,Night
1863,200100785,05/16/2020 12:00:00 AM,05/15/2020 12:00:00 AM,1945,1,Central,142,1,110,CRIMINAL HOMICIDE,1218 1402 2004 0411 1822,57,M,H,138,STAIRWELL*,223.0,UNKNOWN TYPE CUTTING INSTRUMENT,AA,Adult Arrest,110,,,300 S  OLIVE                        ST,34.0523,-118.2502,2020.0,5.0,15.0,4.0,0.0,2.0,0,19,45,Evening
1865,200900692,04/21/2020 12:00:00 AM,04/19/2020 12:00:00 AM,1925,9,Van Nuys,929,2,745,VANDALISM - MISDEAMEANOR ($399 OR UNDER),0329 1402,75,F,W,501,SINGLE FAMILY DWELLING,,,IC,Invest Cont,745,998.0,,6500    LONGRIDGE                    AV,34.189,-118.4209,2020.0,4.0,19.0,6.0,0.0,2.0,1,19,25,Evening
1868,201111232,07-08-2020 00:00,06/29/2020 12:00:00 AM,1700,11,Northeast,1162,2,626,INTIMATE PARTNER - SIMPLE ASSAULT,2000 1210 0913 1241 0448 1300,38,M,W,501,SINGLE FAMILY DWELLING,400.0,"STRONG-ARM (HANDS, FIST, FEET OR BODILY FORCE)",AO,Adult Other,626,,,4300    GATEWAY                      AV,34.0941,-118.2835,2020.0,6.0,29.0,0.0,0.0,2.0,0,17,0,Afternoon
1869,200204971,01/21/2020 12:00:00 AM,01/19/2020 12:00:00 AM,2030,2,Rampart,233,1,510,VEHICLE - STOLEN,,0,Unknown,,101,STREET,,,AO,Adult Other,510,,,RAMPART,34.071,-118.2759,2020.0,1.0,19.0,6.0,0.0,1.0,1,20,30,Evening
1872,200608725,04-01-2020 00:00,03/29/2020 12:00:00 AM,1000,6,Hollywood,663,1,440,THEFT PLAIN - PETTY ($950 & UNDER),0344 0394,28,F,W,501,SINGLE FAMILY DWELLING,,,IC,Invest Cont,440,,,1200 N  ORANGE                       DR,34.0926,-118.3416,2020.0,3.0,29.0,6.0,0.0,1.0,1,10,0,Morning
1874,201114821,10/18/2020 12:00:00 AM,10/18/2020 12:00:00 AM,615,11,Northeast,1134,1,510,VEHICLE - STOLEN,,0,Unknown,,108,PARKING LOT,,,IC,Invest Cont,510,,,2700 N  SAN FERNANDO                 RD,34.1094,-118.2421,2020.0,10.0,18.0,6.0,0.0,4.0,1,6,15,Night
1877,200517203,11/29/2020 12:00:00 AM,11/28/2020 12:00:00 AM,1230,5,Harbor,587,1,510,VEHICLE - STOLEN,,0,Unknown,,104,DRIVEWAY,,,IC,Invest Cont,510,,,700 W  40TH                         ST,33.7079,-118.2918,2020.0,11.0,28.0,5.0,0.0,4.0,1,12,30,Morning
1878,200315252,08-04-2020 00:00,07/22/2020 12:00:00 AM,1230,3,Southwest,327,1,341,"THEFT-GRAND ($950.01 & OVER)EXCPT,GUNS,FOWL,LIVESTK,PROD",0344 1822 2032,32,F,O,501,SINGLE FAMILY DWELLING,,,IC,Invest Cont,341,,,1100 W  28TH                         ST,34.0294,-118.2846,2020.0,7.0,22.0,2.0,0.0,3.0,0,12,30,Morning
1879,200712996,08/21/2020 12:00:00 AM,08/21/2020 12:00:00 AM,930,7,Wilshire,753,1,420,THEFT FROM MOTOR VEHICLE - PETTY ($950 & UNDER),,0,Unknown,,101,STREET,,,IC,Invest Cont,420,,,1100 S  FAIRFAX                      AV,34.0554,-118.3651,2020.0,8.0,21.0,4.0,0.0,3.0,0,9,30,Morning
1880,201222673,10/15/2020 12:00:00 AM,10/15/2020 12:00:00 AM,1920,12,77th Street,1258,1,230,"ASSAULT WITH DEADLY WEAPON, AGGRAVATED ASSAULT",0449 0443 0305 0913 2004,19,X,X,101,STREET,200.0,KNIFE WITH BLADE 6INCHES OR LESS,AO,Adult Other,230,,,83RD                         ST,33.9713,-118.2739,2020.0,10.0,15.0,3.0,0.0,4.0,0,19,20,Evening
1881,200812312,07/26/2020 12:00:00 AM,07/26/2020 12:00:00 AM,1330,8,West LA,899,1,510,VEHICLE - STOLEN,,0,Unknown,,101,STREET,,,AO,Adult Other,510,,,2600 S  CORNING                      ST,34.0348,-118.3822,2020.0,7.0,26.0,6.0,0.0,3.0,1,13,30,Afternoon
1882,201213100,05/18/2020 12:00:00 AM,05/18/2020 12:00:00 AM,1845,12,77th Street,1205,1,310,BURGLARY,0358 1607 1822 0321 0329 0344,36,M,B,501,SINGLE FAMILY DWELLING,,,IC,Invest Cont,310,,,1400 W  49TH                         ST,33.9992,-118.3002,2020.0,5.0,18.0,0.0,0.0,2.0,0,18,45,Afternoon
1884,201116813,12/20/2020 12:00:00 AM,12/20/2020 12:00:00 AM,23,11,Northeast,1136,2,625,OTHER ASSAULT,0400 0416 0429 1822 1309,43,M,W,108,PARKING LOT,400.0,"STRONG-ARM (HANDS, FIST, FEET OR BODILY FORCE)",AO,Adult Other,625,,,4400    EAGLE ROCK                   BL,34.1243,-118.2205,2020.0,12.0,20.0,6.0,0.0,4.0,1,0,23,Night
1885,200410882,07/17/2020 12:00:00 AM,07/17/2020 12:00:00 AM,700,4,Hollenbeck,413,1,440,THEFT PLAIN - PETTY ($950 & UNDER),344,31,M,W,101,STREET,,,IC,Invest Cont,440,,,100 E  AVENUE 33,34.083,-118.2137,2020.0,7.0,17.0,4.0,0.0,3.0,0,7,0,Morning
1886,201108622,04/22/2020 12:00:00 AM,04/20/2020 12:00:00 AM,1900,11,Northeast,1141,1,510,VEHICLE - STOLEN,,0,Unknown,,108,PARKING LOT,,,IC,Invest Cont,510,,,1700 N  MARIPOSA                     AV,34.1018,-118.2995,2020.0,4.0,20.0,0.0,0.0,2.0,0,19,0,Evening
1887,201115204,10/28/2020 12:00:00 AM,10/25/2020 12:00:00 AM,800,11,Northeast,1109,1,310,BURGLARY,0397 1822 0344 0358,42,M,W,120,STORAGE SHED,218.0,OTHER CUTTING INSTRUMENT,IC,Invest Cont,310,,,1300    COLORADO                     BL,34.139,-118.1935,2020.0,10.0,25.0,6.0,0.0,4.0,1,8,0,Morning
1888,201209935,03/29/2020 12:00:00 AM,03/28/2020 12:00:00 AM,2230,12,77th Street,1245,1,420,THEFT FROM MOTOR VEHICLE - PETTY ($950 & UNDER),1822 0344 0385 1402,57,M,H,101,STREET,,,IC,Invest Cont,420,998.0,,1100 W  71ST                         ST,33.9754,-118.2937,2020.0,3.0,28.0,5.0,0.0,1.0,1,22,30,Evening
1889,200516666,11/15/2020 12:00:00 AM,11/15/2020 12:00:00 AM,630,5,Harbor,507,2,745,VANDALISM - MISDEAMEANOR ($399 OR UNDER),0913 0329,39,F,B,502,"MULTI-UNIT DWELLING (APARTMENT, DUPLEX, ETC)",,,AO,Adult Other,745,,,1400 W  227TH                        ST,33.8201,-118.3015,2020.0,11.0,15.0,6.0,0.0,4.0,1,6,30,Night
1891,200404623,01/17/2020 12:00:00 AM,01/16/2020 12:00:00 AM,2230,4,Hollenbeck,478,2,901,VIOLATION OF RESTRAINING ORDER,2038,38,F,H,501,SINGLE FAMILY DWELLING,,,IC,Invest Cont,901,,,3300    WHITTIER                     BL,34.0286,-118.2028,2020.0,1.0,16.0,3.0,0.0,1.0,0,22,30,Evening
1892,200110798,04/21/2020 12:00:00 AM,04/21/2020 12:00:00 AM,1100,1,Central,135,1,310,BURGLARY,1822 1420 0329 1402 0344 2004,49,M,W,203,OTHER BUSINESS,,,AA,Adult Arrest,310,998.0,,MAIN                         ST,34.051,-118.2445,2020.0,4.0,21.0,1.0,0.0,2.0,0,11,0,Morning
1893,200615767,09/23/2020 12:00:00 AM,09/21/2020 12:00:00 AM,2000,6,Hollywood,666,1,510,VEHICLE - STOLEN,,0,Unknown,,108,PARKING LOT,,,IC,Invest Cont,510,,,6500    LA MIRADA                    AV,34.0934,-118.3317,2020.0,9.0,21.0,0.0,0.0,3.0,0,20,0,Evening
1895,201217463,07/30/2020 12:00:00 AM,07/29/2020 12:00:00 AM,2330,12,77th Street,1208,2,740,"VANDALISM - FELONY ($400 & OVER, ALL CHURCH VANDALISMS)",329,0,X,X,101,STREET,,,IC,Invest Cont,740,,,48TH,33.9997,-118.2827,2020.0,7.0,29.0,2.0,0.0,3.0,0,23,30,Evening
1896,200906714,02/29/2020 12:00:00 AM,02/26/2020 12:00:00 AM,1000,9,Van Nuys,933,1,510,VEHICLE - STOLEN,,0,Unknown,,101,STREET,,,IC,Invest Cont,510,,,CEDROS,34.1857,-118.4531,2020.0,2.0,26.0,2.0,0.0,1.0,0,10,0,Morning
1897,201011115,07/18/2020 12:00:00 AM,07/18/2020 12:00:00 AM,1155,10,West Valley,1047,2,624,BATTERY - SIMPLE ASSAULT,0913 1823 0372 0416 0445 0917 0359,34,F,W,102,SIDEWALK,305.0,FIXED OBJECT,AO,Adult Other,624,,,5900    BALBOA                       BL,34.1773,-118.5013,2020.0,7.0,18.0,5.0,0.0,3.0,1,11,55,Morning
1898,200114879,07/15/2020 12:00:00 AM,07/15/2020 12:00:00 AM,300,1,Central,128,1,440,THEFT PLAIN - PETTY ($950 & UNDER),0344 1822 0352 0910 2034 1218,30,M,B,102,SIDEWALK,,,IC,Invest Cont,440,,,1ST,34.0492,-118.2391,2020.0,7.0,15.0,2.0,0.0,3.0,0,3,0,Night
1900,201212971,05/17/2020 12:00:00 AM,05/17/2020 12:00:00 AM,145,12,77th Street,1265,1,761,BRANDISH WEAPON,1402 1822 0443,36,F,O,501,SINGLE FAMILY DWELLING,201.0,KNIFE WITH BLADE OVER 6 INCHES IN LENGTH,AO,Adult Other,761,930.0,998.0,8500 S  VERMONT                      AV,33.9676,-118.2918,2020.0,5.0,17.0,6.0,0.0,2.0,1,1,45,Night
1904,200714156,09/22/2020 12:00:00 AM,09/18/2020 12:00:00 AM,1500,7,Wilshire,732,2,354,THEFT OF IDENTITY,0927 1822,74,M,W,502,"MULTI-UNIT DWELLING (APARTMENT, DUPLEX, ETC)",,,IC,Invest Cont,354,,,6300 W  6TH                          ST,34.0653,-118.365,2020.0,9.0,18.0,4.0,0.0,3.0,0,15,0,Afternoon
1906,200313276,06/27/2020 12:00:00 AM,06/27/2020 12:00:00 AM,40,3,Southwest,337,1,510,VEHICLE - STOLEN,,0,Unknown,,101,STREET,,,IC,Invest Cont,510,,,1600 W  JEFFERSON                    BL,34.0273,-118.3024,2020.0,6.0,27.0,5.0,0.0,2.0,1,0,40,Night
1908,200206488,02/19/2020 12:00:00 AM,02/19/2020 12:00:00 AM,1830,2,Rampart,265,2,625,OTHER ASSAULT,0602 0558 0416 0446 0417 0913,19,M,H,502,"MULTI-UNIT DWELLING (APARTMENT, DUPLEX, ETC)",400.0,"STRONG-ARM (HANDS, FIST, FEET OR BODILY FORCE)",IC,Invest Cont,625,,,700 S  ALVARADO                     ST,34.0565,-118.2768,2020.0,2.0,19.0,2.0,0.0,1.0,0,18,30,Afternoon
1909,200706875,03-02-2020 00:00,02/29/2020 12:00:00 AM,1809,7,Wilshire,701,2,354,THEFT OF IDENTITY,0930 0929,0,M,O,503,HOTEL,,,IC,Invest Cont,354,,,7900    MELROSE                      AV,34.0838,-118.3614,2020.0,2.0,29.0,5.0,0.0,1.0,1,18,9,Afternoon
1912,200707512,03/16/2020 12:00:00 AM,03/15/2020 12:00:00 AM,100,7,Wilshire,753,1,330,BURGLARY FROM VEHICLE,1300 1606 0344,25,F,W,101,STREET,,,IC,Invest Cont,330,,,1100 S  STANLEY                      AV,34.0555,-118.3591,2020.0,3.0,15.0,6.0,0.0,1.0,1,1,0,Night
1913,200217843,11/22/2020 12:00:00 AM,11/22/2020 12:00:00 AM,1605,2,Rampart,265,2,930,CRIMINAL THREATS - NO WEAPON DISPLAYED,2011 1252 1817 0913,42,F,W,101,STREET,511.0,VERBAL THREAT,IC,Invest Cont,930,,,700 S  ALVARADO                     ST,34.056,-118.2771,2020.0,11.0,22.0,6.0,0.0,4.0,1,16,5,Afternoon
1914,201205778,01/26/2020 12:00:00 AM,01/26/2020 12:00:00 AM,1030,12,77th Street,1239,2,626,INTIMATE PARTNER - SIMPLE ASSAULT,2000 0913 1814 0444,20,F,B,101,STREET,400.0,"STRONG-ARM (HANDS, FIST, FEET OR BODILY FORCE)",AO,Adult Other,626,,,500 W  60TH                         ST,33.9851,-118.2827,2020.0,1.0,26.0,6.0,0.0,1.0,1,10,30,Morning
1916,200414151,10/22/2020 12:00:00 AM,10/22/2020 12:00:00 AM,1140,4,Hollenbeck,464,1,236,INTIMATE PARTNER - AGGRAVATED ASSAULT,2000 0913 1814 1243 0400 0334,23,F,B,502,"MULTI-UNIT DWELLING (APARTMENT, DUPLEX, ETC)",400.0,"STRONG-ARM (HANDS, FIST, FEET OR BODILY FORCE)",AO,Adult Other,236,,,200 N  CHICAGO                      ST,34.0462,-118.2114,2020.0,10.0,22.0,3.0,0.0,4.0,0,11,40,Morning
1917,200617404,10/31/2020 12:00:00 AM,10/30/2020 12:00:00 AM,2015,6,Hollywood,639,1,440,THEFT PLAIN - PETTY ($950 & UNDER),0344 0352 1822,0,X,X,405,CLOTHING STORE,,,AO,Adult Other,440,,,5400    HOLLYWOOD                    BL,34.1036,-118.3049,2020.0,10.0,30.0,4.0,0.0,4.0,0,20,15,Evening
1918,200907481,03/15/2020 12:00:00 AM,03/14/2020 12:00:00 AM,1300,9,Van Nuys,971,1,420,THEFT FROM MOTOR VEHICLE - PETTY ($950 & UNDER),1606 0344,29,M,B,123,PARKING UNDERGROUND/BUILDING,,,IC,Invest Cont,420,,,4700 N  SEPULVEDA                    BL,34.156,-118.4662,2020.0,3.0,14.0,5.0,0.0,1.0,1,13,0,Afternoon
1919,201226821,12/20/2020 12:00:00 AM,12/20/2020 12:00:00 AM,2050,12,77th Street,1245,2,624,BATTERY - SIMPLE ASSAULT,0416 1202 2021 0913,67,F,B,102,SIDEWALK,400.0,"STRONG-ARM (HANDS, FIST, FEET OR BODILY FORCE)",AA,Adult Arrest,624,,,6300    BUDLONG                      AV,33.9814,-118.2959,2020.0,12.0,20.0,6.0,0.0,4.0,1,20,50,Evening
1921,200808559,04/21/2020 12:00:00 AM,04/19/2020 12:00:00 AM,2030,8,West LA,829,2,740,"VANDALISM - FELONY ($400 & OVER, ALL CHURCH VANDALISMS)",0329 0202,46,F,W,501,SINGLE FAMILY DWELLING,500.0,UNKNOWN WEAPON/OTHER WEAPON,IC,Invest Cont,740,,,1700    ENSLEY                       AV,34.0617,-118.4216,2020.0,4.0,19.0,6.0,0.0,2.0,1,20,30,Evening
1922,200712122,07/28/2020 12:00:00 AM,07/24/2020 12:00:00 AM,1515,7,Wilshire,702,1,341,"THEFT-GRAND ($950.01 & OVER)EXCPT,GUNS,FOWL,LIVESTK,PROD",344,0,X,X,721,HIGH SCHOOL,,,IC,Invest Cont,341,,,7800 W  MELROSE                      AV,34.0838,-118.3595,2020.0,7.0,24.0,4.0,0.0,3.0,0,15,15,Afternoon
1924,200816097,11-05-2020 00:00,10/26/2020 12:00:00 AM,1140,8,West LA,889,1,341,"THEFT-GRAND ($950.01 & OVER)EXCPT,GUNS,FOWL,LIVESTK,PROD",0394 0344 0346,34,M,O,501,SINGLE FAMILY DWELLING,,,IC,Invest Cont,341,,,2000 S  SHERBOURNE                   DR,34.0398,-118.383,2020.0,10.0,26.0,0.0,0.0,4.0,0,11,40,Morning
1925,201218569,08/13/2020 12:00:00 AM,08/13/2020 12:00:00 AM,1530,12,77th Street,1248,2,745,VANDALISM - MISDEAMEANOR ($399 OR UNDER),1822 0329,41,F,H,501,SINGLE FAMILY DWELLING,,,IC,Invest Cont,745,,,800 W  71ST                         ST,33.9755,-118.2876,2020.0,8.0,13.0,3.0,0.0,3.0,0,15,30,Afternoon
1926,200209268,04/22/2020 12:00:00 AM,04/20/2020 12:00:00 AM,1200,2,Rampart,245,1,330,BURGLARY FROM VEHICLE,0344 0352 1609 1307 1822 0216 0329,23,F,B,502,"MULTI-UNIT DWELLING (APARTMENT, DUPLEX, ETC)",,,IC,Invest Cont,330,,,400 S  LAKE                         ST,34.0621,-118.2747,2020.0,4.0,20.0,0.0,0.0,2.0,0,12,0,Morning
1927,201112955,08/27/2020 12:00:00 AM,08/27/2020 12:00:00 AM,700,11,Northeast,1102,2,626,INTIMATE PARTNER - SIMPLE ASSAULT,0400 0416 0913 1259 1813,17,F,H,501,SINGLE FAMILY DWELLING,400.0,"STRONG-ARM (HANDS, FIST, FEET OR BODILY FORCE)",AA,Adult Arrest,626,,,4400    LA CLEDE                     AV,34.1323,-118.2667,2020.0,8.0,27.0,3.0,0.0,3.0,0,7,0,Morning
1928,200219183,12/31/2020 12:00:00 AM,12/31/2020 12:00:00 AM,700,2,Rampart,251,1,510,VEHICLE - STOLEN,,0,Unknown,,101,STREET,,,IC,Invest Cont,510,,,300 S  RAMPART                      BL,34.0657,-118.2792,2020.0,12.0,31.0,3.0,0.0,4.0,0,7,0,Morning
1929,200513043,08/16/2020 12:00:00 AM,08/16/2020 12:00:00 AM,1825,5,Harbor,511,1,761,BRANDISH WEAPON,0334 1309 1206 0913 0602 0554 2002,34,M,H,501,SINGLE FAMILY DWELLING,110.0,SEMI-AUTOMATIC RIFLE,AO,Adult Other,761,,,25600    PRESIDENT                    AV,33.791,-118.3043,2020.0,8.0,16.0,6.0,0.0,3.0,1,18,25,Afternoon
1932,200608092,03/18/2020 12:00:00 AM,03/18/2020 12:00:00 AM,1330,6,Hollywood,668,2,930,CRIMINAL THREATS - NO WEAPON DISPLAYED,0421 0422 1822,39,F,H,501,SINGLE FAMILY DWELLING,511.0,VERBAL THREAT,IC,Invest Cont,930,,,5500    VIRGINIA                     AV,34.0918,-118.3092,2020.0,3.0,18.0,2.0,0.0,1.0,0,13,30,Afternoon
1934,200321818,12/16/2020 12:00:00 AM,12/16/2020 12:00:00 AM,1515,3,Southwest,321,1,210,ROBBERY,1309 0430 0302 0355 0344 1310 1822,37,M,B,108,PARKING LOT,102.0,HAND GUN,IC,Invest Cont,210,230.0,,3500 S  LA CIENEGA                   BL,34.0237,-118.3722,2020.0,12.0,16.0,2.0,0.0,4.0,0,15,15,Afternoon
1935,200511054,06/25/2020 12:00:00 AM,06/25/2020 12:00:00 AM,1800,5,Harbor,513,2,626,INTIMATE PARTNER - SIMPLE ASSAULT,0444 1309 1814 2000 0448,21,F,B,502,"MULTI-UNIT DWELLING (APARTMENT, DUPLEX, ETC)",400.0,"STRONG-ARM (HANDS, FIST, FEET OR BODILY FORCE)",AO,Adult Other,626,,,1300    FIGUEROA                     PL,33.79,-118.2826,2020.0,6.0,25.0,3.0,0.0,2.0,0,18,0,Afternoon
1938,200806418,02/23/2020 12:00:00 AM,02/22/2020 12:00:00 AM,2000,8,West LA,832,1,440,THEFT PLAIN - PETTY ($950 & UNDER),0344 1218 0913,36,F,W,102,SIDEWALK,,,IC,Invest Cont,440,,,11500    SAN VICENTE                  BL,34.0526,-118.4607,2020.0,2.0,22.0,5.0,0.0,1.0,1,20,0,Evening
1939,200614031,08/15/2020 12:00:00 AM,08/15/2020 12:00:00 AM,2050,6,Hollywood,637,1,210,ROBBERY,2004 1822 0416 0344 0400,39,M,H,158,TRANSIENT ENCAMPMENT,500.0,UNKNOWN WEAPON/OTHER WEAPON,IC,Invest Cont,210,,,ARGYLE,34.1037,-118.3252,2020.0,8.0,15.0,5.0,0.0,3.0,1,20,50,Evening
1941,200518355,12/30/2020 12:00:00 AM,12/29/2020 12:00:00 AM,2100,5,Harbor,516,1,510,VEHICLE - STOLEN,,0,Unknown,,101,STREET,,,IC,Invest Cont,510,,,1300 N  AVALON                       BL,33.7868,-118.2658,2020.0,12.0,29.0,1.0,0.0,4.0,0,21,0,Evening
1942,200805372,01/30/2020 12:00:00 AM,01/30/2020 12:00:00 AM,1320,8,West LA,805,2,900,VIOLATION OF COURT ORDER,2038 1236,49,F,W,501,SINGLE FAMILY DWELLING,,,AO,Adult Other,900,,,11300    CHALON                       RD,34.0848,-118.4622,2020.0,1.0,30.0,3.0,0.0,1.0,0,13,20,Afternoon
1943,200319507,10/28/2020 12:00:00 AM,10/27/2020 12:00:00 AM,1800,3,Southwest,393,2,740,"VANDALISM - FELONY ($400 & OVER, ALL CHURCH VANDALISMS)",1822 0329,19,X,X,203,OTHER BUSINESS,,,IC,Invest Cont,740,,,4100    CRENSHAW                     BL,34.0099,-118.3351,2020.0,10.0,27.0,1.0,0.0,4.0,0,18,0,Afternoon
1947,200914713,09/15/2020 12:00:00 AM,09/14/2020 12:00:00 AM,2030,9,Van Nuys,905,1,440,THEFT PLAIN - PETTY ($950 & UNDER),0344 1420,0,X,X,210,RESTAURANT/FAST FOOD,,,IC,Invest Cont,440,,,14500    SHERMAN                      WY,34.2048,-118.4531,2020.0,9.0,14.0,0.0,0.0,3.0,0,20,30,Evening
1948,201013314,09/22/2020 12:00:00 AM,09/21/2020 12:00:00 AM,2000,10,West Valley,1028,1,510,VEHICLE - STOLEN,,0,Unknown,,123,PARKING UNDERGROUND/BUILDING,,,AO,Adult Other,510,,,16800    VANOWEN                      ST,34.1939,-118.4993,2020.0,9.0,21.0,0.0,0.0,3.0,0,20,0,Evening
1949,200506494,02/27/2020 12:00:00 AM,02/25/2020 12:00:00 AM,1530,5,Harbor,551,1,236,INTIMATE PARTNER - AGGRAVATED ASSAULT,0416 0432 0913 1243 1813 2000 0447,53,F,W,501,SINGLE FAMILY DWELLING,306.0,ROCK/THROWN OBJECT,AA,Adult Arrest,236,,,1500 S  WEYMOUTH                     PL,33.7421,-118.3102,2020.0,2.0,25.0,1.0,0.0,1.0,0,15,30,Afternoon
1950,201105289,01/30/2020 12:00:00 AM,01/30/2020 12:00:00 AM,1200,11,Northeast,1159,1,210,ROBBERY,1402 0305 0411 0344 0390 1822,36,F,H,109,PARK/PLAYGROUND,500.0,UNKNOWN WEAPON/OTHER WEAPON,IC,Invest Cont,210,,,4700 N  FIGUEROA                     ST,34.1002,-118.2038,2020.0,1.0,30.0,3.0,0.0,1.0,0,12,0,Morning
1953,200900848,09/26/2020 12:00:00 AM,09/26/2020 12:00:00 AM,1315,9,Van Nuys,923,1,236,INTIMATE PARTNER - AGGRAVATED ASSAULT,1814 0913 0334 0449 2000,29,F,H,301,GAS STATION,200.0,KNIFE WITH BLADE 6INCHES OR LESS,AA,Adult Arrest,236,,,14900    VICTORY                      BL,34.1903,-118.4574,2020.0,9.0,26.0,5.0,0.0,3.0,1,13,15,Afternoon
1954,200710489,05/30/2020 12:00:00 AM,05/30/2020 12:00:00 AM,1425,7,Wilshire,723,1,231,ASSAULT WITH DEADLY WEAPON ON POLICE OFFICER,0416 0917 1212 0447 1822,0,M,X,101,STREET,212.0,BOTTLE,IC,Invest Cont,231,,,3RD                          ST,34.0719,-118.3614,2020.0,5.0,30.0,5.0,0.0,2.0,1,14,25,Afternoon
1956,200312906,06/19/2020 12:00:00 AM,06/16/2020 12:00:00 AM,2000,3,Southwest,336,1,510,VEHICLE - STOLEN,,0,Unknown,,101,STREET,,,IC,Invest Cont,510,,,30TH                         ST,34.0274,-118.3089,2020.0,6.0,16.0,1.0,0.0,2.0,0,20,0,Evening
1958,201104646,01/16/2020 12:00:00 AM,01/14/2020 12:00:00 AM,1700,11,Northeast,1132,1,480,BIKE - STOLEN,0344 0397,32,F,W,707,GARAGE/CARPORT,,,IC,Invest Cont,480,,,4000    LOS FELIZ                    BL,34.1134,-118.2791,2020.0,1.0,14.0,1.0,0.0,1.0,0,17,0,Afternoon
1962,200508618,04/23/2020 12:00:00 AM,04/22/2020 12:00:00 AM,1600,5,Harbor,563,2,956,"LETTERS, LEWD  -  TELEPHONE CALLS, LEWD",1906 1822,25,F,W,501,SINGLE FAMILY DWELLING,,,IC,Invest Cont,956,,,1000 W  10TH                         ST,33.7353,-118.299,2020.0,4.0,22.0,2.0,0.0,2.0,0,16,0,Afternoon
1964,200511987,07/18/2020 12:00:00 AM,07/18/2020 12:00:00 AM,1445,5,Harbor,529,1,510,VEHICLE - STOLEN,,0,Unknown,,101,STREET,,,IC,Invest Cont,510,,,2200 E  I                            ST,33.7828,-118.2345,2020.0,7.0,18.0,5.0,0.0,3.0,1,14,45,Afternoon
1966,200216440,10/21/2020 12:00:00 AM,10/21/2020 12:00:00 AM,145,2,Rampart,248,2,354,THEFT OF IDENTITY,1822 0100 1402,24,F,W,101,STREET,,,AO,Adult Other,354,998.0,,3RD,34.0591,-118.2635,2020.0,10.0,21.0,2.0,0.0,4.0,0,1,45,Night
1967,200717115,12/14/2020 12:00:00 AM,11/27/2020 12:00:00 AM,1359,7,Wilshire,734,1,440,THEFT PLAIN - PETTY ($950 & UNDER),1822 0344 0394,29,M,A,504,OTHER RESIDENCE,,,IC,Invest Cont,440,,,300 S  FULLER                       AV,34.0678,-118.3518,2020.0,11.0,27.0,4.0,0.0,4.0,0,13,59,Afternoon
1968,200209225,04/21/2020 12:00:00 AM,04/21/2020 12:00:00 AM,2150,2,Rampart,248,1,220,ATTEMPTED ROBBERY,1100 0913 0334 0450 0329 1402 1817,50,M,B,502,"MULTI-UNIT DWELLING (APARTMENT, DUPLEX, ETC)",101.0,REVOLVER,AO,Adult Other,220,998.0,,400    WITMER                       ST,34.0576,-118.2644,2020.0,4.0,21.0,1.0,0.0,2.0,0,21,50,Evening
1969,200610426,05/20/2020 12:00:00 AM,05/20/2020 12:00:00 AM,1150,6,Hollywood,647,2,888,TRESPASSING,1822 0601,0,X,X,503,HOTEL,,,IC,Invest Cont,888,,,6200    HOLLYWOOD                    BL,34.1017,-118.3245,2020.0,5.0,20.0,2.0,0.0,2.0,0,11,50,Morning
1970,201006427,02/24/2020 12:00:00 AM,02/24/2020 12:00:00 AM,2345,10,West Valley,1015,2,437,RESISTING ARREST,0906 1402 1212 2004 1822 1809 0915 0334 0359,0,M,O,101,STREET,,,AA,Adult Arrest,437,998.0,,VALERIO,34.2048,-118.5361,2020.0,2.0,24.0,0.0,0.0,1.0,0,23,45,Evening
1971,200110618,04/17/2020 12:00:00 AM,04/17/2020 12:00:00 AM,4,1,Central,118,1,230,"ASSAULT WITH DEADLY WEAPON, AGGRAVATED ASSAULT",1414 1407 1822 0907 1402 0450 0906,21,F,B,101,STREET,106.0,UNKNOWN FIREARM,IC,Invest Cont,230,998.0,,ELMYRA                       ST,34.0644,-118.232,2020.0,4.0,17.0,4.0,0.0,2.0,0,0,4,Night
1974,200105087,01/15/2020 12:00:00 AM,01/15/2020 12:00:00 AM,1100,1,Central,162,1,442,SHOPLIFTING - PETTY THEFT ($950 & UNDER),0325 2004,40,M,B,404,DEPARTMENT STORE,,,IC,Invest Cont,442,,,700 W  7TH                          ST,34.048,-118.2577,2020.0,1.0,15.0,2.0,0.0,1.0,0,11,0,Morning
1976,200112640,06-01-2020 00:00,05/30/2020 12:00:00 AM,235,1,Central,142,2,740,"VANDALISM - FELONY ($400 & OVER, ALL CHURCH VANDALISMS)",329,41,M,B,702,OFFICE BUILDING/OFFICE,,,IC,Invest Cont,740,,,300 S  HOPE                         ST,34.0537,-118.2523,2020.0,5.0,30.0,5.0,0.0,2.0,1,2,35,Night
1977,200105771,01/26/2020 12:00:00 AM,01/26/2020 12:00:00 AM,2100,1,Central,192,1,330,BURGLARY FROM VEHICLE,1307 1609 0344 0329 1822,27,M,O,101,STREET,,,IC,Invest Cont,330,,,18TH                         ST,34.0353,-118.2698,2020.0,1.0,26.0,6.0,0.0,1.0,1,21,0,Evening
1978,200709519,05/21/2020 12:00:00 AM,05/14/2020 12:00:00 AM,200,7,Wilshire,745,1,331,THEFT FROM MOTOR VEHICLE - GRAND ($950.01 AND OVER),1300 0385,45,M,K,101,STREET,,,IC,Invest Cont,331,,,S  LA BREA,34.0562,-118.3449,2020.0,5.0,14.0,3.0,0.0,2.0,0,2,0,Night
1979,201109681,05/23/2020 12:00:00 AM,05/23/2020 12:00:00 AM,730,11,Northeast,1109,2,624,BATTERY - SIMPLE ASSAULT,0400 0561,54,M,H,501,SINGLE FAMILY DWELLING,400.0,"STRONG-ARM (HANDS, FIST, FEET OR BODILY FORCE)",AO,Adult Other,624,,,1400    EAGLE VISTA                  DR,34.1395,-118.1952,2020.0,5.0,23.0,5.0,0.0,2.0,1,7,30,Morning
1981,200414995,11/18/2020 12:00:00 AM,11/17/2020 12:00:00 AM,1750,4,Hollenbeck,487,1,510,VEHICLE - STOLEN,,0,Unknown,,101,STREET,,,IC,Invest Cont,510,,,GARNET,34.0282,-118.2147,2020.0,11.0,17.0,1.0,0.0,4.0,0,17,50,Afternoon
1984,201213061,05/17/2020 12:00:00 AM,05/17/2020 12:00:00 AM,355,12,77th Street,1257,2,626,INTIMATE PARTNER - SIMPLE ASSAULT,0913 0400 0448 1814 2000,27,F,B,104,DRIVEWAY,400.0,"STRONG-ARM (HANDS, FIST, FEET OR BODILY FORCE)",AO,Adult Other,626,,,600 W  77TH                         ST,33.9698,-118.286,2020.0,5.0,17.0,6.0,0.0,2.0,1,3,55,Night
1985,200610799,05/31/2020 12:00:00 AM,05/31/2020 12:00:00 AM,130,6,Hollywood,646,1,310,BURGLARY,0329 0601 0325 1402 1409,0,X,X,203,OTHER BUSINESS,,,AA,Adult Arrest,310,740.0,998.0,6500 W  HOLLYWOOD                    BL,34.1016,-118.3317,2020.0,5.0,31.0,6.0,0.0,2.0,1,1,30,Night
1986,201008325,04/23/2020 12:00:00 AM,04/23/2020 12:00:00 AM,1545,10,West Valley,1065,2,740,"VANDALISM - FELONY ($400 & OVER, ALL CHURCH VANDALISMS)",0329 1402 0913,0,M,O,122,"VEHICLE, PASSENGER/TRUCK",500.0,UNKNOWN WEAPON/OTHER WEAPON,AO,Adult Other,740,,,NEWCASTLE                    AV,34.1645,-118.5244,2020.0,4.0,23.0,3.0,0.0,2.0,0,15,45,Afternoon
1989,200111014,04/26/2020 12:00:00 AM,04/26/2020 12:00:00 AM,900,1,Central,111,1,236,INTIMATE PARTNER - AGGRAVATED ASSAULT,2000 1813 0444 0416 0408 0913 2004,23,F,H,505,MOTEL,400.0,"STRONG-ARM (HANDS, FIST, FEET OR BODILY FORCE)",IC,Invest Cont,236,,,900 N  BROADWAY,34.0615,-118.2412,2020.0,4.0,26.0,6.0,0.0,2.0,1,9,0,Morning
1990,201005148,01/28/2020 12:00:00 AM,01/27/2020 12:00:00 AM,200,10,West Valley,1005,2,662,"BUNCO, GRAND THEFT",0800 0120 0701,56,F,H,501,SINGLE FAMILY DWELLING,,,IC,Invest Cont,662,,,8100    CHASTAIN                     AV,34.2176,-118.5229,2020.0,1.0,27.0,0.0,0.0,1.0,0,2,0,Night
1991,200906488,02/25/2020 12:00:00 AM,02/21/2020 12:00:00 AM,1600,9,Van Nuys,905,1,341,"THEFT-GRAND ($950.01 & OVER)EXCPT,GUNS,FOWL,LIVESTK,PROD",344,27,M,O,120,STORAGE SHED,,,IC,Invest Cont,341,,,7300    KESTER                       AV,34.203,-118.4575,2020.0,2.0,21.0,4.0,0.0,1.0,0,16,0,Afternoon
1993,201207733,02/22/2020 12:00:00 AM,01/22/2020 12:00:00 AM,1520,12,77th Street,1263,2,662,"BUNCO, GRAND THEFT",0800 0701,49,F,B,501,SINGLE FAMILY DWELLING,,,IC,Invest Cont,662,,,2100 W  MANCHESTER                   AV,33.9636,-118.3112,2020.0,1.0,22.0,2.0,0.0,1.0,0,15,20,Afternoon
1994,200322186,12/23/2020 12:00:00 AM,12/17/2020 12:00:00 AM,255,3,Southwest,321,2,354,THEFT OF IDENTITY,0100 1202,85,M,B,501,SINGLE FAMILY DWELLING,,,IC,Invest Cont,354,,,5100    SUNLIGHT                     PL,34.0225,-118.3582,2020.0,12.0,17.0,3.0,0.0,4.0,0,2,55,Night
1998,200105990,01/29/2020 12:00:00 AM,01/26/2020 12:00:00 AM,2330,1,Central,185,1,330,BURGLARY FROM VEHICLE,0344 1609 1307 0329 1822,34,M,W,101,STREET,500.0,UNKNOWN WEAPON/OTHER WEAPON,IC,Invest Cont,330,,,11TH                         ST,34.0391,-118.2581,2020.0,1.0,26.0,6.0,0.0,1.0,1,23,30,Evening
2000,201309593,04/19/2020 12:00:00 AM,04/18/2020 12:00:00 AM,1600,13,Newton,1326,1,510,VEHICLE - STOLEN,,0,Unknown,,101,STREET,,,IC,Invest Cont,510,,,28TH                         ST,34.0144,-118.25,2020.0,4.0,18.0,5.0,0.0,2.0,1,16,0,Afternoon
2002,200306603,02/13/2020 12:00:00 AM,02/13/2020 12:00:00 AM,1600,3,Southwest,308,1,236,INTIMATE PARTNER - AGGRAVATED ASSAULT,2000 0334 0445 1813 2004 0913,36,F,H,101,STREET,219.0,SCREWDRIVER,IC,Invest Cont,236,,,21ST                         ST,34.0347,-118.2792,2020.0,2.0,13.0,3.0,0.0,1.0,0,16,0,Afternoon
2003,201009451,05/27/2020 12:00:00 AM,05/27/2020 12:00:00 AM,1010,10,West Valley,1001,2,624,BATTERY - SIMPLE ASSAULT,0342 0913 0416 1420 0429,18,F,A,102,SIDEWALK,400.0,"STRONG-ARM (HANDS, FIST, FEET OR BODILY FORCE)",IC,Invest Cont,624,,,KESWICK                      ST,34.2106,-118.5579,2020.0,5.0,27.0,2.0,0.0,2.0,0,10,10,Morning
2004,200114108,06/29/2020 12:00:00 AM,06/28/2020 12:00:00 AM,1330,1,Central,185,2,740,"VANDALISM - FELONY ($400 & OVER, ALL CHURCH VANDALISMS)",329,51,M,O,203,OTHER BUSINESS,,,IC,Invest Cont,740,,,900 S  SANTEE                       ST,34.0397,-118.2538,2020.0,6.0,28.0,6.0,0.0,2.0,1,13,30,Afternoon
2005,201011581,08-01-2020 00:00,07/31/2020 12:00:00 AM,2300,10,West Valley,1045,1,420,THEFT FROM MOTOR VEHICLE - PETTY ($950 & UNDER),0344 1822 1606 0321 0930,46,M,W,104,DRIVEWAY,,,IC,Invest Cont,420,,,17900    CALIFA                       ST,34.1783,-118.523,2020.0,7.0,31.0,4.0,0.0,3.0,0,23,0,Evening
2007,201009732,04/28/2020 12:00:00 AM,04/28/2020 12:00:00 AM,2300,10,West Valley,1003,1,230,"ASSAULT WITH DEADLY WEAPON, AGGRAVATED ASSAULT",0342 0416 0431 0605 1822 1309 2029 0417 0906,33,F,O,103,ALLEY,303.0,BRASS KNUCKLES,AO,Adult Other,230,,,SATICOY,34.2084,-118.536,2020.0,4.0,28.0,1.0,0.0,2.0,0,23,0,Evening
2008,200205367,01/28/2020 12:00:00 AM,01/28/2020 12:00:00 AM,2230,2,Rampart,265,1,210,ROBBERY,0342 1822 0416 0446 0417 0344 0352,33,M,H,101,STREET,400.0,"STRONG-ARM (HANDS, FIST, FEET OR BODILY FORCE)",IC,Invest Cont,210,,,LAKE                         ST,34.057,-118.2779,2020.0,1.0,28.0,1.0,0.0,1.0,0,22,30,Evening
2010,200205401,01/28/2020 12:00:00 AM,01/28/2020 12:00:00 AM,1100,2,Rampart,248,2,860,BATTERY WITH SEXUAL CONTACT,0400 0500 1822 0536 1251,21,F,B,502,"MULTI-UNIT DWELLING (APARTMENT, DUPLEX, ETC)",400.0,"STRONG-ARM (HANDS, FIST, FEET OR BODILY FORCE)",IC,Invest Cont,860,,,400    WITMER                       ST,34.0576,-118.2644,2020.0,1.0,28.0,1.0,0.0,1.0,0,11,0,Morning
2012,200705366,01/29/2020 12:00:00 AM,01/29/2020 12:00:00 AM,1105,7,Wilshire,721,1,343,SHOPLIFTING-GRAND THEFT ($950.01 & OVER),325,46,M,W,416,THE BEVERLY CENTER,,,IC,Invest Cont,343,,,8500    BEVERLY                      BL,34.0761,-118.3766,2020.0,1.0,29.0,2.0,0.0,1.0,0,11,5,Morning
2015,201215269,06/24/2020 12:00:00 AM,06/24/2020 12:00:00 AM,945,12,77th Street,1233,2,888,TRESPASSING,913,32,M,B,203,OTHER BUSINESS,,,IC,Invest Cont,888,,,1900 W  SLAUSON                      AV,33.9891,-118.3125,2020.0,6.0,24.0,2.0,0.0,2.0,0,9,45,Morning
2019,201007653,03/30/2020 12:00:00 AM,03/30/2020 12:00:00 AM,1330,10,West Valley,1039,2,626,INTIMATE PARTNER - SIMPLE ASSAULT,0913 1813 1814 0448 2000 1243,41,F,H,502,"MULTI-UNIT DWELLING (APARTMENT, DUPLEX, ETC)",400.0,"STRONG-ARM (HANDS, FIST, FEET OR BODILY FORCE)",AA,Adult Arrest,626,,,16100    VANOWEN                      ST,34.1939,-118.4836,2020.0,3.0,30.0,0.0,0.0,1.0,0,13,30,Afternoon
2020,201227065,12/24/2020 12:00:00 AM,12/24/2020 12:00:00 AM,600,12,77th Street,1243,1,440,THEFT PLAIN - PETTY ($950 & UNDER),0342 1202 0344 0327 1822,0,X,X,206,TV/RADIO/APPLIANCE,,,IC,Invest Cont,440,,,6400 S  WESTERN                      AV,33.9806,-118.309,2020.0,12.0,24.0,3.0,0.0,4.0,0,6,0,Night
2024,200810126,05/30/2020 12:00:00 AM,05/30/2020 12:00:00 AM,30,8,West LA,827,1,230,"ASSAULT WITH DEADLY WEAPON, AGGRAVATED ASSAULT",0602 0417 0416 0360 0913,56,M,W,502,"MULTI-UNIT DWELLING (APARTMENT, DUPLEX, ETC)",400.0,"STRONG-ARM (HANDS, FIST, FEET OR BODILY FORCE)",IC,Invest Cont,230,,,600 S  BARRINGTON                   AV,34.0577,-118.4681,2020.0,5.0,30.0,5.0,0.0,2.0,1,0,30,Night
2026,200609752,04/29/2020 12:00:00 AM,04/21/2020 12:00:00 AM,920,6,Hollywood,644,1,341,"THEFT-GRAND ($950.01 & OVER)EXCPT,GUNS,FOWL,LIVESTK,PROD",0344 0329 1601 1607,59,M,W,119,"PORCH, RESIDENTIAL",,,IC,Invest Cont,341,,,1400 N  VISTA                        ST,34.0962,-118.3517,2020.0,4.0,21.0,1.0,0.0,2.0,0,9,20,Morning
2027,200816103,10/27/2020 12:00:00 AM,10/27/2020 12:00:00 AM,1355,8,West LA,833,2,860,BATTERY WITH SEXUAL CONTACT,500,20,F,O,102,SIDEWALK,400.0,"STRONG-ARM (HANDS, FIST, FEET OR BODILY FORCE)",AA,Adult Arrest,860,,,1200    WESTWOOD                     BL,34.0581,-118.4434,2020.0,10.0,27.0,1.0,0.0,4.0,0,13,55,Afternoon
2030,200206982,02/27/2020 12:00:00 AM,02/27/2020 12:00:00 AM,2040,2,Rampart,237,2,626,INTIMATE PARTNER - SIMPLE ASSAULT,2000 1814 0447 0340 0913,25,M,H,101,STREET,500.0,UNKNOWN WEAPON/OTHER WEAPON,AO,Adult Other,626,,,BEVERLY,34.0634,-118.263,2020.0,2.0,27.0,3.0,0.0,1.0,0,20,40,Evening
2032,201109670,05/18/2020 12:00:00 AM,05/17/2020 12:00:00 AM,1700,11,Northeast,1162,2,624,BATTERY - SIMPLE ASSAULT,1402 0913 1817 2034,23,F,W,501,SINGLE FAMILY DWELLING,500.0,UNKNOWN WEAPON/OTHER WEAPON,AO,Adult Other,624,998.0,,1200 N  VIRGIL                       AV,34.0935,-118.2866,2020.0,5.0,17.0,6.0,0.0,2.0,1,17,0,Afternoon
2036,201200730,06/17/2020 12:00:00 AM,06/17/2020 12:00:00 AM,1550,12,77th Street,1239,1,251,SHOTS FIRED AT INHABITED DWELLING,0906 1100 1402 1407 1822,29,F,H,501,SINGLE FAMILY DWELLING,106.0,UNKNOWN FIREARM,IC,Invest Cont,251,998.0,,1100 W  60TH                         ST,33.9859,-118.2937,2020.0,6.0,17.0,2.0,0.0,2.0,0,15,50,Afternoon
2037,200707580,03/18/2020 12:00:00 AM,03/18/2020 12:00:00 AM,1955,7,Wilshire,706,1,210,ROBBERY,355,20,M,W,108,PARKING LOT,400.0,"STRONG-ARM (HANDS, FIST, FEET OR BODILY FORCE)",IC,Invest Cont,210,,,800 N  HIGHLAND                     AV,34.0853,-118.3386,2020.0,3.0,18.0,2.0,0.0,1.0,0,19,55,Evening
2040,200908665,04/20/2020 12:00:00 AM,04/19/2020 12:00:00 AM,1930,9,Van Nuys,943,1,761,BRANDISH WEAPON,0334 0605 1822 0432,48,M,W,101,STREET,500.0,UNKNOWN WEAPON/OTHER WEAPON,AO,Adult Other,761,,,HAZELTINE                    AV,34.1721,-118.44,2020.0,4.0,19.0,6.0,0.0,2.0,1,19,30,Evening
2041,200817718,12/19/2020 12:00:00 AM,12/18/2020 12:00:00 AM,1318,8,West LA,822,2,662,"BUNCO, GRAND THEFT",0701 0800 0344 1822,48,F,W,502,"MULTI-UNIT DWELLING (APARTMENT, DUPLEX, ETC)",,,IC,Invest Cont,662,,,16100 W  SUNSET                       BL,34.0489,-118.5366,2020.0,12.0,18.0,4.0,0.0,4.0,0,13,18,Afternoon
2042,200809872,05/25/2020 12:00:00 AM,05/25/2020 12:00:00 AM,449,8,West LA,886,1,310,BURGLARY,0344 1605,51,F,B,702,OFFICE BUILDING/OFFICE,,,IC,Invest Cont,310,,,9700 W  PICO                         BL,34.0475,-118.4032,2020.0,5.0,25.0,0.0,0.0,2.0,0,4,49,Night
2043,201011270,07/23/2020 12:00:00 AM,07/21/2020 12:00:00 AM,2000,10,West Valley,1065,1,330,BURGLARY FROM VEHICLE,0344 9999 1822 0377,23,F,H,101,STREET,,,IC,Invest Cont,330,,,ZELZAH                       AV,34.1643,-118.5221,2020.0,7.0,21.0,1.0,0.0,3.0,0,20,0,Evening
2044,200907051,02/29/2020 12:00:00 AM,02/28/2020 12:00:00 AM,640,9,Van Nuys,963,1,341,"THEFT-GRAND ($950.01 & OVER)EXCPT,GUNS,FOWL,LIVESTK,PROD",344,0,X,X,501,SINGLE FAMILY DWELLING,,,IC,Invest Cont,341,,,15200    HARTSOOK                     ST,34.164,-118.464,2020.0,2.0,28.0,4.0,0.0,1.0,0,6,40,Night
2046,200121573,11/25/2020 12:00:00 AM,11/25/2020 12:00:00 AM,1300,1,Central,161,2,625,OTHER ASSAULT,1822 0444 0429,56,F,H,102,SIDEWALK,400.0,"STRONG-ARM (HANDS, FIST, FEET OR BODILY FORCE)",IC,Invest Cont,625,,,700 S  FIGUEROA                     ST,34.0483,-118.2631,2020.0,11.0,25.0,2.0,0.0,4.0,0,13,0,Afternoon
2047,200817559,12/14/2020 12:00:00 AM,12/14/2020 12:00:00 AM,1230,8,West LA,889,1,341,"THEFT-GRAND ($950.01 & OVER)EXCPT,GUNS,FOWL,LIVESTK,PROD",0344 1202 0913 0603,64,F,O,502,"MULTI-UNIT DWELLING (APARTMENT, DUPLEX, ETC)",,,IC,Invest Cont,341,,,1900 S  GARTH                        AV,34.0407,-118.3791,2020.0,12.0,14.0,0.0,0.0,4.0,0,12,30,Morning
2049,200122904,12/29/2020 12:00:00 AM,08/15/2020 12:00:00 AM,415,1,Central,164,2,745,VANDALISM - MISDEAMEANOR ($399 OR UNDER),0329 0913,0,M,W,244,TOBACCO SHOP,,,AO,Adult Other,745,,,100 W  7TH                          ST,34.0446,-118.2507,2020.0,8.0,15.0,5.0,0.0,3.0,1,4,15,Night
2053,200918485,12/15/2020 12:00:00 AM,12/13/2020 12:00:00 AM,1555,9,Van Nuys,919,2,354,THEFT OF IDENTITY,0922 0100,34,M,H,501,SINGLE FAMILY DWELLING,,,IC,Invest Cont,354,,,13400    VANOWEN                      ST,34.1939,-118.4243,2020.0,12.0,13.0,6.0,0.0,4.0,1,15,55,Afternoon
2056,200105637,01/24/2020 12:00:00 AM,01/23/2020 12:00:00 AM,1145,1,Central,158,1,440,THEFT PLAIN - PETTY ($950 & UNDER),1822 1218 0377 0913 1817 0344,28,F,H,502,"MULTI-UNIT DWELLING (APARTMENT, DUPLEX, ETC)",,,AO,Adult Other,440,,,500    CERES                        AV,34.0416,-118.2398,2020.0,1.0,23.0,3.0,0.0,1.0,0,11,45,Morning
2057,200213832,08/16/2020 12:00:00 AM,08/16/2020 12:00:00 AM,1330,2,Rampart,271,1,440,THEFT PLAIN - PETTY ($950 & UNDER),2000 0913 0344 1813 1243,21,F,B,502,"MULTI-UNIT DWELLING (APARTMENT, DUPLEX, ETC)",,,AO,Adult Other,440,,,900 S  GRAND VIEW                   ST,34.0529,-118.2819,2020.0,8.0,16.0,6.0,0.0,3.0,1,13,30,Afternoon
2060,201113750,09/19/2020 12:00:00 AM,09/18/2020 12:00:00 AM,1900,11,Northeast,1134,1,510,VEHICLE - STOLEN,,0,Unknown,,101,STREET,,,IC,Invest Cont,510,,,2600 W  AVENUE 31,34.1096,-118.2395,2020.0,9.0,18.0,4.0,0.0,3.0,0,19,0,Evening
2062,200808456,04/18/2020 12:00:00 AM,04/18/2020 12:00:00 AM,1305,8,West LA,837,1,310,BURGLARY,0344 2004 1822,21,F,W,502,"MULTI-UNIT DWELLING (APARTMENT, DUPLEX, ETC)",,,AA,Adult Arrest,310,,,400    LANDFAIR                     AV,34.0705,-118.4532,2020.0,4.0,18.0,5.0,0.0,2.0,1,13,5,Afternoon
2064,200405764,02/14/2020 12:00:00 AM,01/15/2020 12:00:00 AM,200,4,Hollenbeck,437,1,331,THEFT FROM MOTOR VEHICLE - GRAND ($950.01 AND OVER),344,0,X,X,108,PARKING LOT,,,IC,Invest Cont,331,,,2200 N  INDIANA                      AV,34.069,-118.1927,2020.0,1.0,15.0,2.0,0.0,1.0,0,2,0,Night
2065,201207270,02/16/2020 12:00:00 AM,02/16/2020 12:00:00 AM,300,12,77th Street,1232,1,420,THEFT FROM MOTOR VEHICLE - PETTY ($950 & UNDER),,0,Unknown,,108,PARKING LOT,,,IC,Invest Cont,420,,,2400 W  SLAUSON                      AV,33.9891,-118.3196,2020.0,2.0,16.0,6.0,0.0,1.0,1,3,0,Night
2066,200216787,10/28/2020 12:00:00 AM,10/25/2020 12:00:00 AM,1900,2,Rampart,235,1,510,VEHICLE - STOLEN,,0,Unknown,,101,STREET,,,IC,Invest Cont,510,,,3RD                          ST,34.063,-118.2727,2020.0,10.0,25.0,6.0,0.0,4.0,1,19,0,Evening
2067,200116286,07/27/2020 12:00:00 AM,07/25/2020 12:00:00 AM,1855,1,Central,123,2,745,VANDALISM - MISDEAMEANOR ($399 OR UNDER),1501,0,X,X,101,STREET,,,IC,Invest Cont,745,,,300 W  1ST                          ST,34.0536,-118.2455,2020.0,7.0,25.0,5.0,0.0,3.0,1,18,55,Afternoon
2075,200704804,01/17/2020 12:00:00 AM,01/17/2020 12:00:00 AM,35,7,Wilshire,762,2,237,CHILD NEGLECT (SEE 300 W.I.C.),1259,15,F,B,501,SINGLE FAMILY DWELLING,,,IC,Invest Cont,237,,,1400 S  POINT VIEW                   ST,34.0522,-118.3699,2020.0,1.0,17.0,4.0,0.0,1.0,0,0,35,Night
2076,201011177,07/19/2020 12:00:00 AM,07/19/2020 12:00:00 AM,1030,10,West Valley,1043,2,625,OTHER ASSAULT,1822 0356 0209,38,M,O,102,SIDEWALK,500.0,UNKNOWN WEAPON/OTHER WEAPON,IC,Invest Cont,625,,,BURBANK                      BL,34.1769,-118.5384,2020.0,7.0,19.0,6.0,0.0,3.0,1,10,30,Morning
2077,200712026,07/26/2020 12:00:00 AM,07/14/2020 12:00:00 AM,100,7,Wilshire,773,2,649,DOCUMENT FORGERY / STOLEN FELONY,0923 1822,33,M,W,102,SIDEWALK,,,IC,Invest Cont,649,,,5100    VENICE                       BL,34.045,-118.3511,2020.0,7.0,14.0,1.0,0.0,3.0,0,1,0,Night
2078,201013431,09/25/2020 12:00:00 AM,09/25/2020 12:00:00 AM,500,10,West Valley,1067,1,331,THEFT FROM MOTOR VEHICLE - GRAND ($950.01 AND OVER),1822 0344 1300 1420,36,M,W,123,PARKING UNDERGROUND/BUILDING,,,IC,Invest Cont,331,,,5400    WHITE OAK                    AV,34.1693,-118.5184,2020.0,9.0,25.0,4.0,0.0,3.0,0,5,0,Night
2080,201107786,03/27/2020 12:00:00 AM,03/27/2020 12:00:00 AM,900,11,Northeast,1136,1,420,THEFT FROM MOTOR VEHICLE - PETTY ($950 & UNDER),0344 1606,29,F,A,502,"MULTI-UNIT DWELLING (APARTMENT, DUPLEX, ETC)",500.0,UNKNOWN WEAPON/OTHER WEAPON,IC,Invest Cont,420,,,3800 W  AVENUE 41,34.121,-118.2271,2020.0,3.0,27.0,4.0,0.0,1.0,0,9,0,Morning
2082,200318484,10-06-2020 00:00,09/21/2020 12:00:00 AM,1400,3,Southwest,337,2,354,THEFT OF IDENTITY,0100 0930,28,M,H,504,OTHER RESIDENCE,,,IC,Invest Cont,354,,,1800 W  29TH                         ST,34.0291,-118.3034,2020.0,9.0,21.0,0.0,0.0,3.0,0,14,0,Afternoon
2083,200614417,08/24/2020 12:00:00 AM,08/24/2020 12:00:00 AM,900,6,Hollywood,647,2,624,BATTERY - SIMPLE ASSAULT,0400 0444 0913,48,F,B,108,PARKING LOT,400.0,"STRONG-ARM (HANDS, FIST, FEET OR BODILY FORCE)",IC,Invest Cont,624,,,5900    CARLTON                      WY,34.1005,-118.318,2020.0,8.0,24.0,0.0,0.0,3.0,0,9,0,Morning
2086,201004647,01/16/2020 12:00:00 AM,01/16/2020 12:00:00 AM,1330,10,West Valley,1023,1,480,BIKE - STOLEN,344,66,M,W,104,DRIVEWAY,,,IC,Invest Cont,480,,,19100    ENADIA                       WY,34.2002,-118.5492,2020.0,1.0,16.0,3.0,0.0,1.0,0,13,30,Afternoon
2088,200315826,08/16/2020 12:00:00 AM,08/16/2020 12:00:00 AM,1040,3,Southwest,328,1,442,SHOPLIFTING - PETTY THEFT ($950 & UNDER),0325 1822,19,X,X,403,DRUG STORE,,,IC,Invest Cont,442,,,3300 S  FIGUEROA                     ST,34.0268,-118.2808,2020.0,8.0,16.0,6.0,0.0,3.0,1,10,40,Morning
2089,201109447,05/17/2020 12:00:00 AM,05/15/2020 12:00:00 AM,1200,11,Northeast,1118,1,236,INTIMATE PARTNER - AGGRAVATED ASSAULT,2000 0913 1814 0400 0416 1218,38,F,W,101,STREET,102.0,HAND GUN,IC,Invest Cont,236,,,AVENUE 57,34.1147,-118.1938,2020.0,5.0,15.0,4.0,0.0,2.0,0,12,0,Morning
2090,200407389,03/30/2020 12:00:00 AM,03/30/2020 12:00:00 AM,30,4,Hollenbeck,487,1,510,VEHICLE - STOLEN,,0,Unknown,,101,STREET,,,IC,Invest Cont,510,,,1100    CAMULOS                      ST,34.0267,-118.2133,2020.0,3.0,30.0,0.0,0.0,1.0,0,0,30,Night
2091,201217408,07/28/2020 12:00:00 AM,07/28/2020 12:00:00 AM,1930,12,77th Street,1253,1,320,"BURGLARY, ATTEMPTED",329,45,F,B,501,SINGLE FAMILY DWELLING,,,IC,Invest Cont,320,,,1800 W  76TH                         ST,33.9709,-118.3096,2020.0,7.0,28.0,1.0,0.0,3.0,0,19,30,Evening
2092,201218485,08/13/2020 12:00:00 AM,08/13/2020 12:00:00 AM,2230,12,77th Street,1249,1,761,BRANDISH WEAPON,0913 0554 0400 0444 0421 0319 2004,28,F,B,501,SINGLE FAMILY DWELLING,216.0,SCISSORS,IC,Invest Cont,761,930.0,,600 W  63RD                         PL,33.9819,-118.2849,2020.0,8.0,13.0,3.0,0.0,3.0,0,22,30,Evening
2096,200315764,08/13/2020 12:00:00 AM,08/13/2020 12:00:00 AM,2300,3,Southwest,375,1,230,"ASSAULT WITH DEADLY WEAPON, AGGRAVATED ASSAULT",0553 2021 0334 0445 0329 1307 0913,34,F,B,502,"MULTI-UNIT DWELLING (APARTMENT, DUPLEX, ETC)",204.0,FOLDING KNIFE,AO,Adult Other,230,,,MARTIN LUTHER KING JR        BL,34.0109,-118.3089,2020.0,8.0,13.0,3.0,0.0,3.0,0,23,0,Evening
2097,201209220,03/16/2020 12:00:00 AM,03/16/2020 12:00:00 AM,2320,12,77th Street,1219,2,626,INTIMATE PARTNER - SIMPLE ASSAULT,0913 0400 0416 1814 2000,37,F,B,502,"MULTI-UNIT DWELLING (APARTMENT, DUPLEX, ETC)",400.0,"STRONG-ARM (HANDS, FIST, FEET OR BODILY FORCE)",AO,Adult Other,626,,,5300 S  FIGUEROA                     ST,33.9942,-118.2827,2020.0,3.0,16.0,0.0,0.0,1.0,0,23,20,Evening
2099,201113882,09/22/2020 12:00:00 AM,07/13/2020 12:00:00 AM,1500,11,Northeast,1145,1,310,BURGLARY,1822 0344,0,X,X,210,RESTAURANT/FAST FOOD,,,IC,Invest Cont,310,,,2900    GILROY                       ST,34.1061,-118.2518,2020.0,7.0,13.0,0.0,0.0,3.0,0,15,0,Afternoon
2100,200305768,01/30/2020 12:00:00 AM,01/30/2020 12:00:00 AM,1300,3,Southwest,379,1,341,"THEFT-GRAND ($950.01 & OVER)EXCPT,GUNS,FOWL,LIVESTK,PROD",1822 2024 0344,41,F,H,502,"MULTI-UNIT DWELLING (APARTMENT, DUPLEX, ETC)",400.0,"STRONG-ARM (HANDS, FIST, FEET OR BODILY FORCE)",IC,Invest Cont,341,,,1000 W  38TH                         ST,34.0168,-118.2915,2020.0,1.0,30.0,3.0,0.0,1.0,0,13,0,Afternoon
2101,200311721,05/21/2020 12:00:00 AM,05/20/2020 12:00:00 AM,2230,3,Southwest,396,2,626,INTIMATE PARTNER - SIMPLE ASSAULT,0913 2000 1813 0416 0444 0429,29,F,H,502,"MULTI-UNIT DWELLING (APARTMENT, DUPLEX, ETC)",400.0,"STRONG-ARM (HANDS, FIST, FEET OR BODILY FORCE)",IC,Invest Cont,626,,,800 W  43RD                         ST,34.0055,-118.2872,2020.0,5.0,20.0,2.0,0.0,2.0,0,22,30,Evening
2102,200111975,05/20/2020 12:00:00 AM,05/20/2020 12:00:00 AM,1505,1,Central,156,1,230,"ASSAULT WITH DEADLY WEAPON, AGGRAVATED ASSAULT",1218 2004 1402 0913 0361 0421 0334 2029,55,M,B,502,"MULTI-UNIT DWELLING (APARTMENT, DUPLEX, ETC)",207.0,OTHER KNIFE,AA,Adult Arrest,230,998.0,,500    WALL                         ST,34.0449,-118.2458,2020.0,5.0,20.0,2.0,0.0,2.0,0,15,5,Afternoon
2104,200111005,04/26/2020 12:00:00 AM,04/24/2020 12:00:00 AM,700,1,Central,122,2,740,"VANDALISM - FELONY ($400 & OVER, ALL CHURCH VANDALISMS)",329,42,M,H,122,"VEHICLE, PASSENGER/TRUCK",,,IC,Invest Cont,740,,,GRAND,34.0582,-118.2465,2020.0,4.0,24.0,4.0,0.0,2.0,0,7,0,Morning
2105,200112422,05/31/2020 12:00:00 AM,05/30/2020 12:00:00 AM,2250,1,Central,174,2,946,OTHER MISCELLANEOUS CRIME,0329 0344 2004 1822 1609,0,M,W,203,OTHER BUSINESS,,,AO,Adult Other,946,,,800 S  LOS ANGELES                  ST,34.0426,-118.2528,2020.0,5.0,30.0,5.0,0.0,2.0,1,22,50,Evening
2106,201005336,02-01-2020 00:00,01/29/2020 12:00:00 AM,1500,10,West Valley,1023,1,330,BURGLARY FROM VEHICLE,1822 1302 1300 0344 0377,38,F,H,101,STREET,,,IC,Invest Cont,330,,,WILBUR                       AV,34.1939,-118.5448,2020.0,1.0,29.0,2.0,0.0,1.0,0,15,0,Afternoon
2109,200712641,08-11-2020 00:00,05/30/2020 12:00:00 AM,1700,7,Wilshire,735,1,310,BURGLARY,1822 0344 1609,40,M,W,409,BEAUTY SUPPLY STORE,,,IC,Invest Cont,310,,,5400    WILSHIRE                     BL,34.0633,-118.3473,2020.0,5.0,30.0,5.0,0.0,2.0,1,17,0,Afternoon
2110,201207697,02/23/2020 12:00:00 AM,02/23/2020 12:00:00 AM,1205,12,77th Street,1233,1,230,"ASSAULT WITH DEADLY WEAPON, AGGRAVATED ASSAULT",1822 1402 0216 1309 0342 0906 0853,0,F,B,108,PARKING LOT,109.0,SEMI-AUTOMATIC PISTOL,JA,Juv Arrest,230,998.0,,1600 W  SLAUSON                      AV,33.9892,-118.3045,2020.0,2.0,23.0,6.0,0.0,1.0,1,12,5,Morning
2111,200311576,05/19/2020 12:00:00 AM,05/19/2020 12:00:00 AM,1710,3,Southwest,341,2,930,CRIMINAL THREATS - NO WEAPON DISPLAYED,0421 0443 1906 1210,36,M,H,501,SINGLE FAMILY DWELLING,511.0,VERBAL THREAT,IC,Invest Cont,930,,,5800    BOWCROFT                     ST,34.0206,-118.3725,2020.0,5.0,19.0,1.0,0.0,2.0,0,17,10,Afternoon
2114,200311703,05/22/2020 12:00:00 AM,05/22/2020 12:00:00 AM,1615,3,Southwest,363,1,310,BURGLARY,1202 0344 2032,66,F,B,502,"MULTI-UNIT DWELLING (APARTMENT, DUPLEX, ETC)",,,IC,Invest Cont,310,,,4000    BUCKINGHAM                   RD,34.0148,-118.3417,2020.0,5.0,22.0,4.0,0.0,2.0,0,16,15,Afternoon
2115,200105107,01/16/2020 12:00:00 AM,01/16/2020 12:00:00 AM,650,1,Central,118,2,930,CRIMINAL THREATS - NO WEAPON DISPLAYED,0603 0421,25,F,H,502,"MULTI-UNIT DWELLING (APARTMENT, DUPLEX, ETC)",511.0,VERBAL THREAT,AO,Adult Other,930,,,100    BLOOM                        ST,34.0652,-118.2306,2020.0,1.0,16.0,3.0,0.0,1.0,0,6,50,Night
2116,200120979,11/13/2020 12:00:00 AM,10/22/2020 12:00:00 AM,1800,1,Central,162,1,510,VEHICLE - STOLEN,,0,Unknown,,101,STREET,,,IC,Invest Cont,510,,,800 S  OLIVE                        ST,34.0437,-118.2582,2020.0,10.0,22.0,3.0,0.0,4.0,0,18,0,Afternoon
2118,201209578,03/22/2020 12:00:00 AM,03/22/2020 12:00:00 AM,1930,12,77th Street,1257,2,624,BATTERY - SIMPLE ASSAULT,0416 0913 1218,34,M,B,101,STREET,400.0,"STRONG-ARM (HANDS, FIST, FEET OR BODILY FORCE)",IC,Invest Cont,624,,,77TH                         ST,33.9698,-118.2803,2020.0,3.0,22.0,6.0,0.0,1.0,1,19,30,Evening
2119,200209018,04/15/2020 12:00:00 AM,04/14/2020 12:00:00 AM,2100,2,Rampart,237,1,480,BIKE - STOLEN,344,28,M,W,121,YARD (RESIDENTIAL/BUSINESS),,,IC,Invest Cont,480,,,1500    COUNCIL                      ST,34.0656,-118.2611,2020.0,4.0,14.0,1.0,0.0,2.0,0,21,0,Evening
2120,200205534,01/31/2020 12:00:00 AM,01/29/2020 12:00:00 AM,1600,2,Rampart,235,2,860,BATTERY WITH SEXUAL CONTACT,1251 1259 0913 1817 0503 0522 0510,14,F,H,502,"MULTI-UNIT DWELLING (APARTMENT, DUPLEX, ETC)",400.0,"STRONG-ARM (HANDS, FIST, FEET OR BODILY FORCE)",IC,Invest Cont,860,,,100 S  PARK VIEW                    ST,34.0681,-118.2735,2020.0,1.0,29.0,2.0,0.0,1.0,0,16,0,Afternoon
2121,201217442,07/30/2020 12:00:00 AM,07/30/2020 12:00:00 AM,545,12,77th Street,1257,1,420,THEFT FROM MOTOR VEHICLE - PETTY ($950 & UNDER),1822 0342 1309 0344 0385 0216,0,X,X,101,STREET,,,IC,Invest Cont,420,,,78TH                         ST,33.9688,-118.2827,2020.0,7.0,30.0,3.0,0.0,3.0,0,5,45,Night
2122,200716969,12-11-2020 00:00,11/27/2020 12:00:00 AM,930,7,Wilshire,764,1,310,BURGLARY,0321 1601,46,F,W,501,SINGLE FAMILY DWELLING,306.0,ROCK/THROWN OBJECT,IC,Invest Cont,310,,,1500 S  COCHRAN                      AV,34.0475,-118.353,2020.0,11.0,27.0,4.0,0.0,4.0,0,9,30,Morning
2123,201010324,06/24/2020 12:00:00 AM,06/24/2020 12:00:00 AM,725,10,West Valley,1045,2,624,BATTERY - SIMPLE ASSAULT,0400 0554 0913 0416,21,M,O,501,SINGLE FAMILY DWELLING,400.0,"STRONG-ARM (HANDS, FIST, FEET OR BODILY FORCE)",AA,Adult Arrest,624,,,5800    ZELZAH                       AV,34.1758,-118.5215,2020.0,6.0,24.0,2.0,0.0,2.0,0,7,25,Morning
2124,200707842,03/29/2020 12:00:00 AM,03/29/2020 12:00:00 AM,2010,7,Wilshire,782,2,624,BATTERY - SIMPLE ASSAULT,1822 0416 0446 2004,30,M,H,102,SIDEWALK,400.0,"STRONG-ARM (HANDS, FIST, FEET OR BODILY FORCE)",AA,Adult Arrest,624,,,LA CIENEGA                   BL,34.0387,-118.3717,2020.0,3.0,29.0,6.0,0.0,1.0,1,20,10,Evening
2125,200216579,10/23/2020 12:00:00 AM,10/18/2020 12:00:00 AM,1800,2,Rampart,245,1,510,VEHICLE - STOLEN,,0,Unknown,,101,STREET,,,IC,Invest Cont,510,,,600 S  CARONDELET                   ST,34.0609,-118.28,2020.0,10.0,18.0,6.0,0.0,4.0,1,18,0,Afternoon
2126,200900646,03/15/2020 12:00:00 AM,03/15/2020 12:00:00 AM,1100,9,Van Nuys,909,1,236,INTIMATE PARTNER - AGGRAVATED ASSAULT,0446 1414 0906 2000 0913 1814 0416,24,F,H,502,"MULTI-UNIT DWELLING (APARTMENT, DUPLEX, ETC)",400.0,"STRONG-ARM (HANDS, FIST, FEET OR BODILY FORCE)",AA,Adult Arrest,236,,,13500    SHERMAN                      WY,34.205,-118.4339,2020.0,3.0,15.0,6.0,0.0,1.0,1,11,0,Morning
2127,200505979,02/17/2020 12:00:00 AM,02/16/2020 12:00:00 AM,2200,5,Harbor,511,1,420,THEFT FROM MOTOR VEHICLE - PETTY ($950 & UNDER),,0,Unknown,,104,DRIVEWAY,,,IC,Invest Cont,420,,,1400    255TH                        ST,33.7925,-118.3012,2020.0,2.0,16.0,6.0,0.0,1.0,1,22,0,Evening
2128,200618941,12-03-2020 00:00,11/20/2020 12:00:00 AM,1100,6,Hollywood,626,2,354,THEFT OF IDENTITY,1822,22,M,O,501,SINGLE FAMILY DWELLING,,,IC,Invest Cont,354,,,6400    IVARENE                      AV,34.1108,-118.3282,2020.0,11.0,20.0,4.0,0.0,4.0,0,11,0,Morning
2129,200913949,08/25/2020 12:00:00 AM,08/24/2020 12:00:00 AM,600,9,Van Nuys,935,1,420,THEFT FROM MOTOR VEHICLE - PETTY ($950 & UNDER),,0,Unknown,,108,PARKING LOT,,,IC,Invest Cont,420,,,6200    HAZELTINE                    AV,34.1837,-118.4443,2020.0,8.0,24.0,0.0,0.0,3.0,0,6,0,Night
2130,201209283,03/16/2020 12:00:00 AM,03/15/2020 12:00:00 AM,410,12,77th Street,1252,1,230,"ASSAULT WITH DEADLY WEAPON, AGGRAVATED ASSAULT",0906 1100 1402 1407 0334 0450 1822,0,M,B,101,STREET,107.0,OTHER FIREARM,IC,Invest Cont,230,998.0,,2400 W  75TH                         ST,33.9719,-118.3199,2020.0,3.0,15.0,6.0,0.0,1.0,1,4,10,Night
2132,200118993,10-06-2020 00:00,09/15/2020 12:00:00 AM,830,1,Central,182,2,956,"LETTERS, LEWD  -  TELEPHONE CALLS, LEWD",2041,30,F,A,502,"MULTI-UNIT DWELLING (APARTMENT, DUPLEX, ETC)",,,IC,Invest Cont,956,,,1100 S  GRAND                        AV,34.0405,-118.263,2020.0,9.0,15.0,1.0,0.0,3.0,0,8,30,Morning
2133,201109558,05/19/2020 12:00:00 AM,05/19/2020 12:00:00 AM,1040,11,Northeast,1109,2,946,OTHER MISCELLANEOUS CRIME,1501,52,M,O,247,CAR WASH,,,IC,Invest Cont,946,,,1500    COLORADO                     BL,34.1439,-118.1955,2020.0,5.0,19.0,1.0,0.0,2.0,0,10,40,Morning
2134,200209655,04/30/2020 12:00:00 AM,04/26/2020 12:00:00 AM,1045,2,Rampart,271,1,440,THEFT PLAIN - PETTY ($950 & UNDER),0344 0394,29,M,J,502,"MULTI-UNIT DWELLING (APARTMENT, DUPLEX, ETC)",,,IC,Invest Cont,440,,,900 S  LAKE                         ST,34.0539,-118.2799,2020.0,4.0,26.0,6.0,0.0,2.0,1,10,45,Morning
2135,200504705,01/17/2020 12:00:00 AM,01/16/2020 12:00:00 AM,2300,5,Harbor,503,1,510,VEHICLE - STOLEN,,0,Unknown,,101,STREET,,,IC,Invest Cont,510,,,25600    MARIGOLD                     AV,33.7919,-118.2959,2020.0,1.0,16.0,3.0,0.0,1.0,0,23,0,Evening
2137,200606953,02/25/2020 12:00:00 AM,02/25/2020 12:00:00 AM,1220,6,Hollywood,656,1,230,"ASSAULT WITH DEADLY WEAPON, AGGRAVATED ASSAULT",0447 2004 1822,57,M,H,101,STREET,306.0,ROCK/THROWN OBJECT,AA,Adult Arrest,230,998.0,,1000    VINE                         ST,34.0889,-118.3266,2020.0,2.0,25.0,1.0,0.0,1.0,0,12,20,Morning
2138,201108743,04/24/2020 12:00:00 AM,04/24/2020 12:00:00 AM,800,11,Northeast,1181,1,440,THEFT PLAIN - PETTY ($950 & UNDER),325,0,X,X,403,DRUG STORE,,,IC,Invest Cont,440,,,1400    GLENDALE                     BL,34.0808,-118.2655,2020.0,4.0,24.0,4.0,0.0,2.0,0,8,0,Morning
2140,201013044,09/14/2020 12:00:00 AM,09/14/2020 12:00:00 AM,245,10,West Valley,1005,1,510,VEHICLE - STOLEN,,0,Unknown,,101,STREET,,,IC,Invest Cont,510,,,7800    WHITE OAK                    AV,34.2147,-118.523,2020.0,9.0,14.0,0.0,0.0,3.0,0,2,45,Night
2143,201209821,03/25/2020 12:00:00 AM,03/21/2020 12:00:00 AM,900,12,77th Street,1283,2,624,BATTERY - SIMPLE ASSAULT,0913 0554 0400 0416 1259 1251,16,F,B,501,SINGLE FAMILY DWELLING,400.0,"STRONG-ARM (HANDS, FIST, FEET OR BODILY FORCE)",IC,Invest Cont,624,,,10000 S  WESTERN                      AV,33.9455,-118.309,2020.0,3.0,21.0,5.0,0.0,1.0,1,9,0,Morning
2147,201209886,03/28/2020 12:00:00 AM,03/28/2020 12:00:00 AM,240,12,77th Street,1232,1,510,VEHICLE - STOLEN,,0,Unknown,,101,STREET,,,IC,Invest Cont,510,,,3000 W  SLAUSON                      AV,33.9891,-118.3258,2020.0,3.0,28.0,5.0,0.0,1.0,1,2,40,Night
2148,200518138,12/23/2020 12:00:00 AM,12/22/2020 12:00:00 AM,1500,5,Harbor,513,1,331,THEFT FROM MOTOR VEHICLE - GRAND ($950.01 AND OVER),1300 0344,45,M,H,101,STREET,,,IC,Invest Cont,331,,,VERMONT,33.7848,-118.2975,2020.0,12.0,22.0,1.0,0.0,4.0,0,15,0,Afternoon
2149,200404741,01/20/2020 12:00:00 AM,01/19/2020 12:00:00 AM,1900,4,Hollenbeck,468,1,330,BURGLARY FROM VEHICLE,1300 1302 0344,25,M,H,101,STREET,,,IC,Invest Cont,330,,,CONCORD,34.0371,-118.1972,2020.0,1.0,19.0,6.0,0.0,1.0,1,19,0,Evening
2150,200917899,11/30/2020 12:00:00 AM,04/29/2020 12:00:00 AM,525,9,Van Nuys,906,1,440,THEFT PLAIN - PETTY ($950 & UNDER),1420 1822 0349,42,F,H,502,"MULTI-UNIT DWELLING (APARTMENT, DUPLEX, ETC)",,,IC,Invest Cont,440,,,14100    SHERMAN                      WY,34.206,-118.4445,2020.0,4.0,29.0,2.0,0.0,2.0,0,5,25,Night
2151,200516927,11/20/2020 12:00:00 AM,11/20/2020 12:00:00 AM,2100,5,Harbor,564,2,745,VANDALISM - MISDEAMEANOR ($399 OR UNDER),1822 1100 0329,43,F,H,501,SINGLE FAMILY DWELLING,,,IC,Invest Cont,745,,,300 W  2ND                          ST,33.7424,-118.2857,2020.0,11.0,20.0,4.0,0.0,4.0,0,21,0,Evening
2152,200408941,05/17/2020 12:00:00 AM,05/16/2020 12:00:00 AM,1800,4,Hollenbeck,429,2,626,INTIMATE PARTNER - SIMPLE ASSAULT,1814 2000 0913 0400 1243 0416,37,F,H,504,OTHER RESIDENCE,400.0,"STRONG-ARM (HANDS, FIST, FEET OR BODILY FORCE)",AO,Adult Other,626,,,5400    ALLAN                        ST,34.0865,-118.1647,2020.0,5.0,16.0,5.0,0.0,2.0,1,18,0,Afternoon
2153,201224918,11/20/2020 12:00:00 AM,11/20/2020 12:00:00 AM,1430,12,77th Street,1268,2,625,OTHER ASSAULT,0417 0913 0603 1309,20,M,H,501,SINGLE FAMILY DWELLING,400.0,"STRONG-ARM (HANDS, FIST, FEET OR BODILY FORCE)",IC,Invest Cont,625,,,200 E  80TH                         ST,33.967,-118.2717,2020.0,11.0,20.0,4.0,0.0,4.0,0,14,30,Afternoon
2154,200707374,03/13/2020 12:00:00 AM,03/13/2020 12:00:00 AM,130,7,Wilshire,749,2,624,BATTERY - SIMPLE ASSAULT,0416 0400,41,M,H,502,"MULTI-UNIT DWELLING (APARTMENT, DUPLEX, ETC)",400.0,"STRONG-ARM (HANDS, FIST, FEET OR BODILY FORCE)",IC,Invest Cont,624,,,4500 W  OLYMPIC                      BL,34.0585,-118.3262,2020.0,3.0,13.0,4.0,0.0,1.0,0,1,30,Night
2155,201015627,11/29/2020 12:00:00 AM,11/29/2020 12:00:00 AM,1200,10,West Valley,1037,1,230,"ASSAULT WITH DEADLY WEAPON, AGGRAVATED ASSAULT",1822 0411 0400 2033 0305,29,F,H,102,SIDEWALK,205.0,KITCHEN KNIFE,IC,Invest Cont,230,,,WHITE OAK                    AV,34.1939,-118.5186,2020.0,11.0,29.0,6.0,0.0,4.0,1,12,0,Morning
2156,200613297,07/31/2020 12:00:00 AM,07/29/2020 12:00:00 AM,1000,6,Hollywood,643,2,354,THEFT OF IDENTITY,1822 0930 0349,40,M,B,502,"MULTI-UNIT DWELLING (APARTMENT, DUPLEX, ETC)",,,IC,Invest Cont,354,,,1700 N  FULLER                       AV,34.1016,-118.3489,2020.0,7.0,29.0,2.0,0.0,3.0,0,10,0,Morning
2157,201013124,09/15/2020 12:00:00 AM,09/15/2020 12:00:00 AM,1530,10,West Valley,1079,1,230,"ASSAULT WITH DEADLY WEAPON, AGGRAVATED ASSAULT",0400 0416 0417 0913,44,F,W,502,"MULTI-UNIT DWELLING (APARTMENT, DUPLEX, ETC)",212.0,BOTTLE,AO,Adult Other,230,,,15400    MOORPARK                     ST,34.1557,-118.4697,2020.0,9.0,15.0,1.0,0.0,3.0,0,15,30,Afternoon
2158,201008105,04/16/2020 12:00:00 AM,04/16/2020 12:00:00 AM,2140,10,West Valley,1019,2,624,BATTERY - SIMPLE ASSAULT,0446 0913 0400 0416 0361 0443 0447,19,F,H,502,"MULTI-UNIT DWELLING (APARTMENT, DUPLEX, ETC)",400.0,"STRONG-ARM (HANDS, FIST, FEET OR BODILY FORCE)",AO,Adult Other,624,,,7300 N  HASKELL                      AV,34.203,-118.4749,2020.0,4.0,16.0,3.0,0.0,2.0,0,21,40,Evening
2159,200316223,08/20/2020 12:00:00 AM,08/16/2020 12:00:00 AM,2100,3,Southwest,361,2,745,VANDALISM - MISDEAMEANOR ($399 OR UNDER),1300 0329,37,F,W,122,"VEHICLE, PASSENGER/TRUCK",,,IC,Invest Cont,745,,,4000    STEVELY                      AV,34.0131,-118.3536,2020.0,8.0,16.0,6.0,0.0,3.0,1,21,0,Evening
2160,200211751,06/24/2020 12:00:00 AM,06/24/2020 12:00:00 AM,1310,2,Rampart,235,2,624,BATTERY - SIMPLE ASSAULT,0416 1822 1300 0429,25,M,H,108,PARKING LOT,400.0,"STRONG-ARM (HANDS, FIST, FEET OR BODILY FORCE)",IC,Invest Cont,624,,,2100    BEVERLY                      BL,34.0668,-118.2705,2020.0,6.0,24.0,2.0,0.0,2.0,0,13,10,Afternoon
2161,201217772,07-02-2020 00:00,06/27/2020 12:00:00 AM,2230,12,77th Street,1255,1,330,BURGLARY FROM VEHICLE,0344 0385,22,F,H,101,STREET,,,IC,Invest Cont,330,,,1300 W  77TH                         ST,33.9702,-118.3003,2020.0,6.0,27.0,5.0,0.0,2.0,1,22,30,Evening
2162,201116160,11/29/2020 12:00:00 AM,11/28/2020 12:00:00 AM,1900,11,Northeast,1133,2,624,BATTERY - SIMPLE ASSAULT,0400 0416 0552 0913,18,F,O,501,SINGLE FAMILY DWELLING,500.0,UNKNOWN WEAPON/OTHER WEAPON,AO,Adult Other,624,,,3400    GARDEN                       AV,34.1153,-118.2586,2020.0,11.0,28.0,5.0,0.0,4.0,1,19,0,Evening
2163,201223726,10/31/2020 12:00:00 AM,10/31/2020 12:00:00 AM,2300,12,77th Street,1239,2,745,VANDALISM - MISDEAMEANOR ($399 OR UNDER),0329 1822,54,M,H,501,SINGLE FAMILY DWELLING,,,IC,Invest Cont,745,,,6000 S  VERMONT                      AV,33.9856,-118.2915,2020.0,10.0,31.0,5.0,0.0,4.0,1,23,0,Evening
2164,201106695,02/29/2020 12:00:00 AM,02/29/2020 12:00:00 AM,1730,11,Northeast,1126,1,420,THEFT FROM MOTOR VEHICLE - PETTY ($950 & UNDER),344,25,M,O,108,PARKING LOT,,,IC,Invest Cont,420,,,5300    YORK                         BL,34.1203,-118.2005,2020.0,2.0,29.0,5.0,0.0,1.0,1,17,30,Afternoon
2165,200113602,06/18/2020 12:00:00 AM,06/18/2020 12:00:00 AM,1400,1,Central,152,2,624,BATTERY - SIMPLE ASSAULT,0917 0319 0416,43,F,H,252,"COFFEE SHOP (STARBUCKS, COFFEE BEAN, PEET'S, ETC.)",500.0,UNKNOWN WEAPON/OTHER WEAPON,IC,Invest Cont,624,,,600 W  6TH                          ST,34.0488,-118.2553,2020.0,6.0,18.0,3.0,0.0,2.0,0,14,0,Afternoon
2169,200214291,08/27/2020 12:00:00 AM,08/27/2020 12:00:00 AM,1200,2,Rampart,221,2,930,CRIMINAL THREATS - NO WEAPON DISPLAYED,0421 1822,22,F,W,101,STREET,511.0,VERBAL THREAT,IC,Invest Cont,930,,,4100    OAKWOOD                      AV,34.0777,-118.297,2020.0,8.0,27.0,3.0,0.0,3.0,0,12,0,Morning
2170,201112132,08-03-2020 00:00,07/30/2020 12:00:00 AM,1200,11,Northeast,1178,2,753,DISCHARGE FIREARMS/SHOTS FIRED,1402 1407 0906 1822 1300 1100,32,M,W,101,STREET,106.0,UNKNOWN FIREARM,IC,Invest Cont,753,998.0,,3300    SEYMOUR                      ST,34.0903,-118.2223,2020.0,7.0,30.0,3.0,0.0,3.0,0,12,0,Morning
2174,200322200,12/23/2020 12:00:00 AM,12/23/2020 12:00:00 AM,610,3,Southwest,392,2,624,BATTERY - SIMPLE ASSAULT,0444 1309 0913,59,F,B,502,"MULTI-UNIT DWELLING (APARTMENT, DUPLEX, ETC)",400.0,"STRONG-ARM (HANDS, FIST, FEET OR BODILY FORCE)",IC,Invest Cont,624,,,4400    CRENSHAW                     BL,34.0032,-118.3316,2020.0,12.0,23.0,2.0,0.0,4.0,0,6,10,Night
2176,200711626,06/19/2020 12:00:00 AM,05/30/2020 12:00:00 AM,1230,7,Wilshire,701,1,310,BURGLARY,0352 1609 1501 0358 0325 0329,0,X,X,405,CLOTHING STORE,,,AA,Adult Arrest,310,,,8100    MELROSE                      AV,34.0837,-118.3665,2020.0,5.0,30.0,5.0,0.0,2.0,1,12,30,Morning
2178,200617375,10/30/2020 12:00:00 AM,04/22/2020 12:00:00 AM,413,6,Hollywood,632,2,956,"LETTERS, LEWD  -  TELEPHONE CALLS, LEWD",1906 0913 1802 1501,45,M,W,203,OTHER BUSINESS,500.0,UNKNOWN WEAPON/OTHER WEAPON,AA,Adult Arrest,956,,,7900 W  SUNSET                       BL,34.0981,-118.3615,2020.0,4.0,22.0,2.0,0.0,2.0,0,4,13,Night
2179,201107431,03/17/2020 12:00:00 AM,03/15/2020 12:00:00 AM,1000,11,Northeast,1173,1,330,BURGLARY FROM VEHICLE,0344 1302,63,M,W,104,DRIVEWAY,,,IC,Invest Cont,330,,,1900    ALLESANDRO                   ST,34.09,-118.2587,2020.0,3.0,15.0,6.0,0.0,1.0,1,10,0,Morning
2181,200309265,03/31/2020 12:00:00 AM,03/30/2020 12:00:00 AM,2100,3,Southwest,354,1,510,VEHICLE - STOLEN,,0,Unknown,,101,STREET,,,IC,Invest Cont,510,,,3400    4TH                          AV,34.0256,-118.3212,2020.0,3.0,30.0,0.0,0.0,1.0,0,21,0,Evening
2182,201305305,01/24/2020 12:00:00 AM,01/24/2020 12:00:00 AM,820,13,Newton,1395,1,230,"ASSAULT WITH DEADLY WEAPON, AGGRAVATED ASSAULT",0913 0416,62,F,H,502,"MULTI-UNIT DWELLING (APARTMENT, DUPLEX, ETC)",400.0,"STRONG-ARM (HANDS, FIST, FEET OR BODILY FORCE)",AA,Adult Arrest,230,,,6400 S  SAN PEDRO                    ST,33.9815,-118.2695,2020.0,1.0,24.0,4.0,0.0,1.0,0,8,20,Morning
2185,200214295,08/27/2020 12:00:00 AM,08/27/2020 12:00:00 AM,1600,2,Rampart,203,2,740,"VANDALISM - FELONY ($400 & OVER, ALL CHURCH VANDALISMS)",0329 1402 0311 0910,0,M,W,124,BUS STOP,,,AA,Adult Arrest,740,998.0,,MELROSE,34.0836,-118.2917,2020.0,8.0,27.0,3.0,0.0,3.0,0,16,0,Afternoon
2186,200212917,07/23/2020 12:00:00 AM,07/23/2020 12:00:00 AM,2100,2,Rampart,202,1,510,VEHICLE - STOLEN,,0,Unknown,,101,STREET,,,IC,Invest Cont,510,,,900 N  VERMONT                      AV,34.0877,-118.2917,2020.0,7.0,23.0,3.0,0.0,3.0,0,21,0,Evening
2188,200911917,07-04-2020 00:00,05/15/2020 12:00:00 AM,2030,9,Van Nuys,941,1,440,THEFT PLAIN - PETTY ($950 & UNDER),344,26,F,O,203,OTHER BUSINESS,,,IC,Invest Cont,440,,,5700 N  SEPULVEDA                    BL,34.174,-118.4661,2020.0,5.0,15.0,4.0,0.0,2.0,0,20,30,Evening
2192,200510124,05/31/2020 12:00:00 AM,05/31/2020 12:00:00 AM,1109,5,Harbor,521,1,510,VEHICLE - STOLEN,,0,Unknown,,108,PARKING LOT,,,AO,Adult Other,510,,,1700 N  GAFFEY                       ST,33.7601,-118.2927,2020.0,5.0,31.0,6.0,0.0,2.0,1,11,9,Morning
2196,200122397,12/15/2020 12:00:00 AM,12/15/2020 12:00:00 AM,930,1,Central,152,1,510,VEHICLE - STOLEN,,0,Unknown,,104,DRIVEWAY,,,IC,Invest Cont,510,,,500 S  GRAND                        AV,34.0495,-118.2546,2020.0,12.0,15.0,1.0,0.0,4.0,0,9,30,Morning
2197,201212828,05/14/2020 12:00:00 AM,05/14/2020 12:00:00 AM,200,12,77th Street,1207,1,310,BURGLARY,1202 1602 0397 0321 1607 0329,66,F,B,120,STORAGE SHED,,,IC,Invest Cont,310,,,900 W  51ST                         ST,33.9964,-118.2894,2020.0,5.0,14.0,3.0,0.0,2.0,0,2,0,Night
2198,200118007,09/14/2020 12:00:00 AM,09/14/2020 12:00:00 AM,2030,1,Central,152,1,761,BRANDISH WEAPON,0334 1822,19,M,H,101,STREET,102.0,HAND GUN,IC,Invest Cont,761,,,700    WILSHIRE                     BL,34.0486,-118.2571,2020.0,9.0,14.0,0.0,0.0,3.0,0,20,30,Evening
2199,201107611,03/22/2020 12:00:00 AM,03/22/2020 12:00:00 AM,1400,11,Northeast,1101,1,330,BURGLARY FROM VEHICLE,0344 0377,39,M,H,108,PARKING LOT,,,IC,Invest Cont,330,,,5300    ZOO                          DR,34.1554,-118.303,2020.0,3.0,22.0,6.0,0.0,1.0,1,14,0,Afternoon
2202,200207865,03/17/2020 12:00:00 AM,03/17/2020 12:00:00 AM,1400,2,Rampart,248,2,624,BATTERY - SIMPLE ASSAULT,1251 1259 0416 0417,15,M,H,502,"MULTI-UNIT DWELLING (APARTMENT, DUPLEX, ETC)",400.0,"STRONG-ARM (HANDS, FIST, FEET OR BODILY FORCE)",AA,Adult Arrest,624,,,1200 W  6TH                          ST,34.0579,-118.2649,2020.0,3.0,17.0,1.0,0.0,1.0,0,14,0,Afternoon
2203,201226659,12/18/2020 12:00:00 AM,12/17/2020 12:00:00 AM,2100,12,77th Street,1267,2,956,"LETTERS, LEWD  -  TELEPHONE CALLS, LEWD",1814,39,F,H,502,"MULTI-UNIT DWELLING (APARTMENT, DUPLEX, ETC)",,,AO,Adult Other,956,,,300 W  84TH                         PL,33.9623,-118.2783,2020.0,12.0,17.0,3.0,0.0,4.0,0,21,0,Evening
2204,200112041,05/22/2020 12:00:00 AM,05/22/2020 12:00:00 AM,1405,1,Central,146,1,510,VEHICLE - STOLEN,,0,Unknown,,101,STREET,,,IC,Invest Cont,510,,,WALL                         ST,34.0455,-118.2452,2020.0,5.0,22.0,4.0,0.0,2.0,0,14,5,Afternoon
2205,200411867,08/18/2020 12:00:00 AM,08/18/2020 12:00:00 AM,600,4,Hollenbeck,497,2,956,"LETTERS, LEWD  -  TELEPHONE CALLS, LEWD",0337 1906 1912,29,M,H,504,OTHER RESIDENCE,,,IC,Invest Cont,956,,,3400    ESTRADA                      ST,34.0198,-118.2028,2020.0,8.0,18.0,1.0,0.0,3.0,0,6,0,Night
2207,201209314,03/17/2020 12:00:00 AM,03/17/2020 12:00:00 AM,120,12,77th Street,1249,1,821,SODOMY/SEXUAL CONTACT B/W PENIS OF ONE PERS TO ANUS OTH,1822 0519 0377 0507 0344 1309 0526 0448 0432 0319,20,F,B,101,STREET,207.0,OTHER KNIFE,IC,Invest Cont,821,,,600 W  66TH                         ST,33.9795,-118.2838,2020.0,3.0,17.0,1.0,0.0,1.0,0,1,20,Night
2209,201112077,08-01-2020 00:00,07/20/2020 12:00:00 AM,1115,11,Northeast,1113,2,956,"LETTERS, LEWD  -  TELEPHONE CALLS, LEWD",1501 1906,34,F,W,504,OTHER RESIDENCE,,,IC,Invest Cont,956,,,FAIR PARK,34.1371,-118.2216,2020.0,7.0,20.0,0.0,0.0,3.0,0,11,15,Morning
2210,200121513,11/24/2020 12:00:00 AM,11/22/2020 12:00:00 AM,1830,1,Central,163,1,310,BURGLARY,0352 0344 1606 1822,20,M,W,502,"MULTI-UNIT DWELLING (APARTMENT, DUPLEX, ETC)",,,IC,Invest Cont,310,,,700 S  BROADWAY,34.0444,-118.2541,2020.0,11.0,22.0,6.0,0.0,4.0,1,18,30,Afternoon
2213,200513388,08/23/2020 12:00:00 AM,08/22/2020 12:00:00 AM,2300,5,Harbor,504,1,331,THEFT FROM MOTOR VEHICLE - GRAND ($950.01 AND OVER),0344 0385 1300,29,M,W,101,STREET,,,IC,Invest Cont,331,,,DENKER                       AV,33.8449,-118.304,2020.0,8.0,22.0,5.0,0.0,3.0,1,23,0,Evening
2216,200313411,06/29/2020 12:00:00 AM,06/29/2020 12:00:00 AM,1045,3,Southwest,395,1,210,ROBBERY,0344 1822 0400,46,F,H,108,PARKING LOT,400.0,"STRONG-ARM (HANDS, FIST, FEET OR BODILY FORCE)",AA,Adult Arrest,210,,,4100 S  WESTERN                      AV,34.0091,-118.3089,2020.0,6.0,29.0,0.0,0.0,2.0,0,10,45,Morning
2217,201011392,07/27/2020 12:00:00 AM,07/27/2020 12:00:00 AM,115,10,West Valley,1094,1,230,"ASSAULT WITH DEADLY WEAPON, AGGRAVATED ASSAULT",1100 0913 1817 0450,42,M,O,501,SINGLE FAMILY DWELLING,102.0,HAND GUN,AA,Adult Arrest,230,,,18100    GREEN MEADOW                 DR,34.1447,-118.5284,2020.0,7.0,27.0,0.0,0.0,3.0,0,1,15,Night
2220,200515656,10/22/2020 12:00:00 AM,10/22/2020 12:00:00 AM,945,5,Harbor,563,2,624,BATTERY - SIMPLE ASSAULT,0913 0603 0361 0444,29,F,H,502,"MULTI-UNIT DWELLING (APARTMENT, DUPLEX, ETC)",400.0,"STRONG-ARM (HANDS, FIST, FEET OR BODILY FORCE)",AO,Adult Other,624,,,700 W  17TH                         ST,33.7288,-118.2929,2020.0,10.0,22.0,3.0,0.0,4.0,0,9,45,Morning
2222,201108573,04/20/2020 12:00:00 AM,04/20/2020 12:00:00 AM,2320,11,Northeast,1123,2,740,"VANDALISM - FELONY ($400 & OVER, ALL CHURCH VANDALISMS)",1609 1307 0329 0603,50,F,H,501,SINGLE FAMILY DWELLING,,,AO,Adult Other,740,,,3900    SENECA                       AV,34.1246,-118.2613,2020.0,4.0,20.0,0.0,0.0,2.0,0,23,20,Evening
2225,201211713,04/27/2020 12:00:00 AM,04/27/2020 12:00:00 AM,1530,12,77th Street,1273,1,343,SHOPLIFTING-GRAND THEFT ($950.01 & OVER),0325 1822,0,X,X,242,"DISCOUNT STORE (99 CENT,DOLLAR,ETC.",,,IC,Invest Cont,343,,,9100 S  WESTERN                      AV,33.9545,-118.309,2020.0,4.0,27.0,0.0,0.0,2.0,0,15,30,Afternoon
2226,200611630,06/21/2020 12:00:00 AM,06/20/2020 12:00:00 AM,2000,6,Hollywood,648,1,310,BURGLARY,1822 1609 0344,0,X,X,210,RESTAURANT/FAST FOOD,,,IC,Invest Cont,310,,,5400 W  SUNSET                       BL,34.1,-118.3113,2020.0,6.0,20.0,5.0,0.0,2.0,1,20,0,Evening
2230,201000809,08/14/2020 12:00:00 AM,08/14/2020 12:00:00 AM,1730,10,West Valley,1001,1,236,INTIMATE PARTNER - AGGRAVATED ASSAULT,0913 2000 0319 0329 0408 0305 1813 1310 1419 1309,37,F,H,501,SINGLE FAMILY DWELLING,400.0,"STRONG-ARM (HANDS, FIST, FEET OR BODILY FORCE)",AA,Adult Arrest,236,,,19400    KESWICK                      ST,34.2106,-118.5579,2020.0,8.0,14.0,4.0,0.0,3.0,0,17,30,Afternoon
2233,200516686,11/15/2020 12:00:00 AM,11/15/2020 12:00:00 AM,1015,5,Harbor,507,2,740,"VANDALISM - FELONY ($400 & OVER, ALL CHURCH VANDALISMS)",329,36,M,W,501,SINGLE FAMILY DWELLING,,,IC,Invest Cont,740,,,1400 W  223RD                        ST,33.8245,-118.3038,2020.0,11.0,15.0,6.0,0.0,4.0,1,10,15,Morning
2234,200118505,09/25/2020 12:00:00 AM,09/24/2020 12:00:00 AM,800,1,Central,182,2,662,"BUNCO, GRAND THEFT",800,20,F,W,203,OTHER BUSINESS,,,IC,Invest Cont,662,,,1200 S  GRAND                        AV,34.0397,-118.2637,2020.0,9.0,24.0,3.0,0.0,3.0,0,8,0,Morning
2236,201215340,06/25/2020 12:00:00 AM,06/25/2020 12:00:00 AM,651,12,77th Street,1269,1,310,BURGLARY,1607 1402 0329 1822 0209 0321,0,X,X,704,ELEMENTARY SCHOOL,,,IC,Invest Cont,310,,,8500    TOWNE                        AV,33.9606,-118.2673,2020.0,6.0,25.0,3.0,0.0,2.0,0,6,51,Night
2240,200416340,12/27/2020 12:00:00 AM,12/27/2020 12:00:00 AM,316,4,Hollenbeck,412,1,441,THEFT PLAIN - ATTEMPT,,0,X,X,203,OTHER BUSINESS,,,IC,Invest Cont,441,,,100 W  AVENUE 34,34.084,-118.2135,2020.0,12.0,27.0,6.0,0.0,4.0,1,3,16,Night
2242,200716012,11/15/2020 12:00:00 AM,11/15/2020 12:00:00 AM,1520,7,Wilshire,724,1,330,BURGLARY FROM VEHICLE,1300 1606 0344,31,F,O,123,PARKING UNDERGROUND/BUILDING,,,AO,Adult Other,330,,,100    THE GROVE                    DR,34.0747,-118.3563,2020.0,11.0,15.0,6.0,0.0,4.0,1,15,20,Afternoon
2243,200319421,10/26/2020 12:00:00 AM,10/24/2020 12:00:00 AM,5,3,Southwest,362,2,354,THEFT OF IDENTITY,1822 0100 0930,33,F,B,501,SINGLE FAMILY DWELLING,,,IC,Invest Cont,354,,,3800    POTOMAC                      AV,34.0156,-118.3463,2020.0,10.0,24.0,5.0,0.0,4.0,1,0,5,Night
2245,200806379,02/22/2020 12:00:00 AM,02/21/2020 12:00:00 AM,2340,8,West LA,809,1,310,BURGLARY,0344 1822 1251 1607,22,F,B,501,SINGLE FAMILY DWELLING,,,IC,Invest Cont,310,,,9600    HEATHER                      RD,34.1033,-118.4057,2020.0,2.0,21.0,4.0,0.0,1.0,0,23,40,Evening
2247,200614061,08/17/2020 12:00:00 AM,08/16/2020 12:00:00 AM,1700,6,Hollywood,648,1,510,VEHICLE - STOLEN,,0,Unknown,,101,STREET,,,IC,Invest Cont,510,,,1500 N  WESTERN                      AV,34.0982,-118.3092,2020.0,8.0,16.0,6.0,0.0,3.0,1,17,0,Afternoon
2251,200607117,02/28/2020 12:00:00 AM,02/28/2020 12:00:00 AM,1037,6,Hollywood,677,2,888,TRESPASSING,1822,32,M,B,501,SINGLE FAMILY DWELLING,,,IC,Invest Cont,888,,,800 N  WILTON                       PL,34.0855,-118.3135,2020.0,2.0,28.0,4.0,0.0,1.0,0,10,37,Morning
2252,200908657,04/20/2020 12:00:00 AM,04/19/2020 12:00:00 AM,1730,9,Van Nuys,969,2,956,"LETTERS, LEWD  -  TELEPHONE CALLS, LEWD",1906,46,F,O,502,"MULTI-UNIT DWELLING (APARTMENT, DUPLEX, ETC)",,,IC,Invest Cont,956,,,12600    RIVERSIDE                    DR,34.1576,-118.4074,2020.0,4.0,19.0,6.0,0.0,2.0,1,17,30,Afternoon
2253,200513223,08/20/2020 12:00:00 AM,08/19/2020 12:00:00 AM,2323,5,Harbor,529,1,520,VEHICLE - ATTEMPT STOLEN,1300 1612 1202,60,M,H,101,STREET,,,IC,Invest Cont,520,,,300 N  AVALON                       BL,33.7727,-118.2619,2020.0,8.0,19.0,2.0,0.0,3.0,0,23,23,Evening
2254,201307360,02/29/2020 12:00:00 AM,02/28/2020 12:00:00 AM,2300,13,Newton,1307,1,440,THEFT PLAIN - PETTY ($950 & UNDER),0344 1218,43,M,W,502,"MULTI-UNIT DWELLING (APARTMENT, DUPLEX, ETC)",,,IC,Invest Cont,440,,,1200 E  7TH                          ST,34.0375,-118.2423,2020.0,2.0,28.0,4.0,0.0,1.0,0,23,0,Evening
2255,200305723,01/29/2020 12:00:00 AM,01/28/2020 12:00:00 AM,1300,3,Southwest,338,1,440,THEFT PLAIN - PETTY ($950 & UNDER),0344 1251 2032,20,M,A,710,OTHER PREMISE,,,IC,Invest Cont,440,,,3000    MC CLINTOCK                  AV,34.0274,-118.285,2020.0,1.0,28.0,1.0,0.0,1.0,0,13,0,Afternoon
2256,200709488,05/21/2020 12:00:00 AM,05/21/2020 12:00:00 AM,545,7,Wilshire,745,2,626,INTIMATE PARTNER - SIMPLE ASSAULT,2000 1813 0446 0401 0513,76,F,B,502,"MULTI-UNIT DWELLING (APARTMENT, DUPLEX, ETC)",400.0,"STRONG-ARM (HANDS, FIST, FEET OR BODILY FORCE)",AO,Adult Other,626,,,1000    MEADOWBROOK                  AV,34.0548,-118.3477,2020.0,5.0,21.0,3.0,0.0,2.0,0,5,45,Night
2257,200514577,09/27/2020 12:00:00 AM,09/26/2020 12:00:00 AM,30,5,Harbor,564,2,740,"VANDALISM - FELONY ($400 & OVER, ALL CHURCH VANDALISMS)",329,21,M,H,122,"VEHICLE, PASSENGER/TRUCK",,,IC,Invest Cont,740,,,600 S  PALOS VERDES                 ST,33.7379,-118.2814,2020.0,9.0,26.0,5.0,0.0,3.0,1,0,30,Night
2258,200105714,01/26/2020 12:00:00 AM,01/25/2020 12:00:00 AM,900,1,Central,101,2,740,"VANDALISM - FELONY ($400 & OVER, ALL CHURCH VANDALISMS)",0329 1309,19,M,W,122,"VEHICLE, PASSENGER/TRUCK",,,IC,Invest Cont,740,,,1000    EVERETT                      PL,34.0693,-118.2488,2020.0,1.0,25.0,5.0,0.0,1.0,1,9,0,Morning
2259,200215195,09/19/2020 12:00:00 AM,09/19/2020 12:00:00 AM,345,2,Rampart,245,1,220,ATTEMPTED ROBBERY,0447 0371 0334 0335 0445 1822 0906 2004,28,M,B,109,PARK/PLAYGROUND,200.0,KNIFE WITH BLADE 6INCHES OR LESS,AA,Adult Arrest,220,,,2200 W  6TH                          ST,34.0601,-118.2761,2020.0,9.0,19.0,5.0,0.0,3.0,1,3,45,Night
2260,200518412,12/31/2020 12:00:00 AM,12/31/2020 12:00:00 AM,900,5,Harbor,587,2,740,"VANDALISM - FELONY ($400 & OVER, ALL CHURCH VANDALISMS)",329,0,X,X,210,RESTAURANT/FAST FOOD,,,IC,Invest Cont,740,,,3400 S  PACIFIC                      AV,33.7136,-118.2904,2020.0,12.0,31.0,3.0,0.0,4.0,0,9,0,Morning
2261,200518210,12/25/2020 12:00:00 AM,12/20/2020 12:00:00 AM,750,5,Harbor,567,2,626,INTIMATE PARTNER - SIMPLE ASSAULT,0913 2000 1814 0416,27,F,H,502,"MULTI-UNIT DWELLING (APARTMENT, DUPLEX, ETC)",400.0,"STRONG-ARM (HANDS, FIST, FEET OR BODILY FORCE)",IC,Invest Cont,626,,,400 W  21ST                         ST,33.7251,-118.2858,2020.0,12.0,20.0,6.0,0.0,4.0,1,7,50,Morning
2263,200818014,12/29/2020 12:00:00 AM,12/27/2020 12:00:00 AM,2000,8,West LA,824,1,330,BURGLARY FROM VEHICLE,1609 1822 0321 0344,45,M,W,101,STREET,,,IC,Invest Cont,330,,,200    OCEAN                        WY,34.0283,-118.5165,2020.0,12.0,27.0,6.0,0.0,4.0,1,20,0,Evening
2267,200407878,04/16/2020 12:00:00 AM,04/16/2020 12:00:00 AM,1152,4,Hollenbeck,499,1,510,VEHICLE - STOLEN,,0,Unknown,,101,STREET,,,IC,Invest Cont,510,,,1400    ESPERANZA                    ST,34.0173,-118.201,2020.0,4.0,16.0,3.0,0.0,2.0,0,11,52,Morning
2268,200400922,07/19/2020 12:00:00 AM,07/18/2020 12:00:00 AM,2035,4,Hollenbeck,417,2,902,VIOLATION OF TEMPORARY RESTRAINING ORDER,1402 2038 0913 0554,42,F,H,504,OTHER RESIDENCE,,,IC,Invest Cont,902,998.0,,3800    LINCOLN HIGH                 CT,34.0748,-118.1994,2020.0,7.0,18.0,5.0,0.0,3.0,1,20,35,Evening
2269,200509997,05/27/2020 12:00:00 AM,05/27/2020 12:00:00 AM,745,5,Harbor,541,1,510,VEHICLE - STOLEN,,0,Unknown,,101,STREET,,,IC,Invest Cont,510,,,1000 N  WESTERN                      AV,33.7537,-118.309,2020.0,5.0,27.0,2.0,0.0,2.0,0,7,45,Morning
2271,200911493,06/24/2020 12:00:00 AM,06/22/2020 12:00:00 AM,1800,9,Van Nuys,952,1,330,BURGLARY FROM VEHICLE,1300 0344 1609,50,M,O,123,PARKING UNDERGROUND/BUILDING,,,IC,Invest Cont,330,,,15100    BURBANK                      BL,34.1721,-118.4625,2020.0,6.0,22.0,0.0,0.0,2.0,0,18,0,Afternoon
2272,200311918,05/26/2020 12:00:00 AM,05/26/2020 12:00:00 AM,1230,3,Southwest,363,1,440,THEFT PLAIN - PETTY ($950 & UNDER),0444 0447 2007 2000 1814 1222 0913 0344,29,M,B,502,"MULTI-UNIT DWELLING (APARTMENT, DUPLEX, ETC)",400.0,"STRONG-ARM (HANDS, FIST, FEET OR BODILY FORCE)",AO,Adult Other,440,626.0,,4100    PALMYRA                      RD,34.0149,-118.3436,2020.0,5.0,26.0,1.0,0.0,2.0,0,12,30,Morning
2274,200619636,12/24/2020 12:00:00 AM,11/24/2020 12:00:00 AM,1000,6,Hollywood,663,1,510,VEHICLE - STOLEN,,0,Unknown,,101,STREET,,,IC,Invest Cont,510,,,1100 N  SYCAMORE                     AV,34.0907,-118.3428,2020.0,11.0,24.0,1.0,0.0,4.0,0,10,0,Morning
2277,200415405,11/30/2020 12:00:00 AM,11/28/2020 12:00:00 AM,1200,4,Hollenbeck,407,1,510,VEHICLE - STOLEN,,0,Unknown,,101,STREET,,,IC,Invest Cont,510,,,3800    MONTEREY                     RD,34.091,-118.1882,2020.0,11.0,28.0,5.0,0.0,4.0,1,12,0,Morning
2278,200316320,08/25/2020 12:00:00 AM,08/21/2020 12:00:00 AM,700,3,Southwest,333,1,522,"VEHICLE, STOLEN - OTHER (MOTORIZED SCOOTERS, BIKES, ETC)",1822 0344 0394 0947,36,M,I,119,"PORCH, RESIDENTIAL",,,IC,Invest Cont,522,,,3700    EXPOSITION                   BL,34.0235,-118.34,2020.0,8.0,21.0,4.0,0.0,3.0,0,7,0,Morning
2279,200113144,06-09-2020 00:00,05/30/2020 12:00:00 AM,2230,1,Central,134,1,231,ASSAULT WITH DEADLY WEAPON ON POLICE OFFICER,0400 0447 1212 1822,30,M,X,101,STREET,310.0,CONCRETE BLOCK/BRICK,IC,Invest Cont,231,,,BROADWAY,34.0495,-118.2494,2020.0,5.0,30.0,5.0,0.0,2.0,1,22,30,Evening
2280,200605160,01/27/2020 12:00:00 AM,01/26/2020 12:00:00 AM,2000,6,Hollywood,646,1,330,BURGLARY FROM VEHICLE,1601 1300 1307 1609 0329 0344,34,M,H,108,PARKING LOT,,,IC,Invest Cont,330,,,WILCOX,34.0998,-118.331,2020.0,1.0,26.0,6.0,0.0,1.0,1,20,0,Evening
2282,200815685,10/23/2020 12:00:00 AM,10/23/2020 12:00:00 AM,1400,8,West LA,849,2,626,INTIMATE PARTNER - SIMPLE ASSAULT,2000 0416 0444 0400 1814 0432,34,M,W,502,"MULTI-UNIT DWELLING (APARTMENT, DUPLEX, ETC)",400.0,"STRONG-ARM (HANDS, FIST, FEET OR BODILY FORCE)",AO,Adult Other,626,,,8600 W  OLYMPIC                      BL,34.0594,-118.3783,2020.0,10.0,23.0,4.0,0.0,4.0,0,14,0,Afternoon
2283,200812296,07/25/2020 12:00:00 AM,07/16/2020 12:00:00 AM,1655,8,West LA,842,2,354,THEFT OF IDENTITY,0100 0930,38,F,B,501,SINGLE FAMILY DWELLING,,,IC,Invest Cont,354,,,11700    WILSHIRE                     BL,34.0491,-118.4614,2020.0,7.0,16.0,3.0,0.0,3.0,0,16,55,Afternoon
2285,201218769,08/18/2020 12:00:00 AM,08/18/2020 12:00:00 AM,1030,12,77th Street,1233,1,220,ATTEMPTED ROBBERY,1402 1218 1238 1822 2047 0337 0416 0445 0411 2033,56,M,H,101,STREET,312.0,PIPE/METAL PIPE,IC,Invest Cont,220,,,ST ANDREWS                   PL,33.9862,-118.3111,2020.0,8.0,18.0,1.0,0.0,3.0,0,10,30,Morning
2287,200706638,02/25/2020 12:00:00 AM,02/25/2020 12:00:00 AM,1400,7,Wilshire,755,2,624,BATTERY - SIMPLE ASSAULT,0448 1810 0416,24,M,H,501,SINGLE FAMILY DWELLING,400.0,"STRONG-ARM (HANDS, FIST, FEET OR BODILY FORCE)",IC,Invest Cont,624,,,1200    MEADOWBROOK                  AV,34.0484,-118.3503,2020.0,2.0,25.0,1.0,0.0,1.0,0,14,0,Afternoon
2288,200715136,10/21/2020 12:00:00 AM,10/20/2020 12:00:00 AM,1945,7,Wilshire,773,1,510,VEHICLE - STOLEN,,0,Unknown,,101,STREET,,,IC,Invest Cont,510,,,1800 S  REDONDO                      BL,34.0417,-118.3588,2020.0,10.0,20.0,1.0,0.0,4.0,0,19,45,Evening
2289,201000766,07/13/2020 12:00:00 AM,07/13/2020 12:00:00 AM,1920,10,West Valley,1035,1,230,"ASSAULT WITH DEADLY WEAPON, AGGRAVATED ASSAULT",1300 0334 1402 0913 0400 0416 0603 0361 0447 0906,43,M,H,502,"MULTI-UNIT DWELLING (APARTMENT, DUPLEX, ETC)",204.0,FOLDING KNIFE,AA,Adult Arrest,230,998.0,,18400    KITTRIDGE                    ST,34.1902,-118.5335,2020.0,7.0,13.0,0.0,0.0,3.0,0,19,20,Evening
2290,201111883,07/27/2020 12:00:00 AM,07/21/2020 12:00:00 AM,1200,11,Northeast,1171,1,420,THEFT FROM MOTOR VEHICLE - PETTY ($950 & UNDER),0344 0385,32,M,W,101,STREET,,,IC,Invest Cont,420,,,SWAN                         PL,34.0917,-118.2741,2020.0,7.0,21.0,1.0,0.0,3.0,0,12,0,Morning
2291,201008203,04/20/2020 12:00:00 AM,04/20/2020 12:00:00 AM,105,10,West Valley,1043,1,440,THEFT PLAIN - PETTY ($950 & UNDER),0344 1822 1202 1420 0339,73,M,O,501,SINGLE FAMILY DWELLING,,,IC,Invest Cont,440,,,18500    HATTERAS                     ST,34.1775,-118.536,2020.0,4.0,20.0,0.0,0.0,2.0,0,1,5,Night
2292,200618388,11/23/2020 12:00:00 AM,11/23/2020 12:00:00 AM,600,6,Hollywood,639,1,420,THEFT FROM MOTOR VEHICLE - PETTY ($950 & UNDER),0344 1822 1501 1300,35,M,W,123,PARKING UNDERGROUND/BUILDING,,,IC,Invest Cont,420,,,5400    FRANKLIN                     AV,34.1054,-118.3074,2020.0,11.0,23.0,0.0,0.0,4.0,0,6,0,Night
2293,200914075,08/28/2020 12:00:00 AM,08/28/2020 12:00:00 AM,200,9,Van Nuys,998,1,510,VEHICLE - STOLEN,,0,Unknown,,707,GARAGE/CARPORT,,,IC,Invest Cont,510,,,4200    ETHEL                        AV,34.1459,-118.4183,2020.0,8.0,28.0,4.0,0.0,3.0,0,2,0,Night
2294,200413025,09/22/2020 12:00:00 AM,09/21/2020 12:00:00 AM,2100,4,Hollenbeck,406,1,510,VEHICLE - STOLEN,,0,Unknown,,101,STREET,,,IC,Invest Cont,510,,,700 S  AVENUE 60,34.1044,-118.1797,2020.0,9.0,21.0,0.0,0.0,3.0,0,21,0,Evening
2295,201308775,03/28/2020 12:00:00 AM,03/28/2020 12:00:00 AM,120,13,Newton,1321,1,230,"ASSAULT WITH DEADLY WEAPON, AGGRAVATED ASSAULT",1202 0408 0561 0913,75,M,O,501,SINGLE FAMILY DWELLING,400.0,"STRONG-ARM (HANDS, FIST, FEET OR BODILY FORCE)",AA,Adult Arrest,230,,,300 E  25TH                         ST,34.0248,-118.266,2020.0,3.0,28.0,5.0,0.0,1.0,1,1,20,Night
2296,200915358,10-01-2020 00:00,09/30/2020 12:00:00 AM,2150,9,Van Nuys,966,2,890,FAILURE TO YIELD,1501,0,X,X,101,STREET,,,AA,Adult Arrest,890,,,WOODMAN                      AV,34.1622,-118.4269,2020.0,9.0,30.0,2.0,0.0,3.0,0,21,50,Evening
2300,200209054,04/17/2020 12:00:00 AM,04/16/2020 12:00:00 AM,1300,2,Rampart,237,2,624,BATTERY - SIMPLE ASSAULT,1260 0446 1822,55,M,H,102,SIDEWALK,400.0,"STRONG-ARM (HANDS, FIST, FEET OR BODILY FORCE)",AA,Adult Arrest,624,,,COLUMBIA                     AV,34.0594,-118.2643,2020.0,4.0,16.0,3.0,0.0,2.0,0,13,0,Afternoon
2301,200409802,06/15/2020 12:00:00 AM,06/14/2020 12:00:00 AM,2000,4,Hollenbeck,464,1,510,VEHICLE - STOLEN,,0,Unknown,,101,STREET,,,IC,Invest Cont,510,,,2100 E  4TH                          ST,34.0445,-118.2116,2020.0,6.0,14.0,6.0,0.0,2.0,1,20,0,Evening
2304,200204625,01/13/2020 12:00:00 AM,01/13/2020 12:00:00 AM,1245,2,Rampart,251,1,230,"ASSAULT WITH DEADLY WEAPON, AGGRAVATED ASSAULT",0906 1805 1270 1313 0447 0416 0913 1820,33,M,H,101,STREET,500.0,UNKNOWN WEAPON/OTHER WEAPON,IC,Invest Cont,230,,,400 S  RAMPART                      BL,34.0649,-118.2797,2020.0,1.0,13.0,0.0,0.0,1.0,0,12,45,Morning
2305,200606309,02/17/2020 12:00:00 AM,02/17/2020 12:00:00 AM,1210,6,Hollywood,646,2,930,CRIMINAL THREATS - NO WEAPON DISPLAYED,0400 0432 0913,22,F,W,102,SIDEWALK,511.0,VERBAL THREAT,IC,Invest Cont,930,,,1500    SCHRADER                     BL,34.098,-118.3324,2020.0,2.0,17.0,0.0,0.0,1.0,0,12,10,Morning
2307,201308493,03/20/2020 12:00:00 AM,03/20/2020 12:00:00 AM,1930,13,Newton,1367,2,930,CRIMINAL THREATS - NO WEAPON DISPLAYED,0913 0421 0319,21,F,B,501,SINGLE FAMILY DWELLING,102.0,HAND GUN,AA,Adult Arrest,930,,,5200    LONG BEACH                   AV,33.9951,-118.2432,2020.0,3.0,20.0,4.0,0.0,1.0,0,19,30,Evening
2308,201205980,01/28/2020 12:00:00 AM,01/26/2020 12:00:00 AM,1630,12,77th Street,1215,1,330,BURGLARY FROM VEHICLE,0344 1607 0386,52,F,B,122,"VEHICLE, PASSENGER/TRUCK",,,IC,Invest Cont,330,,,1200 W  56TH                         ST,33.9916,-118.2958,2020.0,1.0,26.0,6.0,0.0,1.0,1,16,30,Afternoon
2309,200513256,08/22/2020 12:00:00 AM,08/22/2020 12:00:00 AM,716,5,Harbor,509,1,330,BURGLARY FROM VEHICLE,0329 0344 0358 1307 1309,35,M,A,123,PARKING UNDERGROUND/BUILDING,,,IC,Invest Cont,330,,,1400 W  LOMITA                       BL,33.7978,-118.3015,2020.0,8.0,22.0,5.0,0.0,3.0,1,7,16,Morning
2310,200604969,01/18/2020 12:00:00 AM,01/18/2020 12:00:00 AM,120,6,Hollywood,615,2,626,INTIMATE PARTNER - SIMPLE ASSAULT,1414 0400 1251 2000 1813 0409,30,F,O,502,"MULTI-UNIT DWELLING (APARTMENT, DUPLEX, ETC)",400.0,"STRONG-ARM (HANDS, FIST, FEET OR BODILY FORCE)",IC,Invest Cont,626,,,2700    CAHUENGA                     BL,34.1171,-118.3373,2020.0,1.0,18.0,5.0,0.0,1.0,1,1,20,Night
2311,200905230,01/29/2020 12:00:00 AM,01/28/2020 12:00:00 AM,1950,9,Van Nuys,984,1,510,VEHICLE - STOLEN,,0,Unknown,,108,PARKING LOT,,,IC,Invest Cont,510,,,14700    VENTURA                      BL,34.1517,-118.4531,2020.0,1.0,28.0,1.0,0.0,1.0,0,19,50,Evening
2312,201219050,08/20/2020 12:00:00 AM,08/20/2020 12:00:00 AM,1520,12,77th Street,1245,1,210,ROBBERY,0416 0446 1822 0202,0,X,X,401,MINI-MART,400.0,"STRONG-ARM (HANDS, FIST, FEET OR BODILY FORCE)",IC,Invest Cont,210,,,7100 S  VERMONT                      AV,33.9808,-118.2917,2020.0,8.0,20.0,3.0,0.0,3.0,0,15,20,Afternoon
2313,201105229,01/29/2020 12:00:00 AM,01/25/2020 12:00:00 AM,1400,11,Northeast,1127,1,341,"THEFT-GRAND ($950.01 & OVER)EXCPT,GUNS,FOWL,LIVESTK,PROD",344,0,X,X,118,CONSTRUCTION SITE,,,IC,Invest Cont,341,,,1100 N  AVENUE 56,34.1194,-118.1967,2020.0,1.0,25.0,5.0,0.0,1.0,1,14,0,Afternoon
2314,201207507,02/19/2020 12:00:00 AM,02/19/2020 12:00:00 AM,1300,12,77th Street,1259,2,940,EXTORTION,422,20,F,H,502,"MULTI-UNIT DWELLING (APARTMENT, DUPLEX, ETC)",,,IC,Invest Cont,940,,,7800    TOWNE                        AV,33.9688,-118.2674,2020.0,2.0,19.0,2.0,0.0,1.0,0,13,0,Afternoon
2317,200616913,10/18/2020 12:00:00 AM,10/18/2020 12:00:00 AM,2030,6,Hollywood,656,2,740,"VANDALISM - FELONY ($400 & OVER, ALL CHURCH VANDALISMS)",0329 1822,58,F,H,502,"MULTI-UNIT DWELLING (APARTMENT, DUPLEX, ETC)",304.0,CLUB/BAT,AA,Adult Arrest,740,,,1000    VINE                         ST,34.0889,-118.3266,2020.0,10.0,18.0,6.0,0.0,4.0,1,20,30,Evening
2318,200401204,11/21/2020 12:00:00 AM,11/21/2020 12:00:00 AM,1530,4,Hollenbeck,465,1,230,"ASSAULT WITH DEADLY WEAPON, AGGRAVATED ASSAULT",0302 1402 1822 1300,0,M,X,101,STREET,102.0,HAND GUN,AO,Adult Other,230,998.0,,BERNAL,34.0315,-118.2,2020.0,11.0,21.0,5.0,0.0,4.0,1,15,30,Afternoon
2319,200119382,10/13/2020 12:00:00 AM,10/13/2020 12:00:00 AM,340,1,Central,159,1,420,THEFT FROM MOTOR VEHICLE - PETTY ($950 & UNDER),1202 1822 1414 0344,61,M,W,108,PARKING LOT,,,IC,Invest Cont,420,,,600 S  SANTA FE                     AV,34.0364,-118.2303,2020.0,10.0,13.0,1.0,0.0,4.0,0,3,40,Night
2320,201224450,11/14/2020 12:00:00 AM,11/14/2020 12:00:00 AM,700,12,77th Street,1205,2,745,VANDALISM - MISDEAMEANOR ($399 OR UNDER),0329 0913 1820,28,M,H,501,SINGLE FAMILY DWELLING,,,IC,Invest Cont,745,,,1200 W  51ST                         ST,33.9969,-118.2959,2020.0,11.0,14.0,5.0,0.0,4.0,1,7,0,Morning
2324,200308776,03/18/2020 12:00:00 AM,03/18/2020 12:00:00 AM,1840,3,Southwest,395,1,230,"ASSAULT WITH DEADLY WEAPON, AGGRAVATED ASSAULT",1309 1310 1822 0202 0919,26,M,H,101,STREET,307.0,VEHICLE,IC,Invest Cont,230,,,MARTIN LUTHER KING           BL,34.0109,-118.3089,2020.0,3.0,18.0,2.0,0.0,1.0,0,18,40,Afternoon
2325,200113874,06/24/2020 12:00:00 AM,06/24/2020 12:00:00 AM,1110,1,Central,192,1,230,"ASSAULT WITH DEADLY WEAPON, AGGRAVATED ASSAULT",0445 1253 1402 2004 0416 0447 0917 1822,32,M,H,802,MUNICIPAL BUS LINE INCLUDES LADOT/DASH,312.0,PIPE/METAL PIPE,AA,Adult Arrest,230,998.0,,17TH,34.0342,-118.266,2020.0,6.0,24.0,2.0,0.0,2.0,0,11,10,Morning
2326,200320734,11/22/2020 12:00:00 AM,11/22/2020 12:00:00 AM,700,3,Southwest,362,1,230,"ASSAULT WITH DEADLY WEAPON, AGGRAVATED ASSAULT",1822 1100 0430 1407,18,M,H,101,STREET,102.0,HAND GUN,IC,Invest Cont,230,,,4600 W  MARTIN LUTHER KING JR        BL,34.0195,-118.3489,2020.0,11.0,22.0,6.0,0.0,4.0,1,7,0,Morning
2327,200804963,01/22/2020 12:00:00 AM,01/22/2020 12:00:00 AM,1928,8,West LA,847,2,888,TRESPASSING,1501,49,F,W,502,"MULTI-UNIT DWELLING (APARTMENT, DUPLEX, ETC)",,,IC,Invest Cont,888,,,2300    FOX HILLS                    DR,34.0473,-118.4206,2020.0,1.0,22.0,2.0,0.0,1.0,0,19,28,Evening
2329,200611690,06/22/2020 12:00:00 AM,06/22/2020 12:00:00 AM,1620,6,Hollywood,676,2,740,"VANDALISM - FELONY ($400 & OVER, ALL CHURCH VANDALISMS)",329,0,X,X,406,OTHER STORE,,,IC,Invest Cont,740,,,800    COLE                         AV,34.0853,-118.3299,2020.0,6.0,22.0,0.0,0.0,2.0,0,16,20,Afternoon
2332,200913628,08/17/2020 12:00:00 AM,08/17/2020 12:00:00 AM,530,9,Van Nuys,994,1,510,VEHICLE - STOLEN,,0,Unknown,,101,STREET,,,IC,Invest Cont,510,,,4000    SUNNYSLOPE                   AV,34.1422,-118.4264,2020.0,8.0,17.0,0.0,0.0,3.0,0,5,30,Night
2333,200517932,12/17/2020 12:00:00 AM,12/17/2020 12:00:00 AM,2215,5,Harbor,514,2,624,BATTERY - SIMPLE ASSAULT,0913 0416 0561 0446 0602,51,M,H,502,"MULTI-UNIT DWELLING (APARTMENT, DUPLEX, ETC)",400.0,"STRONG-ARM (HANDS, FIST, FEET OR BODILY FORCE)",IC,Invest Cont,624,,,900 N  WILMINGTON                   BL,33.7897,-118.2787,2020.0,12.0,17.0,3.0,0.0,4.0,0,22,15,Evening
2334,201109830,05/27/2020 12:00:00 AM,05/27/2020 12:00:00 AM,1200,11,Northeast,1144,1,510,VEHICLE - STOLEN,,0,Unknown,,101,STREET,,,IC,Invest Cont,510,,,2400    IVANHOE                      DR,34.1017,-118.2609,2020.0,5.0,27.0,2.0,0.0,2.0,0,12,0,Morning
2335,200911607,06/26/2020 12:00:00 AM,06/25/2020 12:00:00 AM,700,9,Van Nuys,931,1,420,THEFT FROM MOTOR VEHICLE - PETTY ($950 & UNDER),,0,Unknown,,108,PARKING LOT,,,IC,Invest Cont,420,,,ERWIN,34.183,-118.4662,2020.0,6.0,25.0,3.0,0.0,2.0,0,7,0,Morning
2336,200309308,04-01-2020 00:00,03/31/2020 12:00:00 AM,2300,3,Southwest,395,2,930,CRIMINAL THREATS - NO WEAPON DISPLAYED,0342 0421 0319 0360 1822,57,M,H,501,SINGLE FAMILY DWELLING,511.0,VERBAL THREAT,IC,Invest Cont,930,,,1700 W  41ST                         ST,34.0099,-118.3089,2020.0,3.0,31.0,1.0,0.0,1.0,0,23,0,Evening
2337,200405954,02/20/2020 12:00:00 AM,02/20/2020 12:00:00 AM,45,4,Hollenbeck,499,1,648,ARSON,1822,0,X,X,203,OTHER BUSINESS,,,IC,Invest Cont,648,,,3600 E  OLYMPIC                      BL,34.0188,-118.201,2020.0,2.0,20.0,3.0,0.0,1.0,0,0,45,Night
2338,200607046,02/27/2020 12:00:00 AM,02/25/2020 12:00:00 AM,2030,6,Hollywood,615,1,331,THEFT FROM MOTOR VEHICLE - GRAND ($950.01 AND OVER),1300 1822 0344,37,F,H,101,STREET,,,IC,Invest Cont,331,,,3000    HOLLYCREST                   DR,34.1261,-118.3442,2020.0,2.0,25.0,1.0,0.0,1.0,0,20,30,Evening
2339,200309279,03/31/2020 12:00:00 AM,03/31/2020 12:00:00 AM,1130,3,Southwest,395,2,946,OTHER MISCELLANEOUS CRIME,1419 1407 2004,0,X,X,101,STREET,,,IC,Invest Cont,946,998.0,,WESTERN                      AV,34.0046,-118.3089,2020.0,3.0,31.0,1.0,0.0,1.0,0,11,30,Morning
2340,200413122,09/25/2020 12:00:00 AM,09/22/2020 12:00:00 AM,12,4,Hollenbeck,459,1,210,ROBBERY,1822 0334 0344 0400,40,M,H,101,STREET,200.0,KNIFE WITH BLADE 6INCHES OR LESS,IC,Invest Cont,210,,,EAST SIDE,34.0436,-118.2003,2020.0,9.0,22.0,1.0,0.0,3.0,0,0,12,Night
2341,200116373,08/13/2020 12:00:00 AM,08/13/2020 12:00:00 AM,2000,1,Central,134,2,740,"VANDALISM - FELONY ($400 & OVER, ALL CHURCH VANDALISMS)",1822 1300 0329,27,M,W,122,"VEHICLE, PASSENGER/TRUCK",,,IC,Invest Cont,740,,,4TH,34.0495,-118.2494,2020.0,8.0,13.0,3.0,0.0,3.0,0,20,0,Evening
2342,200809522,05/15/2020 12:00:00 AM,05/15/2020 12:00:00 AM,1820,8,West LA,889,2,626,INTIMATE PARTNER - SIMPLE ASSAULT,2000 1813 0416,52,F,O,710,OTHER PREMISE,400.0,"STRONG-ARM (HANDS, FIST, FEET OR BODILY FORCE)",AO,Adult Other,626,,,1800 S  HOLT                         AV,34.0434,-118.3808,2020.0,5.0,15.0,4.0,0.0,2.0,0,18,20,Afternoon
2344,200707911,03/31/2020 12:00:00 AM,03/31/2020 12:00:00 AM,1020,7,Wilshire,724,2,624,BATTERY - SIMPLE ASSAULT,0416 0429 2004 1218,57,M,W,109,PARK/PLAYGROUND,400.0,"STRONG-ARM (HANDS, FIST, FEET OR BODILY FORCE)",IC,Invest Cont,624,,,7600    BEVERLY                      BL,34.0761,-118.3555,2020.0,3.0,31.0,1.0,0.0,1.0,0,10,20,Morning
2346,200918831,12/25/2020 12:00:00 AM,12/24/2020 12:00:00 AM,839,9,Van Nuys,901,2,901,VIOLATION OF RESTRAINING ORDER,2038,36,F,H,501,SINGLE FAMILY DWELLING,,,AO,Adult Other,901,,,15500    SATICOY                      ST,34.2083,-118.4706,2020.0,12.0,24.0,3.0,0.0,4.0,0,8,39,Morning
2347,201112911,08/26/2020 12:00:00 AM,07/25/2020 12:00:00 AM,1200,11,Northeast,1189,1,330,BURGLARY FROM VEHICLE,0344 0358 0352,33,F,B,502,"MULTI-UNIT DWELLING (APARTMENT, DUPLEX, ETC)",400.0,"STRONG-ARM (HANDS, FIST, FEET OR BODILY FORCE)",AO,Adult Other,330,,,3500    MARMION                      WY,34.0871,-118.2141,2020.0,7.0,25.0,5.0,0.0,3.0,1,12,0,Morning
2350,200105154,01/17/2020 12:00:00 AM,01/17/2020 12:00:00 AM,1145,1,Central,154,2,626,INTIMATE PARTNER - SIMPLE ASSAULT,2004 1814 1813 0444,46,F,O,503,HOTEL,400.0,"STRONG-ARM (HANDS, FIST, FEET OR BODILY FORCE)",AA,Adult Arrest,626,,,500 S  LOS ANGELES                  ST,34.046,-118.2493,2020.0,1.0,17.0,4.0,0.0,1.0,0,11,45,Morning
2354,200604838,01/18/2020 12:00:00 AM,01/18/2020 12:00:00 AM,1100,6,Hollywood,676,2,901,VIOLATION OF RESTRAINING ORDER,2000 2038,22,F,A,102,SIDEWALK,511.0,VERBAL THREAT,AA,Adult Arrest,901,,,800 N  HUDSON                       AV,34.0853,-118.3321,2020.0,1.0,18.0,5.0,0.0,1.0,1,11,0,Morning
2358,200800704,06/26/2020 12:00:00 AM,06/26/2020 12:00:00 AM,2150,8,West LA,813,2,901,VIOLATION OF RESTRAINING ORDER,2038,42,F,O,503,HOTEL,,,IC,Invest Cont,901,,,100 N  CHURCH                       LN,34.0731,-118.4681,2020.0,6.0,26.0,4.0,0.0,2.0,0,21,50,Evening
2360,200800869,11/24/2020 12:00:00 AM,11/24/2020 12:00:00 AM,2045,8,West LA,884,1,761,BRANDISH WEAPON,2004 0443 0421 0334 1822,62,M,W,203,OTHER BUSINESS,200.0,KNIFE WITH BLADE 6INCHES OR LESS,AA,Adult Arrest,761,998.0,,11000 W  PICO                         BL,34.0383,-118.4325,2020.0,11.0,24.0,1.0,0.0,4.0,0,20,45,Evening
2361,200810527,06-12-2020 00:00,05/29/2020 12:00:00 AM,1600,8,West LA,823,1,310,BURGLARY,1202 0344 0397 1822,66,M,O,118,CONSTRUCTION SITE,,,IC,Invest Cont,310,,,15200    DE PAUW                      ST,34.0365,-118.5252,2020.0,5.0,29.0,4.0,0.0,2.0,0,16,0,Afternoon
2362,200916841,11-04-2020 00:00,10/21/2020 12:00:00 AM,1900,9,Van Nuys,985,1,331,THEFT FROM MOTOR VEHICLE - GRAND ($950.01 AND OVER),344,65,M,W,108,PARKING LOT,,,IC,Invest Cont,331,,,4500    VAN NUYS                     BL,34.1531,-118.4487,2020.0,10.0,21.0,2.0,0.0,4.0,0,19,0,Evening
2364,200716526,11/29/2020 12:00:00 AM,11/29/2020 12:00:00 AM,1435,7,Wilshire,736,1,440,THEFT PLAIN - PETTY ($950 & UNDER),1822 0344 0394,28,M,W,502,"MULTI-UNIT DWELLING (APARTMENT, DUPLEX, ETC)",,,IC,Invest Cont,440,,,300 S  CLOVERDALE                   AV,34.0686,-118.3462,2020.0,11.0,29.0,6.0,0.0,4.0,1,14,35,Afternoon
2366,201006565,02/27/2020 12:00:00 AM,02/27/2020 12:00:00 AM,1700,10,West Valley,1061,2,237,CHILD NEGLECT (SEE 300 W.I.C.),0552 2002 1257 1258 0913 0602,4,F,H,122,"VEHICLE, PASSENGER/TRUCK",,,AA,Adult Arrest,237,,,19700    HENSHAW                      ST,34.1698,-118.5625,2020.0,2.0,27.0,3.0,0.0,1.0,0,17,0,Afternoon
2367,200416179,12/22/2020 12:00:00 AM,12/21/2020 12:00:00 AM,2300,4,Hollenbeck,402,1,510,VEHICLE - STOLEN,,0,Unknown,,101,STREET,,,IC,Invest Cont,510,,,500    MONTECITO                    DR,34.095,-118.2018,2020.0,12.0,21.0,0.0,0.0,4.0,0,23,0,Evening
2371,200209359,04/24/2020 12:00:00 AM,04/24/2020 12:00:00 AM,1500,2,Rampart,202,2,626,INTIMATE PARTNER - SIMPLE ASSAULT,2000 0913 1813 1814 0448,28,F,B,502,"MULTI-UNIT DWELLING (APARTMENT, DUPLEX, ETC)",400.0,"STRONG-ARM (HANDS, FIST, FEET OR BODILY FORCE)",AA,Adult Arrest,626,,,4200    BURNS                        AV,34.0877,-118.2845,2020.0,4.0,24.0,4.0,0.0,2.0,0,15,0,Afternoon
2374,200917718,11/26/2020 12:00:00 AM,11/18/2020 12:00:00 AM,1325,9,Van Nuys,933,1,440,THEFT PLAIN - PETTY ($950 & UNDER),344,45,M,W,707,GARAGE/CARPORT,,,AO,Adult Other,440,,,14700    CALVERT                      ST,34.1816,-118.4531,2020.0,11.0,18.0,2.0,0.0,4.0,0,13,25,Afternoon
2375,200414827,11/13/2020 12:00:00 AM,11/13/2020 12:00:00 AM,520,4,Hollenbeck,457,1,510,VEHICLE - STOLEN,,0,Unknown,,101,STREET,,,IC,Invest Cont,510,,,2700    CINCINNATI                   ST,34.0453,-118.2019,2020.0,11.0,13.0,4.0,0.0,4.0,0,5,20,Night
2376,200910138,05/26/2020 12:00:00 AM,05/26/2020 12:00:00 AM,30,9,Van Nuys,911,1,230,"ASSAULT WITH DEADLY WEAPON, AGGRAVATED ASSAULT",0334 0411 1822 0416 0446 2033,24,M,B,102,SIDEWALK,200.0,KNIFE WITH BLADE 6INCHES OR LESS,IC,Invest Cont,230,,,SEPULVEDA                    BL,34.1939,-118.4662,2020.0,5.0,26.0,1.0,0.0,2.0,0,0,30,Night
2377,200208234,03/26/2020 12:00:00 AM,03/25/2020 12:00:00 AM,1900,2,Rampart,245,2,740,"VANDALISM - FELONY ($400 & OVER, ALL CHURCH VANDALISMS)",0329 1307,22,F,H,122,"VEHICLE, PASSENGER/TRUCK",,,IC,Invest Cont,740,,,6TH                          ST,34.0601,-118.2761,2020.0,3.0,25.0,2.0,0.0,1.0,0,19,0,Evening
2378,200105271,01/19/2020 12:00:00 AM,01/18/2020 12:00:00 AM,2354,1,Central,171,1,442,SHOPLIFTING - PETTY THEFT ($950 & UNDER),0344 1822,0,M,W,102,SIDEWALK,,,IC,Invest Cont,442,,,900 W  OLYMPIC                      BL,34.0454,-118.2657,2020.0,1.0,18.0,5.0,0.0,1.0,1,23,54,Evening
2379,201104713,01/16/2020 12:00:00 AM,01/16/2020 12:00:00 AM,1030,11,Northeast,1101,1,330,BURGLARY FROM VEHICLE,0344 1609 0329,37,F,O,109,PARK/PLAYGROUND,,,IC,Invest Cont,330,,,4700    CRYSTAL SPRINGS              DR,34.1516,-118.2859,2020.0,1.0,16.0,3.0,0.0,1.0,0,10,30,Morning
2381,201004944,01/23/2020 12:00:00 AM,01/20/2020 12:00:00 AM,1900,10,West Valley,1003,1,420,THEFT FROM MOTOR VEHICLE - PETTY ($950 & UNDER),0377 1822 1606 0344,33,M,H,101,STREET,,,AA,Adult Arrest,420,,,18700    LULL                         ST,34.2094,-118.5405,2020.0,1.0,20.0,0.0,0.0,1.0,0,19,0,Evening
2382,201016033,12/13/2020 12:00:00 AM,12/13/2020 12:00:00 AM,1250,10,West Valley,1028,1,440,THEFT PLAIN - PETTY ($950 & UNDER),0344 1822,63,M,A,101,STREET,,,IC,Invest Cont,440,,,HAYVENHURST                  AV,34.1939,-118.4924,2020.0,12.0,13.0,6.0,0.0,4.0,1,12,50,Morning
2383,200516720,11/16/2020 12:00:00 AM,11/15/2020 12:00:00 AM,1225,5,Harbor,531,1,341,"THEFT-GRAND ($950.01 & OVER)EXCPT,GUNS,FOWL,LIVESTK,PROD",0380 1602 1309 0104 0325 0209,0,X,X,248,CELL PHONE STORE,,,IC,Invest Cont,341,,,1600 W  PACIFIC COAST                HY,33.7866,-118.3044,2020.0,11.0,15.0,6.0,0.0,4.0,1,12,25,Morning
2385,200316323,08/26/2020 12:00:00 AM,08/25/2020 12:00:00 AM,1500,3,Southwest,392,1,510,VEHICLE - STOLEN,,0,Unknown,,101,STREET,,,AO,Adult Other,510,,,3000 W  VERNON                       AV,34.0037,-118.3262,2020.0,8.0,25.0,1.0,0.0,3.0,0,15,0,Afternoon
2387,201114075,09/28/2020 12:00:00 AM,09/26/2020 12:00:00 AM,2200,11,Northeast,1128,1,510,VEHICLE - STOLEN,,0,Unknown,,101,STREET,,,IC,Invest Cont,510,,,100 S  AVENUE 64,34.1225,-118.1818,2020.0,9.0,26.0,5.0,0.0,3.0,1,22,0,Evening
2391,200912327,07/14/2020 12:00:00 AM,06/30/2020 12:00:00 AM,700,9,Van Nuys,905,1,510,VEHICLE - STOLEN,,0,Unknown,,101,STREET,,,IC,Invest Cont,510,,,VALERIO                      ST,34.2048,-118.4487,2020.0,6.0,30.0,1.0,0.0,2.0,0,7,0,Morning
2392,200506555,02/29/2020 12:00:00 AM,02/29/2020 12:00:00 AM,1900,5,Harbor,516,2,745,VANDALISM - MISDEAMEANOR ($399 OR UNDER),0329 2024,32,M,H,502,"MULTI-UNIT DWELLING (APARTMENT, DUPLEX, ETC)",,,IC,Invest Cont,745,,,1100 N  FRIES                        AV,33.7848,-118.2652,2020.0,2.0,29.0,5.0,0.0,1.0,1,19,0,Evening
2394,200320395,11/14/2020 12:00:00 AM,11/14/2020 12:00:00 AM,1815,3,Southwest,315,2,900,VIOLATION OF COURT ORDER,0913 2038 1309 0553 0360,30,F,B,502,"MULTI-UNIT DWELLING (APARTMENT, DUPLEX, ETC)",,,IC,Invest Cont,900,,,2600 S  MANHATTAN                    PL,34.0309,-118.3101,2020.0,11.0,14.0,5.0,0.0,4.0,1,18,15,Afternoon
2395,200611872,06/27/2020 12:00:00 AM,06/26/2020 12:00:00 AM,1020,6,Hollywood,636,2,354,THEFT OF IDENTITY,1822 0344,26,F,H,501,SINGLE FAMILY DWELLING,,,IC,Invest Cont,354,,,1800 N  CAHUENGA                     BL,34.1039,-118.3297,2020.0,6.0,26.0,4.0,0.0,2.0,0,10,20,Morning
2396,201115957,11/21/2020 12:00:00 AM,11/21/2020 12:00:00 AM,1150,11,Northeast,1115,2,626,INTIMATE PARTNER - SIMPLE ASSAULT,2000 1814 0913 0400 0416,32,F,W,503,HOTEL,400.0,"STRONG-ARM (HANDS, FIST, FEET OR BODILY FORCE)",AO,Adult Other,626,,,2300    COLORADO                     BL,34.1395,-118.2163,2020.0,11.0,21.0,5.0,0.0,4.0,1,11,50,Morning
2397,200506551,02/29/2020 12:00:00 AM,02/29/2020 12:00:00 AM,1940,5,Harbor,524,1,220,ATTEMPTED ROBBERY,0444 0416 0216 0945,0,X,X,203,OTHER BUSINESS,400.0,"STRONG-ARM (HANDS, FIST, FEET OR BODILY FORCE)",IC,Invest Cont,220,,,1000 W  ANAHEIM                      ST,33.7794,-118.2742,2020.0,2.0,29.0,5.0,0.0,1.0,1,19,40,Evening
2398,200616934,10/19/2020 12:00:00 AM,10/18/2020 12:00:00 AM,1100,6,Hollywood,678,2,812,CRM AGNST CHLD (13 OR UNDER) (14-15 & SUSP 10 YRS OLDER),0400 0416 0913 0553 1258,10,F,B,203,OTHER BUSINESS,301.0,BELT FLAILING INSTRUMENT/CHAIN,AA,Adult Arrest,627,812.0,,1000 N  SERRANO                      AV,34.0885,-118.3064,2020.0,10.0,18.0,6.0,0.0,4.0,1,11,0,Morning
2399,200219011,12/25/2020 12:00:00 AM,12/25/2020 12:00:00 AM,2330,2,Rampart,245,2,626,INTIMATE PARTNER - SIMPLE ASSAULT,2000 1814 0400 0444 0913,22,F,H,108,PARKING LOT,400.0,"STRONG-ARM (HANDS, FIST, FEET OR BODILY FORCE)",IC,Invest Cont,626,,,6TH,34.0617,-118.2795,2020.0,12.0,25.0,4.0,0.0,4.0,0,23,30,Evening
2400,201110805,06/25/2020 12:00:00 AM,06/24/2020 12:00:00 AM,1930,11,Northeast,1125,2,626,INTIMATE PARTNER - SIMPLE ASSAULT,2000 0913 1814 0416,21,F,H,501,SINGLE FAMILY DWELLING,400.0,"STRONG-ARM (HANDS, FIST, FEET OR BODILY FORCE)",AO,Adult Other,626,,,5000    LINCOLN                      AV,34.1202,-118.205,2020.0,6.0,24.0,2.0,0.0,2.0,0,19,30,Evening
2401,200512610,08-03-2020 00:00,07/31/2020 12:00:00 AM,1630,5,Harbor,517,1,310,BURGLARY,1607 0344 1402 0358,0,X,X,754,MUSEUM,,,AA,Adult Arrest,310,998.0,,400 E  M                            ST,33.7891,-118.2586,2020.0,7.0,31.0,4.0,0.0,3.0,0,16,30,Afternoon
2403,201114947,10/22/2020 12:00:00 AM,10/21/2020 12:00:00 AM,2150,11,Northeast,1143,2,901,VIOLATION OF RESTRAINING ORDER,2038 1814,55,M,O,501,SINGLE FAMILY DWELLING,,,AA,Adult Arrest,901,,,3100    ROWENA                       AV,34.1092,-118.2713,2020.0,10.0,21.0,2.0,0.0,4.0,0,21,50,Evening
2404,201116163,11/29/2020 12:00:00 AM,11/28/2020 12:00:00 AM,1800,11,Northeast,1162,1,341,"THEFT-GRAND ($950.01 & OVER)EXCPT,GUNS,FOWL,LIVESTK,PROD",0344 0352,28,M,B,501,SINGLE FAMILY DWELLING,,,IC,Invest Cont,341,,,4500    LEXINGTON                    AV,34.0935,-118.2869,2020.0,11.0,28.0,5.0,0.0,4.0,1,18,0,Afternoon
2406,200206394,02/17/2020 12:00:00 AM,02/13/2020 12:00:00 AM,2130,2,Rampart,219,1,440,THEFT PLAIN - PETTY ($950 & UNDER),344,36,M,W,203,OTHER BUSINESS,,,IC,Invest Cont,440,,,500 N  BEAUDRY                      AV,34.0643,-118.2501,2020.0,2.0,13.0,3.0,0.0,1.0,0,21,30,Evening
2408,200516989,11/22/2020 12:00:00 AM,11/22/2020 12:00:00 AM,1600,5,Harbor,564,2,956,"LETTERS, LEWD  -  TELEPHONE CALLS, LEWD",913,35,F,W,501,SINGLE FAMILY DWELLING,,,AO,Adult Other,956,,,100 N  HARBOR                       BL,33.741,-118.2838,2020.0,11.0,22.0,6.0,0.0,4.0,1,16,0,Afternoon
2410,201208010,02/26/2020 12:00:00 AM,02/26/2020 12:00:00 AM,1600,12,77th Street,1245,2,745,VANDALISM - MISDEAMEANOR ($399 OR UNDER),329,56,F,H,501,SINGLE FAMILY DWELLING,,,IC,Invest Cont,745,,,1300 W  68TH                         ST,33.9778,-118.2981,2020.0,2.0,26.0,2.0,0.0,1.0,0,16,0,Afternoon
2411,200317652,09/20/2020 12:00:00 AM,09/20/2020 12:00:00 AM,1600,3,Southwest,355,1,341,"THEFT-GRAND ($950.01 & OVER)EXCPT,GUNS,FOWL,LIVESTK,PROD",1822 0344,46,M,H,120,STORAGE SHED,,,IC,Invest Cont,341,,,3600    ARLINGTON                    AV,34.0222,-118.3177,2020.0,9.0,20.0,6.0,0.0,3.0,1,16,0,Afternoon
2412,200704941,01/20/2020 12:00:00 AM,01/20/2020 12:00:00 AM,1945,7,Wilshire,765,1,420,THEFT FROM MOTOR VEHICLE - PETTY ($950 & UNDER),1202 1606 0344 1300 0377,61,F,B,108,PARKING LOT,,,IC,Invest Cont,420,,,4600    VENICE                       BL,34.0496,-118.3425,2020.0,1.0,20.0,0.0,0.0,1.0,0,19,45,Evening
2413,200305005,01/15/2020 12:00:00 AM,01/15/2020 12:00:00 AM,1200,3,Southwest,355,1,440,THEFT PLAIN - PETTY ($950 & UNDER),1258 0344,13,F,H,720,JUNIOR HIGH SCHOOL,,,IC,Invest Cont,440,,,1700 W  37TH                         PL,34.0203,-118.3089,2020.0,1.0,15.0,2.0,0.0,1.0,0,12,0,Morning
2414,201015025,11/13/2020 12:00:00 AM,11/13/2020 12:00:00 AM,230,10,West Valley,1083,2,354,THEFT OF IDENTITY,1822 0930,59,F,W,501,SINGLE FAMILY DWELLING,,,IC,Invest Cont,354,,,18800    LA AMISTAD                   PL,34.1511,-118.5429,2020.0,11.0,13.0,4.0,0.0,4.0,0,2,30,Night
2415,200104990,01/14/2020 12:00:00 AM,01/14/2020 12:00:00 AM,1630,1,Central,132,2,624,BATTERY - SIMPLE ASSAULT,2004 1822 0416 0417 0401 0319 0429 1266 0910 1414,27,M,B,916,MTA - PURPLE LINE - CIVIC CENTER/GRAND PARK,400.0,"STRONG-ARM (HANDS, FIST, FEET OR BODILY FORCE)",AA,Adult Arrest,624,,,100 S  HILL                         ST,34.0547,-118.2505,2020.0,1.0,14.0,1.0,0.0,1.0,0,16,30,Afternoon
2419,201116990,12/26/2020 12:00:00 AM,12/26/2020 12:00:00 AM,1230,11,Northeast,1116,2,624,BATTERY - SIMPLE ASSAULT,0416 0561 0913,48,M,H,501,SINGLE FAMILY DWELLING,400.0,"STRONG-ARM (HANDS, FIST, FEET OR BODILY FORCE)",IC,Invest Cont,624,,,5000    SAN RAFAEL                   AV,34.1127,-118.207,2020.0,12.0,26.0,5.0,0.0,4.0,1,12,30,Morning
2420,201104795,01/20/2020 12:00:00 AM,01/19/2020 12:00:00 AM,245,11,Northeast,1163,1,761,BRANDISH WEAPON,2000 0334 1813 0913 0906 2004,41,F,H,501,SINGLE FAMILY DWELLING,511.0,VERBAL THREAT,AA,Adult Arrest,761,930.0,,1100 N  NEW HAMPSHIRE                AV,34.0909,-118.2928,2020.0,1.0,19.0,6.0,0.0,1.0,1,2,45,Night
2421,200204808,01/16/2020 12:00:00 AM,01/16/2020 12:00:00 AM,1445,2,Rampart,216,1,440,THEFT PLAIN - PETTY ($950 & UNDER),0913 0344 0361,23,F,H,502,"MULTI-UNIT DWELLING (APARTMENT, DUPLEX, ETC)",,,IC,Invest Cont,440,,,400 N  CORONADO                     ST,34.0732,-118.2728,2020.0,1.0,16.0,3.0,0.0,1.0,0,14,45,Afternoon
2422,200619817,12/30/2020 12:00:00 AM,12/29/2020 12:00:00 AM,1840,6,Hollywood,676,2,625,OTHER ASSAULT,1822 0356 1501,36,F,H,142,DRIVE THRU*,500.0,UNKNOWN WEAPON/OTHER WEAPON,IC,Invest Cont,625,,,5600    MELROSE                      AV,34.0853,-118.3277,2020.0,12.0,29.0,1.0,0.0,4.0,0,18,40,Afternoon
2426,200814276,09/20/2020 12:00:00 AM,09/20/2020 12:00:00 AM,1300,8,West LA,836,1,510,VEHICLE - STOLEN,,0,Unknown,,101,STREET,,,IC,Invest Cont,510,,,2100 S  BEVERLY GLEN                 BL,34.0514,-118.4215,2020.0,9.0,20.0,6.0,0.0,3.0,1,13,0,Afternoon
2427,201116411,12-07-2020 00:00,09/14/2020 12:00:00 AM,1500,11,Northeast,1163,1,310,BURGLARY,0344 0352,44,M,W,221,PUBLIC STORAGE,,,IC,Invest Cont,310,,,4700    FOUNTAIN                     AV,34.0955,-118.2922,2020.0,9.0,14.0,0.0,0.0,3.0,0,15,0,Afternoon
2428,200305711,01/29/2020 12:00:00 AM,01/28/2020 12:00:00 AM,2100,3,Southwest,397,2,740,"VANDALISM - FELONY ($400 & OVER, ALL CHURCH VANDALISMS)",0329 1300,52,F,B,122,"VEHICLE, PASSENGER/TRUCK",,,IC,Invest Cont,740,,,4200    VAN BUREN                    PL,34.0073,-118.2969,2020.0,1.0,28.0,1.0,0.0,1.0,0,21,0,Evening
2431,201219093,08/22/2020 12:00:00 AM,08/22/2020 12:00:00 AM,1420,12,77th Street,1273,2,624,BATTERY - SIMPLE ASSAULT,0913 0400 0416,30,F,B,409,BEAUTY SUPPLY STORE,400.0,"STRONG-ARM (HANDS, FIST, FEET OR BODILY FORCE)",AO,Adult Other,624,,,1800 W  MANCHESTER                   AV,33.96,-118.3097,2020.0,8.0,22.0,5.0,0.0,3.0,1,14,20,Afternoon
2433,200709500,05/21/2020 12:00:00 AM,05/21/2020 12:00:00 AM,2250,7,Wilshire,752,2,624,BATTERY - SIMPLE ASSAULT,0417 1606 0449 1300,18,M,O,101,STREET,400.0,"STRONG-ARM (HANDS, FIST, FEET OR BODILY FORCE)",AO,Adult Other,624,,,6500    WHITWORTH                    DR,34.057,-118.3724,2020.0,5.0,21.0,3.0,0.0,2.0,0,22,50,Evening
2435,201007698,03/31/2020 12:00:00 AM,03/20/2020 12:00:00 AM,2104,10,West Valley,1006,2,354,THEFT OF IDENTITY,1822 0935 0923,31,F,O,732,POST OFFICE,,,IC,Invest Cont,354,,,7700    ENCINO                       AV,34.2103,-118.5142,2020.0,3.0,20.0,4.0,0.0,1.0,0,21,4,Evening
2436,200313309,06/26/2020 12:00:00 AM,06/26/2020 12:00:00 AM,1845,3,Southwest,356,1,210,ROBBERY,0344 0416 0446 1218 1822 2021,49,F,B,101,STREET,400.0,"STRONG-ARM (HANDS, FIST, FEET OR BODILY FORCE)",IC,Invest Cont,210,,,35TH                         PL,34.0237,-118.3089,2020.0,6.0,26.0,4.0,0.0,2.0,0,18,45,Afternoon
2438,200310296,04/22/2020 12:00:00 AM,04/22/2020 12:00:00 AM,1945,3,Southwest,391,1,210,ROBBERY,0342 0334 0344 0416 0445 1822 1218,49,M,B,109,PARK/PLAYGROUND,400.0,"STRONG-ARM (HANDS, FIST, FEET OR BODILY FORCE)",IC,Invest Cont,210,,,4000 S  LA BREA                      AV,34.0123,-118.3556,2020.0,4.0,22.0,2.0,0.0,2.0,0,19,45,Evening
2444,200204706,01/15/2020 12:00:00 AM,01/14/2020 12:00:00 AM,1200,2,Rampart,245,1,510,VEHICLE - STOLEN,,0,Unknown,,108,PARKING LOT,,,IC,Invest Cont,510,,,600 S  CORONADO                     ST,34.062,-118.2804,2020.0,1.0,14.0,1.0,0.0,1.0,0,12,0,Morning
2446,200321705,12/14/2020 12:00:00 AM,12/13/2020 12:00:00 AM,1300,3,Southwest,396,1,510,VEHICLE - STOLEN,,0,Unknown,,101,STREET,,,AA,Adult Arrest,510,,,4100    MENLO                        AV,34.0092,-118.29,2020.0,12.0,13.0,6.0,0.0,4.0,1,13,0,Afternoon
2447,201107830,03/29/2020 12:00:00 AM,03/29/2020 12:00:00 AM,1900,11,Northeast,1148,2,946,OTHER MISCELLANEOUS CRIME,0906 1822 0319 1501,24,M,W,102,SIDEWALK,,,IC,Invest Cont,946,,,4000    SEA VIEW                     AV,34.1074,-118.217,2020.0,3.0,29.0,6.0,0.0,1.0,1,19,0,Evening
2449,200210906,06-02-2020 00:00,05/26/2020 12:00:00 AM,1730,2,Rampart,249,1,420,THEFT FROM MOTOR VEHICLE - PETTY ($950 & UNDER),1822 0344 1606 0386,30,M,H,707,GARAGE/CARPORT,,,IC,Invest Cont,420,,,1000    INGRAHAM                     ST,34.0515,-118.2615,2020.0,5.0,26.0,1.0,0.0,2.0,0,17,30,Afternoon
2453,201012391,08/24/2020 12:00:00 AM,08/16/2020 12:00:00 AM,1120,10,West Valley,1061,2,354,THEFT OF IDENTITY,1822 0928 0917,56,M,W,501,SINGLE FAMILY DWELLING,,,IC,Invest Cont,354,,,19400    COLLIER                      ST,34.1667,-118.5555,2020.0,8.0,16.0,6.0,0.0,3.0,1,11,20,Morning
2454,201305980,02-04-2020 00:00,01/18/2020 12:00:00 AM,250,13,Newton,1377,1,210,ROBBERY,1309 0344 1022 0431 0342 1822 1206,38,M,H,102,SIDEWALK,512.0,MACE/PEPPER SPRAY,IC,Invest Cont,210,,,1600 E  SLAUSON                      AV,33.9896,-118.2451,2020.0,1.0,18.0,5.0,0.0,1.0,1,2,50,Night
2458,200217715,11/22/2020 12:00:00 AM,11/20/2020 12:00:00 AM,2140,2,Rampart,256,1,420,THEFT FROM MOTOR VEHICLE - PETTY ($950 & UNDER),,0,Unknown,,101,STREET,,,IC,Invest Cont,420,998.0,,600 S  BURLINGTON                   AV,34.0572,-118.272,2020.0,11.0,20.0,4.0,0.0,4.0,0,21,40,Evening
2459,200122644,12/22/2020 12:00:00 AM,12/22/2020 12:00:00 AM,315,1,Central,153,1,761,BRANDISH WEAPON,0334 0356 1202 1822 1218,64,F,B,101,STREET,102.0,HAND GUN,IC,Invest Cont,761,,,7TH,34.0452,-118.2533,2020.0,12.0,22.0,1.0,0.0,4.0,0,3,15,Night
2463,200804589,01/14/2020 12:00:00 AM,01/14/2020 12:00:00 AM,1600,8,West LA,899,2,625,OTHER ASSAULT,1822 2004 0446,56,M,A,102,SIDEWALK,400.0,"STRONG-ARM (HANDS, FIST, FEET OR BODILY FORCE)",IC,Invest Cont,625,,,8500    VENICE                       BL,34.0351,-118.3779,2020.0,1.0,14.0,1.0,0.0,1.0,0,16,0,Afternoon
2464,200507745,03/30/2020 12:00:00 AM,03/30/2020 12:00:00 AM,343,5,Harbor,555,1,510,VEHICLE - STOLEN,,0,Unknown,,101,STREET,,,IC,Invest Cont,510,,,500    UPLAND                       AV,33.7493,-118.2876,2020.0,3.0,30.0,0.0,0.0,1.0,0,3,43,Night
2468,201205991,01/28/2020 12:00:00 AM,01/28/2020 12:00:00 AM,1430,12,77th Street,1265,2,624,BATTERY - SIMPLE ASSAULT,0448 0913 1309,36,F,H,501,SINGLE FAMILY DWELLING,400.0,"STRONG-ARM (HANDS, FIST, FEET OR BODILY FORCE)",IC,Invest Cont,624,,,1200 W  84TH                         PL,33.9618,-118.2959,2020.0,1.0,28.0,1.0,0.0,1.0,0,14,30,Afternoon
2469,200807858,03/30/2020 12:00:00 AM,03/30/2020 12:00:00 AM,2130,8,West LA,889,1,210,ROBBERY,0344 1202 0400 0432 0216,63,M,O,101,STREET,400.0,"STRONG-ARM (HANDS, FIST, FEET OR BODILY FORCE)",IC,Invest Cont,210,,,1900 S  GARTH                        AV,34.043,-118.3785,2020.0,3.0,30.0,0.0,0.0,1.0,0,21,30,Evening
2475,200800727,07/27/2020 12:00:00 AM,07/27/2020 12:00:00 AM,1945,8,West LA,855,1,341,"THEFT-GRAND ($950.01 & OVER)EXCPT,GUNS,FOWL,LIVESTK,PROD",1214 0329 1402 0344 0202 0216 0209 0380 1822 1608,0,X,X,301,GAS STATION,219.0,SCREWDRIVER,IC,Invest Cont,341,998.0,,10900    SANTA MONICA                 BL,34.0503,-118.4352,2020.0,7.0,27.0,0.0,0.0,3.0,0,19,45,Evening
2478,200704808,01/17/2020 12:00:00 AM,01/17/2020 12:00:00 AM,1630,7,Wilshire,776,2,930,CRIMINAL THREATS - NO WEAPON DISPLAYED,0421 0906 0361,33,F,B,502,"MULTI-UNIT DWELLING (APARTMENT, DUPLEX, ETC)",511.0,VERBAL THREAT,AO,Adult Other,930,,,4600    LOMITA                       ST,34.0459,-118.3374,2020.0,1.0,17.0,4.0,0.0,1.0,0,16,30,Afternoon
2479,200113781,06/22/2020 12:00:00 AM,06/22/2020 12:00:00 AM,1400,1,Central,138,1,330,BURGLARY FROM VEHICLE,1202 1822 1307 0329 1609 0344,68,F,A,101,STREET,,,IC,Invest Cont,330,,,OMAR                         ST,34.0467,-118.2411,2020.0,6.0,22.0,0.0,0.0,2.0,0,14,0,Afternoon
2480,200707775,02/24/2020 12:00:00 AM,02/24/2020 12:00:00 AM,1510,7,Wilshire,778,1,230,"ASSAULT WITH DEADLY WEAPON, AGGRAVATED ASSAULT",0302 0312 0334 1822,12,M,B,102,SIDEWALK,102.0,HAND GUN,AO,Adult Other,230,,,4000 W  JOHNNIE COCHRAN VISTA,34.0425,-118.3258,2020.0,2.0,24.0,0.0,0.0,1.0,0,15,10,Afternoon
2481,200705385,01/28/2020 12:00:00 AM,01/19/2020 12:00:00 AM,115,7,Wilshire,727,1,330,BURGLARY FROM VEHICLE,1300 0344,40,M,W,101,STREET,,,IC,Invest Cont,330,,,100 N  MANSFIELD                    AV,34.0736,-118.3408,2020.0,1.0,19.0,6.0,0.0,1.0,1,1,15,Night
2483,200615401,09/15/2020 12:00:00 AM,09/15/2020 12:00:00 AM,1,6,Hollywood,668,1,230,"ASSAULT WITH DEADLY WEAPON, AGGRAVATED ASSAULT",1402 1822 1100 0430 0906,28,M,H,101,STREET,106.0,UNKNOWN FIREARM,IC,Invest Cont,230,998.0,,5500    VIRGINIA                     AV,34.0918,-118.3109,2020.0,9.0,15.0,1.0,0.0,3.0,0,0,1,Night
2485,200817140,12-03-2020 00:00,11/29/2020 12:00:00 AM,1400,8,West LA,809,1,310,BURGLARY,1609 0344 1607 0321 0389 1822,60,F,O,501,SINGLE FAMILY DWELLING,500.0,UNKNOWN WEAPON/OTHER WEAPON,IC,Invest Cont,310,,,9500    MOONRIDGE TERRACE            PL,34.123,-118.4022,2020.0,11.0,29.0,6.0,0.0,4.0,1,14,0,Afternoon
2486,200806565,02/27/2020 12:00:00 AM,02/27/2020 12:00:00 AM,110,8,West LA,834,1,210,ROBBERY,2004 0344 0346 1420 1414 1822,40,M,W,501,SINGLE FAMILY DWELLING,400.0,"STRONG-ARM (HANDS, FIST, FEET OR BODILY FORCE)",AA,Adult Arrest,210,,,10500    EASTBORNE                    AV,34.0565,-118.4275,2020.0,2.0,27.0,3.0,0.0,1.0,0,1,10,Night
2489,200407161,03/21/2020 12:00:00 AM,03/21/2020 12:00:00 AM,2100,4,Hollenbeck,463,1,251,SHOTS FIRED AT INHABITED DWELLING,1407 1100 0906 1822,64,F,H,501,SINGLE FAMILY DWELLING,106.0,UNKNOWN FIREARM,IC,Invest Cont,251,998.0,,100 N  STATE                        ST,34.0466,-118.2174,2020.0,3.0,21.0,5.0,0.0,1.0,1,21,0,Evening
2490,200304935,01/17/2020 12:00:00 AM,01/17/2020 12:00:00 AM,300,3,Southwest,333,2,930,CRIMINAL THREATS - NO WEAPON DISPLAYED,2000 1814 0421 1906,30,F,B,502,"MULTI-UNIT DWELLING (APARTMENT, DUPLEX, ETC)",511.0,VERBAL THREAT,IC,Invest Cont,930,,,3400    CRENSHAW                     BL,34.0278,-118.3378,2020.0,1.0,17.0,4.0,0.0,1.0,0,3,0,Night
2492,200617058,10/23/2020 12:00:00 AM,10/23/2020 12:00:00 AM,315,6,Hollywood,648,2,624,BATTERY - SIMPLE ASSAULT,0447 1822,27,M,O,102,SIDEWALK,500.0,UNKNOWN WEAPON/OTHER WEAPON,IC,Invest Cont,624,,,1600 N  WESTERN                      AV,34.1001,-118.3092,2020.0,10.0,23.0,4.0,0.0,4.0,0,3,15,Night
2494,200410127,06/24/2020 12:00:00 AM,06/23/2020 12:00:00 AM,110,4,Hollenbeck,489,2,626,INTIMATE PARTNER - SIMPLE ASSAULT,0913 1814 2000 0416,31,F,H,502,"MULTI-UNIT DWELLING (APARTMENT, DUPLEX, ETC)",400.0,"STRONG-ARM (HANDS, FIST, FEET OR BODILY FORCE)",AA,Adult Arrest,626,,,2800    WYNWOOD                      LN,34.0255,-118.2153,2020.0,6.0,23.0,1.0,0.0,2.0,0,1,10,Night
2495,200317656,09/20/2020 12:00:00 AM,09/19/2020 12:00:00 AM,2100,3,Southwest,397,2,740,"VANDALISM - FELONY ($400 & OVER, ALL CHURCH VANDALISMS)",0329 1300 1202,69,F,B,122,"VEHICLE, PASSENGER/TRUCK",,,IC,Invest Cont,740,,,4100    DALTON                       AV,34.0097,-118.3034,2020.0,9.0,19.0,5.0,0.0,3.0,1,21,0,Evening
2498,201309406,04/14/2020 12:00:00 AM,04/14/2020 12:00:00 AM,1000,13,Newton,1371,1,210,ROBBERY,2000 0913 1814 0400 0448 0344,23,F,H,501,SINGLE FAMILY DWELLING,400.0,"STRONG-ARM (HANDS, FIST, FEET OR BODILY FORCE)",IC,Invest Cont,210,,,100 W  53RD                         ST,33.9943,-118.2739,2020.0,4.0,14.0,1.0,0.0,2.0,0,10,0,Morning
2499,200810116,06-01-2020 00:00,05/31/2020 12:00:00 AM,1630,8,West LA,817,1,310,BURGLARY,1420 1822 0325 1609 0358,0,X,X,403,DRUG STORE,,,IC,Invest Cont,310,,,1000    WESTWOOD                     BL,34.0626,-118.4454,2020.0,5.0,31.0,6.0,0.0,2.0,1,16,30,Afternoon
2502,200700612,03/18/2020 12:00:00 AM,03/18/2020 12:00:00 AM,1400,7,Wilshire,732,1,210,ROBBERY,0945 0334 0444 1402,0,M,O,203,OTHER BUSINESS,219.0,SCREWDRIVER,AA,Adult Arrest,210,,,6100    ORANGE                       ST,34.064,-118.3614,2020.0,3.0,18.0,2.0,0.0,1.0,0,14,0,Afternoon
2506,201006496,02/26/2020 12:00:00 AM,02/14/2020 12:00:00 AM,1105,10,West Valley,1047,2,740,"VANDALISM - FELONY ($400 & OVER, ALL CHURCH VANDALISMS)",0329 1822,57,M,W,122,"VEHICLE, PASSENGER/TRUCK",,,IC,Invest Cont,740,,,6000    ALDEA                        AV,34.1791,-118.5076,2020.0,2.0,14.0,4.0,0.0,1.0,0,11,5,Morning
2509,200216664,10/26/2020 12:00:00 AM,10/26/2020 12:00:00 AM,1500,2,Rampart,299,1,510,VEHICLE - STOLEN,,0,Unknown,,101,STREET,,,IC,Invest Cont,510,,,UNION                        AV,34.0396,-118.2804,2020.0,10.0,26.0,0.0,0.0,4.0,0,15,0,Afternoon
2510,200113234,06-10-2020 00:00,05/30/2020 12:00:00 AM,400,1,Central,162,2,740,"VANDALISM - FELONY ($400 & OVER, ALL CHURCH VANDALISMS)",0329 1609 1822 1420,0,X,X,203,OTHER BUSINESS,,,IC,Invest Cont,740,,,800 W  7TH                          ST,34.0487,-118.2588,2020.0,5.0,30.0,5.0,0.0,2.0,1,4,0,Night
2511,201109794,05/26/2020 12:00:00 AM,03/18/2020 12:00:00 AM,1230,11,Northeast,1136,2,624,BATTERY - SIMPLE ASSAULT,0400 0913 0448 0360 1601,47,F,H,501,SINGLE FAMILY DWELLING,400.0,"STRONG-ARM (HANDS, FIST, FEET OR BODILY FORCE)",AO,Adult Other,624,,,4100    MANOR                        CT,34.122,-118.2278,2020.0,3.0,18.0,2.0,0.0,1.0,0,12,30,Morning
2512,200608276,03/23/2020 12:00:00 AM,03/23/2020 12:00:00 AM,630,6,Hollywood,626,2,740,"VANDALISM - FELONY ($400 & OVER, ALL CHURCH VANDALISMS)",329,55,M,W,101,STREET,,,IC,Invest Cont,740,,,6300    WEIDLAKE                     DR,34.1158,-118.3258,2020.0,3.0,23.0,0.0,0.0,1.0,0,6,30,Night
2513,200917586,11/23/2020 12:00:00 AM,11/22/2020 12:00:00 AM,2030,9,Van Nuys,984,2,624,BATTERY - SIMPLE ASSAULT,416,30,F,H,203,OTHER BUSINESS,400.0,"STRONG-ARM (HANDS, FIST, FEET OR BODILY FORCE)",IC,Invest Cont,624,,,14600    VENTURA                      BL,34.1513,-118.4511,2020.0,11.0,22.0,6.0,0.0,4.0,1,20,30,Evening
2514,200606998,02/26/2020 12:00:00 AM,02/26/2020 12:00:00 AM,1700,6,Hollywood,646,2,624,BATTERY - SIMPLE ASSAULT,0917 0416 1309 1300 0400,42,F,B,101,STREET,400.0,"STRONG-ARM (HANDS, FIST, FEET OR BODILY FORCE)",AA,Adult Arrest,624,,,CAHUENGA,34.098,-118.3295,2020.0,2.0,26.0,2.0,0.0,1.0,0,17,0,Afternoon
2515,200113702,06/21/2020 12:00:00 AM,06/20/2020 12:00:00 AM,2345,1,Central,154,2,624,BATTERY - SIMPLE ASSAULT,0416 0429 0361 0913,59,M,W,502,"MULTI-UNIT DWELLING (APARTMENT, DUPLEX, ETC)",400.0,"STRONG-ARM (HANDS, FIST, FEET OR BODILY FORCE)",IC,Invest Cont,624,,,100 W  5TH                          ST,34.0467,-118.2485,2020.0,6.0,20.0,5.0,0.0,2.0,1,23,45,Evening
2516,200709721,05/26/2020 12:00:00 AM,05/25/2020 12:00:00 AM,1900,7,Wilshire,701,1,330,BURGLARY FROM VEHICLE,1300 1601 0344,54,F,W,102,SIDEWALK,,,IC,Invest Cont,330,,,EDINBURGH                    AV,34.0816,-118.3637,2020.0,5.0,25.0,0.0,0.0,2.0,0,19,0,Evening
2517,201209907,03/28/2020 12:00:00 AM,03/27/2020 12:00:00 AM,1900,12,77th Street,1218,1,330,BURGLARY FROM VEHICLE,1609 0344 0352 0329 1307,26,M,H,101,STREET,,,IC,Invest Cont,330,,,900 W  54TH                         ST,33.9932,-118.2893,2020.0,3.0,27.0,4.0,0.0,1.0,0,19,0,Evening
2520,201108780,04/27/2020 12:00:00 AM,04/27/2020 12:00:00 AM,1300,11,Northeast,1137,2,354,THEFT OF IDENTITY,,35,F,H,501,SINGLE FAMILY DWELLING,,,IC,Invest Cont,354,,,5400    ASH                          ST,34.1106,-118.199,2020.0,4.0,27.0,0.0,0.0,2.0,0,13,0,Afternoon
2521,201107825,03/29/2020 12:00:00 AM,03/29/2020 12:00:00 AM,630,11,Northeast,1127,2,901,VIOLATION OF RESTRAINING ORDER,1607 0913 2038 1813,65,F,H,501,SINGLE FAMILY DWELLING,,,AO,Adult Other,901,,,400    NEWLAND                      ST,34.1202,-118.185,2020.0,3.0,29.0,6.0,0.0,1.0,1,6,30,Night
2523,200618487,11/24/2020 12:00:00 AM,11/24/2020 12:00:00 AM,2135,6,Hollywood,636,1,442,SHOPLIFTING - PETTY THEFT ($950 & UNDER),0601 0325 0913,0,X,X,203,OTHER BUSINESS,,,IC,Invest Cont,442,,,6700    HOLLYWOOD                    BL,34.1034,-118.3325,2020.0,11.0,24.0,1.0,0.0,4.0,0,21,35,Evening
2524,200817873,12/23/2020 12:00:00 AM,12/23/2020 12:00:00 AM,300,8,West LA,842,1,442,SHOPLIFTING - PETTY THEFT ($950 & UNDER),0325 0344 1822 2028 1420,0,X,X,203,OTHER BUSINESS,,,IC,Invest Cont,442,,,11600    WILSHIRE                     BL,34.0508,-118.4592,2020.0,12.0,23.0,2.0,0.0,4.0,0,3,0,Night
2528,200121336,11/21/2020 12:00:00 AM,11/21/2020 12:00:00 AM,415,1,Central,119,1,440,THEFT PLAIN - PETTY ($950 & UNDER),2048 0342 0910 1822 0344,35,M,B,900,MTA - RED LINE - UNION STATION,,,IC,Invest Cont,440,,,800 N  ALAMEDA                      ST,34.0561,-118.2375,2020.0,11.0,21.0,5.0,0.0,4.0,1,4,15,Night
2530,200812809,08-08-2020 00:00,04/13/2020 12:00:00 AM,1200,8,West LA,832,2,649,DOCUMENT FORGERY / STOLEN FELONY,1822 0923 1202,88,M,W,710,OTHER PREMISE,,,IC,Invest Cont,649,,,11800    DOROTHY                      ST,34.0507,-118.4683,2020.0,4.0,13.0,0.0,0.0,2.0,0,12,0,Morning
2531,200211895,06/28/2020 12:00:00 AM,06/28/2020 12:00:00 AM,1540,2,Rampart,248,1,330,BURGLARY FROM VEHICLE,1822 1300 0345 1605 0329,33,F,H,101,STREET,,,IC,Invest Cont,330,,,LUCAS                        AV,34.0574,-118.2621,2020.0,6.0,28.0,6.0,0.0,2.0,1,15,40,Afternoon
2533,200713937,07/16/2020 12:00:00 AM,07/16/2020 12:00:00 AM,2015,7,Wilshire,727,2,624,BATTERY - SIMPLE ASSAULT,416,22,M,B,203,OTHER BUSINESS,400.0,"STRONG-ARM (HANDS, FIST, FEET OR BODILY FORCE)",IC,Invest Cont,624,,,200 S  LA BREA                      AV,34.0699,-118.344,2020.0,7.0,16.0,3.0,0.0,3.0,0,20,15,Evening
2534,200319281,10/22/2020 12:00:00 AM,10/22/2020 12:00:00 AM,1313,3,Southwest,315,2,624,BATTERY - SIMPLE ASSAULT,1822 0101 0416 0446 0429,36,M,O,203,OTHER BUSINESS,400.0,"STRONG-ARM (HANDS, FIST, FEET OR BODILY FORCE)",AO,Adult Other,624,,,2400 S  WESTERN                      AV,34.034,-118.3133,2020.0,10.0,22.0,3.0,0.0,4.0,0,13,13,Afternoon
2535,200811241,06/29/2020 12:00:00 AM,06/28/2020 12:00:00 AM,2100,8,West LA,857,1,510,VEHICLE - STOLEN,,0,Unknown,,104,DRIVEWAY,,,IC,Invest Cont,510,,,9300    MONTE MAR                    DR,34.0531,-118.3941,2020.0,6.0,28.0,6.0,0.0,2.0,1,21,0,Evening
2537,200816548,10/17/2020 12:00:00 AM,10/17/2020 12:00:00 AM,2100,8,West LA,833,1,442,SHOPLIFTING - PETTY THEFT ($950 & UNDER),0344 1822 0378 2004 2028 0325,0,X,X,203,OTHER BUSINESS,,,IC,Invest Cont,442,,,10800    WELLWORTH                    AV,34.0575,-118.4406,2020.0,10.0,17.0,5.0,0.0,4.0,1,21,0,Evening
2539,200709702,05/27/2020 12:00:00 AM,05/27/2020 12:00:00 AM,1215,7,Wilshire,762,2,930,CRIMINAL THREATS - NO WEAPON DISPLAYED,1501,33,M,J,203,OTHER BUSINESS,511.0,VERBAL THREAT,IC,Invest Cont,930,,,1700 S  LA CIENEGA                   BL,34.0471,-118.3762,2020.0,5.0,27.0,2.0,0.0,2.0,0,12,15,Morning
2542,200712269,08-01-2020 00:00,07/31/2020 12:00:00 AM,2100,7,Wilshire,723,1,510,VEHICLE - STOLEN,,0,Unknown,,101,STREET,,,IC,Invest Cont,510,,,8200    BLACKBURN                    AV,34.0715,-118.3679,2020.0,7.0,31.0,4.0,0.0,3.0,0,21,0,Evening
2546,200614178,08/20/2020 12:00:00 AM,08/20/2020 12:00:00 AM,330,6,Hollywood,615,1,210,ROBBERY,0344 1300 0330 1822 0416,37,M,W,102,SIDEWALK,400.0,"STRONG-ARM (HANDS, FIST, FEET OR BODILY FORCE)",IC,Invest Cont,210,,,3300    BARHAM                       BL,34.1309,-118.3452,2020.0,8.0,20.0,3.0,0.0,3.0,0,3,30,Night
2547,201115768,11/16/2020 12:00:00 AM,11/13/2020 12:00:00 AM,1130,11,Northeast,1129,1,510,VEHICLE - STOLEN,,0,Unknown,,101,STREET,,,IC,Invest Cont,510,,,100 N  AVENUE 66,34.1138,-118.1798,2020.0,11.0,13.0,4.0,0.0,4.0,0,11,30,Morning
2549,200210901,05/29/2020 12:00:00 AM,05/29/2020 12:00:00 AM,1540,2,Rampart,261,2,624,BATTERY - SIMPLE ASSAULT,2033 0913 0361 0416 0337,51,F,B,502,"MULTI-UNIT DWELLING (APARTMENT, DUPLEX, ETC)",400.0,"STRONG-ARM (HANDS, FIST, FEET OR BODILY FORCE)",AO,Adult Other,624,,,800 S  CARONDELET                   ST,34.0553,-118.283,2020.0,5.0,29.0,4.0,0.0,2.0,0,15,40,Afternoon
2551,200618145,11/17/2020 12:00:00 AM,11/17/2020 12:00:00 AM,540,6,Hollywood,646,1,230,"ASSAULT WITH DEADLY WEAPON, AGGRAVATED ASSAULT",0450 1419 1407 0400 1100 0302 1300 1402 1817 0913,21,F,O,101,STREET,102.0,HAND GUN,AA,Adult Arrest,230,998.0,,6700    HAWTHORN                     AV,34.1005,-118.3381,2020.0,11.0,17.0,1.0,0.0,4.0,0,5,40,Night
2552,201211326,04/21/2020 12:00:00 AM,04/21/2020 12:00:00 AM,1345,12,77th Street,1259,2,860,BATTERY WITH SEXUAL CONTACT,522,24,F,H,219,CLEANER/LAUNDROMAT,400.0,"STRONG-ARM (HANDS, FIST, FEET OR BODILY FORCE)",IC,Invest Cont,860,,,73RD                         ST,33.9739,-118.2695,2020.0,4.0,21.0,1.0,0.0,2.0,0,13,45,Afternoon
2553,200705347,01/29/2020 12:00:00 AM,01/28/2020 12:00:00 AM,1330,7,Wilshire,758,1,230,"ASSAULT WITH DEADLY WEAPON, AGGRAVATED ASSAULT",0416 1259 0913,17,F,H,721,HIGH SCHOOL,400.0,"STRONG-ARM (HANDS, FIST, FEET OR BODILY FORCE)",JA,Juv Arrest,230,,,4600 W  OLYMPIC                      BL,34.0563,-118.3313,2020.0,1.0,28.0,1.0,0.0,1.0,0,13,30,Afternoon
2554,200706268,02/17/2020 12:00:00 AM,02/13/2020 12:00:00 AM,1108,7,Wilshire,767,2,956,"LETTERS, LEWD  -  TELEPHONE CALLS, LEWD",1906 0112,48,M,H,502,"MULTI-UNIT DWELLING (APARTMENT, DUPLEX, ETC)",,,IC,Invest Cont,956,,,1400 S  NORTON                       AV,34.0459,-118.3243,2020.0,2.0,13.0,3.0,0.0,1.0,0,11,8,Morning
2555,200716321,11/24/2020 12:00:00 AM,11/24/2020 12:00:00 AM,620,7,Wilshire,706,1,440,THEFT PLAIN - PETTY ($950 & UNDER),394,34,M,W,119,"PORCH, RESIDENTIAL",,,IC,Invest Cont,440,,,600 N  CITRUS                       AV,34.0819,-118.3397,2020.0,11.0,24.0,1.0,0.0,4.0,0,6,20,Night
2556,200214157,08/23/2020 12:00:00 AM,08/22/2020 12:00:00 AM,300,2,Rampart,239,1,330,BURGLARY FROM VEHICLE,0344 0386 0321,26,F,B,101,STREET,,,IC,Invest Cont,330,,,S  BIXEL                        ST,34.0606,-118.2568,2020.0,8.0,22.0,5.0,0.0,3.0,1,3,0,Night
2557,201110996,07-01-2020 00:00,06/29/2020 12:00:00 AM,1830,11,Northeast,1153,1,330,BURGLARY FROM VEHICLE,0344 1307,37,F,H,101,STREET,,,IC,Invest Cont,330,,,2200    FERN DELL                    DR,34.1107,-118.3074,2020.0,6.0,29.0,0.0,0.0,2.0,0,18,30,Afternoon
2558,200315009,05/25/2020 12:00:00 AM,05/25/2020 12:00:00 AM,1553,3,Southwest,396,1,440,THEFT PLAIN - PETTY ($950 & UNDER),0344 0913 0930,22,F,H,501,SINGLE FAMILY DWELLING,,,IC,Invest Cont,440,,,800 W  43RD                         PL,34.0046,-118.2894,2020.0,5.0,25.0,0.0,0.0,2.0,0,15,53,Afternoon
2559,200310484,04/26/2020 12:00:00 AM,04/26/2020 12:00:00 AM,1200,3,Southwest,361,1,350,"THEFT, PERSON",0329 2000 0444 0446 1813 1814 0429 0416,27,F,B,502,"MULTI-UNIT DWELLING (APARTMENT, DUPLEX, ETC)",400.0,"STRONG-ARM (HANDS, FIST, FEET OR BODILY FORCE)",AA,Adult Arrest,350,626.0,,4000    NICOLET                      AV,34.0171,-118.3531,2020.0,4.0,26.0,6.0,0.0,2.0,1,12,0,Morning
2560,200213107,07/28/2020 12:00:00 AM,05/25/2020 12:00:00 AM,900,2,Rampart,236,1,440,THEFT PLAIN - PETTY ($950 & UNDER),0344 2034 1202,47,F,W,101,STREET,,,IC,Invest Cont,440,,,BEVERLY                      BL,34.0664,-118.2698,2020.0,5.0,25.0,0.0,0.0,2.0,0,9,0,Morning
2562,200608312,03/24/2020 12:00:00 AM,03/23/2020 12:00:00 AM,425,6,Hollywood,644,1,420,THEFT FROM MOTOR VEHICLE - PETTY ($950 & UNDER),0344 1300 1822,23,F,H,123,PARKING UNDERGROUND/BUILDING,,,IC,Invest Cont,420,,,1300 N  SIERRA BONITA                AV,34.0944,-118.3539,2020.0,3.0,23.0,0.0,0.0,1.0,0,4,25,Night
2564,200513242,08/21/2020 12:00:00 AM,08/21/2020 12:00:00 AM,1825,5,Harbor,504,1,442,SHOPLIFTING - PETTY THEFT ($950 & UNDER),0325 0352 1236 1309,0,X,X,404,DEPARTMENT STORE,,,IC,Invest Cont,442,,,19500    NORMANDIE                    AV,33.8535,-118.2992,2020.0,8.0,21.0,4.0,0.0,3.0,0,18,25,Afternoon
2567,200604889,01/17/2020 12:00:00 AM,01/16/2020 12:00:00 AM,2100,6,Hollywood,669,1,121,"RAPE, FORCIBLE",1402 0500 1822 1206 2034,23,F,H,103,ALLEY,500.0,UNKNOWN WEAPON/OTHER WEAPON,AO,Adult Other,121,998.0,,N  SERRANO                      AV,34.0908,-118.306,2020.0,1.0,16.0,3.0,0.0,1.0,0,21,0,Evening
2568,200516021,10/31/2020 12:00:00 AM,10/30/2020 12:00:00 AM,2300,5,Harbor,532,1,510,VEHICLE - STOLEN,,0,Unknown,,101,STREET,,,IC,Invest Cont,510,,,600 W  OPP                          ST,33.7866,-118.2717,2020.0,10.0,30.0,4.0,0.0,4.0,0,23,0,Evening
2569,201227383,12/30/2020 12:00:00 AM,10/13/2020 12:00:00 AM,1200,12,77th Street,1255,2,662,"BUNCO, GRAND THEFT",1822 0701 0800,33,F,B,502,"MULTI-UNIT DWELLING (APARTMENT, DUPLEX, ETC)",,,IC,Invest Cont,662,,,7200    RAYMOND                      AV,33.9736,-118.2981,2020.0,10.0,13.0,1.0,0.0,4.0,0,12,0,Morning
2570,201000615,03/21/2020 12:00:00 AM,03/21/2020 12:00:00 AM,15,10,West Valley,1007,1,236,INTIMATE PARTNER - AGGRAVATED ASSAULT,0913 1281 1813 2000 2038 0400 0416 0334 1402,45,F,A,501,SINGLE FAMILY DWELLING,114.0,AIR PISTOL/REVOLVER/RIFLE/BB GUN,AA,Adult Arrest,236,998.0,,17000    BURTON                       ST,34.2202,-118.503,2020.0,3.0,21.0,5.0,0.0,1.0,1,0,15,Night
2571,200412766,09/14/2020 12:00:00 AM,09/14/2020 12:00:00 AM,1840,4,Hollenbeck,488,1,230,"ASSAULT WITH DEADLY WEAPON, AGGRAVATED ASSAULT",0302 1822 0327 0371 0906,45,M,H,102,SIDEWALK,109.0,SEMI-AUTOMATIC PISTOL,AA,Adult Arrest,230,,,CONCORD,34.0248,-118.2054,2020.0,9.0,14.0,0.0,0.0,3.0,0,18,40,Afternoon
2573,200218734,12/17/2020 12:00:00 AM,12/17/2020 12:00:00 AM,1400,2,Rampart,299,2,740,"VANDALISM - FELONY ($400 & OVER, ALL CHURCH VANDALISMS)",0329 1300 0345 0216 1601 1822,56,M,H,122,"VEHICLE, PASSENGER/TRUCK",,,IC,Invest Cont,740,,,1000 W  17TH                         ST,34.0398,-118.278,2020.0,12.0,17.0,3.0,0.0,4.0,0,14,0,Afternoon
2575,200509559,05/17/2020 12:00:00 AM,05/16/2020 12:00:00 AM,1500,5,Harbor,566,1,331,THEFT FROM MOTOR VEHICLE - GRAND ($950.01 AND OVER),0385 1300,0,X,X,101,STREET,,,IC,Invest Cont,331,,,1000 S  BEACON                       ST,33.7347,-118.2842,2020.0,5.0,16.0,5.0,0.0,2.0,1,15,0,Afternoon
2578,200515220,10/13/2020 12:00:00 AM,10/13/2020 12:00:00 AM,2300,5,Harbor,558,1,230,"ASSAULT WITH DEADLY WEAPON, AGGRAVATED ASSAULT",1100 0430 1407 1309 0334 0302 1822,16,M,H,101,STREET,102.0,HAND GUN,IC,Invest Cont,230,998.0,,400 W  OFARRELL                     ST,33.746,-118.2857,2020.0,10.0,13.0,1.0,0.0,4.0,0,23,0,Evening
2579,201225273,11/27/2020 12:00:00 AM,11/25/2020 12:00:00 AM,2200,12,77th Street,1266,1,510,VEHICLE - STOLEN,,0,Unknown,,101,STREET,,,IC,Invest Cont,510,,,8000 S  BROADWAY,33.9661,-118.2849,2020.0,11.0,25.0,2.0,0.0,4.0,0,22,0,Evening
2580,200709681,05/26/2020 12:00:00 AM,05/26/2020 12:00:00 AM,2010,7,Wilshire,773,2,740,"VANDALISM - FELONY ($400 & OVER, ALL CHURCH VANDALISMS)",0329 1822 1609 0906 1402,23,M,O,501,SINGLE FAMILY DWELLING,,,IC,Invest Cont,740,998.0,,2000    CLYDE                        AV,34.0402,-118.3644,2020.0,5.0,26.0,1.0,0.0,2.0,0,20,10,Evening
2581,201005117,01/27/2020 12:00:00 AM,01/27/2020 12:00:00 AM,2010,10,West Valley,1025,1,230,"ASSAULT WITH DEADLY WEAPON, AGGRAVATED ASSAULT",2004 0913 1206 1218 0400 0416,34,M,H,108,PARKING LOT,500.0,UNKNOWN WEAPON/OTHER WEAPON,IC,Invest Cont,230,,,SHERMAN                      WY,34.2012,-118.5348,2020.0,1.0,27.0,0.0,0.0,1.0,0,20,10,Evening
2583,200606735,02/23/2020 12:00:00 AM,02/22/2020 12:00:00 AM,1320,6,Hollywood,668,2,740,"VANDALISM - FELONY ($400 & OVER, ALL CHURCH VANDALISMS)",1822 1300 0329,60,M,H,122,"VEHICLE, PASSENGER/TRUCK",,,IC,Invest Cont,740,,,5600 W  SUNSET                       BL,34.0981,-118.3113,2020.0,2.0,22.0,5.0,0.0,1.0,1,13,20,Afternoon
2584,200114117,06/29/2020 12:00:00 AM,06/25/2020 12:00:00 AM,2300,1,Central,101,1,440,THEFT PLAIN - PETTY ($950 & UNDER),0344 1822,0,M,W,203,OTHER BUSINESS,,,IC,Invest Cont,440,,,1000    ALPINE                       ST,34.0649,-118.2465,2020.0,6.0,25.0,3.0,0.0,2.0,0,23,0,Evening
2586,201108829,04/29/2020 12:00:00 AM,04/28/2020 12:00:00 AM,2312,11,Northeast,1151,1,510,VEHICLE - STOLEN,,0,Unknown,,401,MINI-MART,,,IC,Invest Cont,510,,,NORMANDIE,34.0981,-118.3005,2020.0,4.0,28.0,1.0,0.0,2.0,0,23,12,Evening
2587,200918635,12/20/2020 12:00:00 AM,12/20/2020 12:00:00 AM,500,9,Van Nuys,989,2,740,"VANDALISM - FELONY ($400 & OVER, ALL CHURCH VANDALISMS)",1300 0329,42,M,W,501,SINGLE FAMILY DWELLING,,,AA,Adult Arrest,740,,,4100    GREENBUSH                    AV,34.144,-118.4261,2020.0,12.0,20.0,6.0,0.0,4.0,1,5,0,Night
2590,200706124,02/14/2020 12:00:00 AM,02/14/2020 12:00:00 AM,2030,7,Wilshire,785,2,624,BATTERY - SIMPLE ASSAULT,400,58,M,H,203,OTHER BUSINESS,400.0,"STRONG-ARM (HANDS, FIST, FEET OR BODILY FORCE)",AO,Adult Other,624,,,4800 W  WASHINGTON                   BL,34.0399,-118.3435,2020.0,2.0,14.0,4.0,0.0,1.0,0,20,30,Evening
2592,200112226,05/27/2020 12:00:00 AM,05/22/2020 12:00:00 AM,1130,1,Central,157,1,510,VEHICLE - STOLEN,,0,Unknown,,101,STREET,,,IC,Invest Cont,510,,,6TH,34.0417,-118.2443,2020.0,5.0,22.0,4.0,0.0,2.0,0,11,30,Morning
2593,200517966,12/18/2020 12:00:00 AM,12/18/2020 12:00:00 AM,1530,5,Harbor,515,2,624,BATTERY - SIMPLE ASSAULT,0329 0416 1300 0446 1822 2033,32,M,H,501,SINGLE FAMILY DWELLING,400.0,"STRONG-ARM (HANDS, FIST, FEET OR BODILY FORCE)",IC,Invest Cont,624,,,1400    GULF                         AV,33.7906,-118.2739,2020.0,12.0,18.0,4.0,0.0,4.0,0,15,30,Afternoon
2594,200312805,06/17/2020 12:00:00 AM,06/16/2020 12:00:00 AM,2300,3,Southwest,396,2,745,VANDALISM - MISDEAMEANOR ($399 OR UNDER),329,30,M,H,502,"MULTI-UNIT DWELLING (APARTMENT, DUPLEX, ETC)",,,IC,Invest Cont,745,,,800 W  43RD                         ST,34.0055,-118.2872,2020.0,6.0,16.0,1.0,0.0,2.0,0,23,0,Evening
2596,200607885,03/14/2020 12:00:00 AM,03/14/2020 12:00:00 AM,200,6,Hollywood,637,1,510,VEHICLE - STOLEN,,0,Unknown,,101,STREET,,,IC,Invest Cont,510,,,VINE                         ST,34.1038,-118.3267,2020.0,3.0,14.0,5.0,0.0,1.0,1,2,0,Night
2597,200716616,12-02-2020 00:00,11/16/2020 12:00:00 AM,1145,7,Wilshire,702,1,330,BURGLARY FROM VEHICLE,1300 1606 0344,27,M,H,101,STREET,,,IC,Invest Cont,330,,,600 N  MARTEL                       AV,34.0818,-118.3511,2020.0,11.0,16.0,0.0,0.0,4.0,0,11,45,Morning
2598,200911600,06/25/2020 12:00:00 AM,06/25/2020 12:00:00 AM,1930,9,Van Nuys,964,1,310,BURGLARY,1501 0314 0358 1608 1606,71,M,A,501,SINGLE FAMILY DWELLING,,,AA,Adult Arrest,310,,,4800    LENNOX                       AV,34.1576,-118.4454,2020.0,6.0,25.0,3.0,0.0,2.0,0,19,30,Evening
2599,200910968,06-12-2020 00:00,05/21/2020 12:00:00 AM,1345,9,Van Nuys,964,2,354,THEFT OF IDENTITY,0377 0930 1822 1202,61,M,W,502,"MULTI-UNIT DWELLING (APARTMENT, DUPLEX, ETC)",,,IC,Invest Cont,354,,,13900 W  RIVERSIDE                    DR,34.1576,-118.4352,2020.0,5.0,21.0,3.0,0.0,2.0,0,13,45,Afternoon
2601,200918744,12/22/2020 12:00:00 AM,12/22/2020 12:00:00 AM,1840,9,Van Nuys,994,1,210,ROBBERY,0352 0416 0446 0444 1402 1414 0913,57,F,W,501,SINGLE FAMILY DWELLING,400.0,"STRONG-ARM (HANDS, FIST, FEET OR BODILY FORCE)",IC,Invest Cont,210,998.0,,4000    STANSBURY                    AV,34.1427,-118.4417,2020.0,12.0,22.0,1.0,0.0,4.0,0,18,40,Afternoon
2603,200409308,05/28/2020 12:00:00 AM,05/28/2020 12:00:00 AM,100,4,Hollenbeck,409,1,510,VEHICLE - STOLEN,,0,Unknown,,101,STREET,,,IC,Invest Cont,510,,,4000    GUARDIA                      AV,34.0914,-118.1697,2020.0,5.0,28.0,3.0,0.0,2.0,0,1,0,Night
2604,200412768,09/15/2020 12:00:00 AM,09/14/2020 12:00:00 AM,1730,4,Hollenbeck,478,1,510,VEHICLE - STOLEN,,0,Unknown,,101,STREET,,,IC,Invest Cont,510,,,7TH                          ST,34.027,-118.2051,2020.0,9.0,14.0,0.0,0.0,3.0,0,17,30,Afternoon
2605,200608033,03/16/2020 12:00:00 AM,03/16/2020 12:00:00 AM,2315,6,Hollywood,646,1,230,"ASSAULT WITH DEADLY WEAPON, AGGRAVATED ASSAULT",1402 0400 0416 2004 1218 0913 1202 0447,62,M,W,504,OTHER RESIDENCE,500.0,UNKNOWN WEAPON/OTHER WEAPON,AA,Adult Arrest,230,998.0,,1500    SCHRADER                     BL,34.098,-118.3324,2020.0,3.0,16.0,0.0,0.0,1.0,0,23,15,Evening
2607,201209556,03/20/2020 12:00:00 AM,03/13/2020 12:00:00 AM,1600,12,77th Street,1218,1,310,BURGLARY,1202 1607 0329 0344 0321 1822,59,F,B,501,SINGLE FAMILY DWELLING,,,IC,Invest Cont,310,,,600 W  58TH                         ST,33.9897,-118.2842,2020.0,3.0,13.0,4.0,0.0,1.0,0,16,0,Afternoon
2608,201309918,04/25/2020 12:00:00 AM,04/25/2020 12:00:00 AM,1715,13,Newton,1309,2,756,WEAPONS POSSESSION/BOMBING,1402 1407 1419 1822,0,X,X,122,"VEHICLE, PASSENGER/TRUCK",109.0,SEMI-AUTOMATIC PISTOL,IC,Invest Cont,756,998.0,,SANTA MONICA                 FY,34.0241,-118.232,2020.0,4.0,25.0,5.0,0.0,2.0,1,17,15,Afternoon
2612,200805323,01/30/2020 12:00:00 AM,01/30/2020 12:00:00 AM,1310,8,West LA,839,1,442,SHOPLIFTING - PETTY THEFT ($950 & UNDER),1822 0325,0,X,X,203,OTHER BUSINESS,,,IC,Invest Cont,442,,,10200    SANTA MONICA                 BL,34.0605,-118.4193,2020.0,1.0,30.0,3.0,0.0,1.0,0,13,10,Afternoon
2614,201010031,06/15/2020 12:00:00 AM,06/15/2020 12:00:00 AM,315,10,West Valley,1029,1,331,THEFT FROM MOTOR VEHICLE - GRAND ($950.01 AND OVER),0344 1822 1606 0352,23,F,B,707,GARAGE/CARPORT,,,IC,Invest Cont,331,,,7000    WOODLEY                      AV,34.1976,-118.4837,2020.0,6.0,15.0,0.0,0.0,2.0,0,3,15,Night
2615,201222873,10/19/2020 12:00:00 AM,10/19/2020 12:00:00 AM,1320,12,77th Street,1252,1,230,"ASSAULT WITH DEADLY WEAPON, AGGRAVATED ASSAULT",1402 1407 1100 1309 1822 0302 0329 0450 2033 0906,33,M,B,101,STREET,109.0,SEMI-AUTOMATIC PISTOL,IC,Invest Cont,230,,,2400 W  67TH                         ST,33.9782,-118.3207,2020.0,10.0,19.0,0.0,0.0,4.0,0,13,20,Afternoon
2619,200516864,11/18/2020 12:00:00 AM,11/16/2020 12:00:00 AM,1300,5,Harbor,513,2,745,VANDALISM - MISDEAMEANOR ($399 OR UNDER),0329 1236,0,M,O,121,YARD (RESIDENTIAL/BUSINESS),,,IC,Invest Cont,745,,,1700 W  L                            ST,33.785,-118.287,2020.0,11.0,16.0,0.0,0.0,4.0,0,13,0,Afternoon
2620,200118125,09/17/2020 12:00:00 AM,09/17/2020 12:00:00 AM,2345,1,Central,153,1,330,BURGLARY FROM VEHICLE,1307 1609 1822 0329 1414 0344 2004,41,M,W,101,STREET,500.0,UNKNOWN WEAPON/OTHER WEAPON,AA,Adult Arrest,330,,,500 S  BROADWAY,34.0474,-118.2513,2020.0,9.0,17.0,3.0,0.0,3.0,0,23,45,Evening
2622,200401210,11/26/2020 12:00:00 AM,11/26/2020 12:00:00 AM,1820,4,Hollenbeck,467,2,624,BATTERY - SIMPLE ASSAULT,0913 0554 0416,28,F,H,501,SINGLE FAMILY DWELLING,400.0,"STRONG-ARM (HANDS, FIST, FEET OR BODILY FORCE)",AO,Adult Other,624,,,400 S  EVERGREEN                    AV,34.0352,-118.2058,2020.0,11.0,26.0,3.0,0.0,4.0,0,18,20,Afternoon
2623,200111715,05/14/2020 12:00:00 AM,05/14/2020 12:00:00 AM,100,1,Central,148,2,626,INTIMATE PARTNER - SIMPLE ASSAULT,2000 2004 1218 1813 1814 0913 0416 2060 0533,37,F,H,102,SIDEWALK,400.0,"STRONG-ARM (HANDS, FIST, FEET OR BODILY FORCE)",AO,Adult Other,626,,,3RD,34.0438,-118.2416,2020.0,5.0,14.0,3.0,0.0,2.0,0,1,0,Night
2631,200800692,06/17/2020 12:00:00 AM,06/17/2020 12:00:00 AM,1835,8,West LA,857,1,520,VEHICLE - ATTEMPT STOLEN,1606 1501 1402,44,F,O,301,GAS STATION,,,IC,Invest Cont,520,998.0,,9000 W  PICO                         BL,34.0553,-118.3878,2020.0,6.0,17.0,2.0,0.0,2.0,0,18,35,Afternoon
2633,201013010,09/13/2020 12:00:00 AM,09/13/2020 12:00:00 AM,230,10,West Valley,1065,1,510,VEHICLE - STOLEN,,0,Unknown,,101,STREET,,,IC,Invest Cont,510,,,5500    NEWCASTLE                    AV,34.1707,-118.5244,2020.0,9.0,13.0,6.0,0.0,3.0,1,2,30,Night
2634,200411247,07/28/2020 12:00:00 AM,02/20/2020 12:00:00 AM,2000,4,Hollenbeck,464,2,956,"LETTERS, LEWD  -  TELEPHONE CALLS, LEWD",0342 1906 0913 1251,15,F,H,504,OTHER RESIDENCE,,,IC,Invest Cont,956,,,200 N  BREED                        ST,34.0456,-118.2101,2020.0,2.0,20.0,3.0,0.0,1.0,0,20,0,Evening
2638,200316458,08/29/2020 12:00:00 AM,08/28/2020 12:00:00 AM,2100,3,Southwest,357,1,761,BRANDISH WEAPON,1822 1309 0605 1402 0421,30,F,A,101,STREET,200.0,KNIFE WITH BLADE 6INCHES OR LESS,AA,Adult Arrest,761,,,NORMANDIE,34.0184,-118.3002,2020.0,8.0,28.0,4.0,0.0,3.0,0,21,0,Evening
2639,200715422,10/27/2020 12:00:00 AM,07/13/2020 12:00:00 AM,1022,7,Wilshire,762,1,341,"THEFT-GRAND ($950.01 & OVER)EXCPT,GUNS,FOWL,LIVESTK,PROD",394,47,F,W,502,"MULTI-UNIT DWELLING (APARTMENT, DUPLEX, ETC)",,,IC,Invest Cont,341,,,HI POINT                     ST,34.0501,-118.3692,2020.0,7.0,13.0,0.0,0.0,3.0,0,10,22,Morning
2643,200808589,04/22/2020 12:00:00 AM,04/22/2020 12:00:00 AM,1420,8,West LA,892,1,220,ATTEMPTED ROBBERY,2031 2004 1300 1317 1240 1822 2035 0444 0355 0432,59,M,B,101,STREET,400.0,"STRONG-ARM (HANDS, FIST, FEET OR BODILY FORCE)",AA,Adult Arrest,220,,,2400 S  BARRINGTON                   AV,34.0316,-118.4457,2020.0,4.0,22.0,2.0,0.0,2.0,0,14,20,Afternoon
2645,200219111,12/29/2020 12:00:00 AM,12/28/2020 12:00:00 AM,1900,2,Rampart,269,1,510,VEHICLE - STOLEN,,0,Unknown,,101,STREET,,,IC,Invest Cont,510,,,HARTFORD                     AV,34.0522,-118.2673,2020.0,12.0,28.0,0.0,0.0,4.0,0,19,0,Evening
2646,200117294,09-01-2020 00:00,06/17/2020 12:00:00 AM,1900,1,Central,129,1,310,BURGLARY,1605 1822 0344,43,M,H,120,STORAGE SHED,500.0,UNKNOWN WEAPON/OTHER WEAPON,IC,Invest Cont,310,,,800 E  COMMERCIAL                   ST,34.0525,-118.2301,2020.0,6.0,17.0,2.0,0.0,2.0,0,19,0,Evening
2648,200617281,10/27/2020 12:00:00 AM,10/27/2020 12:00:00 AM,1235,6,Hollywood,629,2,664,"BUNCO, PETTY THEFT",0701 1822 1202,74,F,A,501,SINGLE FAMILY DWELLING,,,IC,Invest Cont,664,,,5600    PARK OAK                     PL,34.1168,-118.3113,2020.0,10.0,27.0,1.0,0.0,4.0,0,12,35,Morning
2649,201114079,09/28/2020 12:00:00 AM,09/27/2020 12:00:00 AM,530,11,Northeast,1102,1,330,BURGLARY FROM VEHICLE,0344 1605,0,X,X,108,PARKING LOT,,,IC,Invest Cont,330,,,4200    VERDANT                      ST,34.1315,-118.2657,2020.0,9.0,27.0,6.0,0.0,3.0,1,5,30,Night
2651,200213709,08/14/2020 12:00:00 AM,08/13/2020 12:00:00 AM,2200,2,Rampart,235,1,510,VEHICLE - STOLEN,,0,Unknown,,101,STREET,,,IC,Invest Cont,510,,,200    ROSEMONT                     AV,34.0693,-118.2719,2020.0,8.0,13.0,3.0,0.0,3.0,0,22,0,Evening
2652,200116806,08/23/2020 12:00:00 AM,08/23/2020 12:00:00 AM,35,1,Central,153,2,626,INTIMATE PARTNER - SIMPLE ASSAULT,1814 0444 2000 0913,25,F,H,502,"MULTI-UNIT DWELLING (APARTMENT, DUPLEX, ETC)",400.0,"STRONG-ARM (HANDS, FIST, FEET OR BODILY FORCE)",IC,Invest Cont,626,,,300 W  5TH                          ST,34.0481,-118.2507,2020.0,8.0,23.0,6.0,0.0,3.0,1,0,35,Night
2655,200808673,04/24/2020 12:00:00 AM,04/24/2020 12:00:00 AM,1120,8,West LA,891,2,745,VANDALISM - MISDEAMEANOR ($399 OR UNDER),329,0,X,X,210,RESTAURANT/FAST FOOD,,,IC,Invest Cont,745,,,12200 W  PICO                         BL,34.0289,-118.4513,2020.0,4.0,24.0,4.0,0.0,2.0,0,11,20,Morning
2656,200709704,05/27/2020 12:00:00 AM,05/27/2020 12:00:00 AM,1725,7,Wilshire,723,1,440,THEFT PLAIN - PETTY ($950 & UNDER),344,46,M,W,707,GARAGE/CARPORT,,,IC,Invest Cont,440,,,8200 W  4TH                          ST,34.0706,-118.3674,2020.0,5.0,27.0,2.0,0.0,2.0,0,17,25,Afternoon
2657,200415195,11/23/2020 12:00:00 AM,11/22/2020 12:00:00 AM,2045,4,Hollenbeck,499,2,626,INTIMATE PARTNER - SIMPLE ASSAULT,0913 1813 2000 0416,37,F,H,101,STREET,400.0,"STRONG-ARM (HANDS, FIST, FEET OR BODILY FORCE)",AO,Adult Other,626,,,OLYMPIC,34.0189,-118.1922,2020.0,11.0,22.0,6.0,0.0,4.0,1,20,45,Evening
2658,200815488,10/20/2020 12:00:00 AM,10/20/2020 12:00:00 AM,1710,8,West LA,833,1,442,SHOPLIFTING - PETTY THEFT ($950 & UNDER),0344 0378 1822 0216 0325,0,X,X,203,OTHER BUSINESS,,,IC,Invest Cont,442,,,10800    WELLWORTH                    AV,34.0575,-118.4406,2020.0,10.0,20.0,1.0,0.0,4.0,0,17,10,Afternoon
2660,200511993,07/18/2020 12:00:00 AM,07/18/2020 12:00:00 AM,1445,5,Harbor,526,1,520,VEHICLE - ATTEMPT STOLEN,1300 1202,59,M,H,101,STREET,,,IC,Invest Cont,520,,,400 W  ANAHEIM                      ST,33.7798,-118.2664,2020.0,7.0,18.0,5.0,0.0,3.0,1,14,45,Afternoon
2664,200414042,10/20/2020 12:00:00 AM,10/20/2020 12:00:00 AM,1400,4,Hollenbeck,499,1,510,VEHICLE - STOLEN,,0,Unknown,,101,STREET,,,IC,Invest Cont,510,,,SPENCE                       ST,34.0166,-118.2028,2020.0,10.0,20.0,1.0,0.0,4.0,0,14,0,Afternoon
2665,200308632,03/16/2020 12:00:00 AM,03/15/2020 12:00:00 AM,1800,3,Southwest,376,1,510,VEHICLE - STOLEN,,0,Unknown,,101,STREET,,,IC,Invest Cont,510,,,WESTERN,34.0165,-118.3089,2020.0,3.0,15.0,6.0,0.0,1.0,1,18,0,Afternoon
2670,200617160,10/25/2020 12:00:00 AM,10/25/2020 12:00:00 AM,5,6,Hollywood,636,2,626,INTIMATE PARTNER - SIMPLE ASSAULT,2000 0400 0416,44,F,H,707,GARAGE/CARPORT,400.0,"STRONG-ARM (HANDS, FIST, FEET OR BODILY FORCE)",IC,Invest Cont,626,,,HOLLYWOOD                    BL,34.1016,-118.335,2020.0,10.0,25.0,6.0,0.0,4.0,1,0,5,Night
2671,200610592,05/24/2020 12:00:00 AM,05/24/2020 12:00:00 AM,1520,6,Hollywood,668,1,761,BRANDISH WEAPON,0400 0334 1218 1822,33,M,H,116,OTHER/OUTSIDE,109.0,SEMI-AUTOMATIC PISTOL,IC,Invest Cont,761,,,5600    FOUNTAIN                     AV,34.0948,-118.3109,2020.0,5.0,24.0,6.0,0.0,2.0,1,15,20,Afternoon
2673,200913538,08/15/2020 12:00:00 AM,08/14/2020 12:00:00 AM,1100,9,Van Nuys,985,1,510,VEHICLE - STOLEN,,0,Unknown,,101,STREET,,,IC,Invest Cont,510,,,14400    BENEFIT                      ST,34.1486,-118.4463,2020.0,8.0,14.0,4.0,0.0,3.0,0,11,0,Morning
2674,201008514,04/29/2020 12:00:00 AM,04/24/2020 12:00:00 AM,1120,10,West Valley,1063,2,946,OTHER MISCELLANEOUS CRIME,,49,F,V,220,NAIL SALON,,,IC,Invest Cont,946,,,18300    VENTURA                      BL,34.1682,-118.5406,2020.0,4.0,24.0,4.0,0.0,2.0,0,11,20,Morning
2675,201218764,08/17/2020 12:00:00 AM,08/17/2020 12:00:00 AM,1703,12,77th Street,1207,2,740,"VANDALISM - FELONY ($400 & OVER, ALL CHURCH VANDALISMS)",0329 1822,37,F,B,501,SINGLE FAMILY DWELLING,,,IC,Invest Cont,740,,,900 W  50TH                         ST,33.9979,-118.2884,2020.0,8.0,17.0,0.0,0.0,3.0,0,17,3,Afternoon
2676,200113719,06/21/2020 12:00:00 AM,06/20/2020 12:00:00 AM,2300,1,Central,139,1,330,BURGLARY FROM VEHICLE,1609 0344 1307 0329 1822,30,M,F,101,STREET,,,IC,Invest Cont,330,,,2ND                          ST,34.0472,-118.2352,2020.0,6.0,20.0,5.0,0.0,2.0,1,23,0,Evening
2677,200122696,12/23/2020 12:00:00 AM,12/23/2020 12:00:00 AM,940,1,Central,142,1,220,ATTEMPTED ROBBERY,1822 0345 0401 0416 0344 0356 0319 1414,42,M,H,102,SIDEWALK,400.0,"STRONG-ARM (HANDS, FIST, FEET OR BODILY FORCE)",IC,Invest Cont,220,480.0,,500 W  5TH                          ST,34.0519,-118.2531,2020.0,12.0,23.0,2.0,0.0,4.0,0,9,40,Morning
2679,200908118,04-03-2020 00:00,03/22/2020 12:00:00 AM,630,9,Van Nuys,939,1,330,BURGLARY FROM VEHICLE,1302 0344,38,M,W,101,STREET,,,IC,Invest Cont,330,,,12900    CHANDLER                     BL,34.1687,-118.4153,2020.0,3.0,22.0,6.0,0.0,1.0,1,6,30,Night
2680,200321986,12/20/2020 12:00:00 AM,12/17/2020 12:00:00 AM,2145,3,Southwest,355,2,624,BATTERY - SIMPLE ASSAULT,0342 0416 0446 1309,38,F,B,501,SINGLE FAMILY DWELLING,400.0,"STRONG-ARM (HANDS, FIST, FEET OR BODILY FORCE)",AO,Adult Other,624,,,1900 W  JEFFERSON                    BL,34.0255,-118.3125,2020.0,12.0,17.0,3.0,0.0,4.0,0,21,45,Evening
2681,200514711,09/30/2020 12:00:00 AM,09/30/2020 12:00:00 AM,2317,5,Harbor,564,1,236,INTIMATE PARTNER - AGGRAVATED ASSAULT,0913 1309 2000 1814 0400,31,F,W,503,HOTEL,400.0,"STRONG-ARM (HANDS, FIST, FEET OR BODILY FORCE)",AA,Adult Arrest,236,,,600 S  PALOS VERDES                 ST,33.7379,-118.2814,2020.0,9.0,30.0,2.0,0.0,3.0,0,23,17,Evening
2683,200909000,04/27/2020 12:00:00 AM,04/25/2020 12:00:00 AM,1700,9,Van Nuys,985,2,740,"VANDALISM - FELONY ($400 & OVER, ALL CHURCH VANDALISMS)",329,64,F,O,501,SINGLE FAMILY DWELLING,,,IC,Invest Cont,740,,,4600    LENNOX                       AV,34.1548,-118.4454,2020.0,4.0,25.0,5.0,0.0,2.0,1,17,0,Afternoon
2684,201225295,11/27/2020 12:00:00 AM,11/27/2020 12:00:00 AM,1315,12,77th Street,1255,2,753,DISCHARGE FIREARMS/SHOTS FIRED,0342 1309 1100 1822 1402 1407 0216,0,X,X,102,SIDEWALK,102.0,HAND GUN,IC,Invest Cont,753,,,BUDLONG                      AV,33.9702,-118.2962,2020.0,11.0,27.0,4.0,0.0,4.0,0,13,15,Afternoon
2687,200100694,03/20/2020 12:00:00 AM,03/17/2020 12:00:00 AM,230,1,Central,162,2,745,VANDALISM - MISDEAMEANOR ($399 OR UNDER),0329 1822,0,M,W,203,OTHER BUSINESS,,,IC,Invest Cont,745,,,700 W  7TH                          ST,34.048,-118.2577,2020.0,3.0,17.0,1.0,0.0,1.0,0,2,30,Night
2688,200604699,01/16/2020 12:00:00 AM,01/15/2020 12:00:00 AM,1800,6,Hollywood,667,1,350,"THEFT, PERSON",0344 1202,78,M,O,101,STREET,,,IC,Invest Cont,350,,,GOWER                        ST,34.0908,-118.3223,2020.0,1.0,15.0,2.0,0.0,1.0,0,18,0,Afternoon
2690,200209607,04/29/2020 12:00:00 AM,02/17/2020 12:00:00 AM,1130,2,Rampart,236,2,354,THEFT OF IDENTITY,0923 0100,24,M,H,502,"MULTI-UNIT DWELLING (APARTMENT, DUPLEX, ETC)",,,IC,Invest Cont,354,,,100 S  BONNIE BRAE                  ST,34.0656,-118.2678,2020.0,2.0,17.0,0.0,0.0,1.0,0,11,30,Morning
2691,200113458,06/15/2020 12:00:00 AM,05/31/2020 12:00:00 AM,900,1,Central,124,2,812,CRM AGNST CHLD (13 OR UNDER) (14-15 & SUSP 10 YRS OLDER),1309 1257 0522 0552,2,M,H,122,"VEHICLE, PASSENGER/TRUCK",400.0,"STRONG-ARM (HANDS, FIST, FEET OR BODILY FORCE)",IC,Invest Cont,812,860.0,,100 W  1ST                          ST,34.0522,-118.2434,2020.0,5.0,31.0,6.0,0.0,2.0,1,9,0,Morning
2692,200810158,05/29/2020 12:00:00 AM,05/29/2020 12:00:00 AM,1200,8,West LA,828,2,354,THEFT OF IDENTITY,1822 0100,63,M,O,501,SINGLE FAMILY DWELLING,,,IC,Invest Cont,354,,,10700    WILSHIRE                     BL,34.0649,-118.4372,2020.0,5.0,29.0,4.0,0.0,2.0,0,12,0,Morning
2693,200506609,03-02-2020 00:00,02/26/2020 12:00:00 AM,1300,5,Harbor,564,2,740,"VANDALISM - FELONY ($400 & OVER, ALL CHURCH VANDALISMS)",1300 2000 0329 1309,25,F,B,122,"VEHICLE, PASSENGER/TRUCK",,,AO,Adult Other,740,,,200 W  1ST                          ST,33.7433,-118.2821,2020.0,2.0,26.0,2.0,0.0,1.0,0,13,0,Afternoon
2695,200518261,12/28/2020 12:00:00 AM,12/28/2020 12:00:00 AM,134,5,Harbor,522,1,210,ROBBERY,0916 0216 0354 0330 0344 0416 0429 0432 1309,47,M,H,103,ALLEY,400.0,"STRONG-ARM (HANDS, FIST, FEET OR BODILY FORCE)",IC,Invest Cont,210,,,700 N  WILMINGTON                   BL,33.7779,-118.274,2020.0,12.0,28.0,0.0,0.0,4.0,0,1,34,Night
2697,201205642,01/24/2020 12:00:00 AM,01/24/2020 12:00:00 AM,1015,12,77th Street,1273,1,230,"ASSAULT WITH DEADLY WEAPON, AGGRAVATED ASSAULT",1402 0913 0334 0443 0421 0417,30,M,B,501,SINGLE FAMILY DWELLING,204.0,FOLDING KNIFE,AO,Adult Other,230,,,8900 S  GRAMERCY                     PL,33.9564,-118.3134,2020.0,1.0,24.0,4.0,0.0,1.0,0,10,15,Morning
2699,200212634,07/16/2020 12:00:00 AM,07/16/2020 12:00:00 AM,1345,2,Rampart,249,1,236,INTIMATE PARTNER - AGGRAVATED ASSAULT,1309 2000 1310 1813 1243 0913 0416 0446 0408,42,F,B,122,"VEHICLE, PASSENGER/TRUCK",400.0,"STRONG-ARM (HANDS, FIST, FEET OR BODILY FORCE)",IC,Invest Cont,236,,,7TH                          ST,34.0509,-118.2642,2020.0,7.0,16.0,3.0,0.0,3.0,0,13,45,Afternoon
2700,200909991,05/21/2020 12:00:00 AM,05/20/2020 12:00:00 AM,1600,9,Van Nuys,964,1,310,BURGLARY,0358 1420 0344 1609,55,M,O,501,SINGLE FAMILY DWELLING,,,IC,Invest Cont,310,,,4700    KATHERINE                    AV,34.1564,-118.4432,2020.0,5.0,20.0,2.0,0.0,2.0,0,16,0,Afternoon
2702,200507649,03/26/2020 12:00:00 AM,03/25/2020 12:00:00 AM,2100,5,Harbor,563,1,510,VEHICLE - STOLEN,,0,Unknown,,108,PARKING LOT,,,IC,Invest Cont,510,,,500 W  12TH                         ST,33.7333,-118.2879,2020.0,3.0,25.0,2.0,0.0,1.0,0,21,0,Evening
2703,200305811,01/31/2020 12:00:00 AM,01/31/2020 12:00:00 AM,540,3,Southwest,326,1,210,ROBBERY,0432 0449 0319 0334 0216 0344 0377 0305 0302 1822,43,M,H,101,STREET,109.0,SEMI-AUTOMATIC PISTOL,IC,Invest Cont,210,,,WESTERN                      AV,34.0291,-118.3089,2020.0,1.0,31.0,4.0,0.0,1.0,0,5,40,Night
2704,201308050,03/13/2020 12:00:00 AM,03/13/2020 12:00:00 AM,500,13,Newton,1363,2,626,INTIMATE PARTNER - SIMPLE ASSAULT,2000 0400 0913,31,F,H,101,STREET,400.0,"STRONG-ARM (HANDS, FIST, FEET OR BODILY FORCE)",AO,Adult Other,626,,,4900    WADSWORTH                    AV,33.9993,-118.2587,2020.0,3.0,13.0,4.0,0.0,1.0,0,5,0,Night
2708,201308887,03/30/2020 12:00:00 AM,03/30/2020 12:00:00 AM,1805,13,Newton,1371,2,624,BATTERY - SIMPLE ASSAULT,1251 0416 1822,10,M,H,102,SIDEWALK,500.0,UNKNOWN WEAPON/OTHER WEAPON,IC,Invest Cont,624,,,5700 S  BROADWAY,33.9906,-118.2783,2020.0,3.0,30.0,0.0,0.0,1.0,0,18,5,Afternoon
2711,200117334,09-02-2020 00:00,07/25/2020 12:00:00 AM,1100,1,Central,163,1,330,BURGLARY FROM VEHICLE,0386 1822 1607 0329 0344,37,M,W,108,PARKING LOT,,,IC,Invest Cont,330,,,800 S  BROADWAY,34.0434,-118.255,2020.0,7.0,25.0,5.0,0.0,3.0,1,11,0,Morning
2712,200518206,12/25/2020 12:00:00 AM,12/25/2020 12:00:00 AM,1155,5,Harbor,532,2,626,INTIMATE PARTNER - SIMPLE ASSAULT,1813 0400 2000 0913 0602 1821,51,F,O,502,"MULTI-UNIT DWELLING (APARTMENT, DUPLEX, ETC)",400.0,"STRONG-ARM (HANDS, FIST, FEET OR BODILY FORCE)",IC,Invest Cont,626,,,1100 N  WILMINGTON                   BL,33.7843,-118.2746,2020.0,12.0,25.0,4.0,0.0,4.0,0,11,55,Morning
2713,200318101,09/28/2020 12:00:00 AM,09/28/2020 12:00:00 AM,1950,3,Southwest,351,1,420,THEFT FROM MOTOR VEHICLE - PETTY ($950 & UNDER),1606 1822 0344 1300,30,M,F,108,PARKING LOT,,,IC,Invest Cont,420,,,3400 S  LA BREA                      AV,34.0218,-118.3556,2020.0,9.0,28.0,0.0,0.0,3.0,0,19,50,Evening
2715,200606258,02/16/2020 12:00:00 AM,02/16/2020 12:00:00 AM,1500,6,Hollywood,645,2,930,CRIMINAL THREATS - NO WEAPON DISPLAYED,0421 1218 1822,69,M,W,101,STREET,511.0,VERBAL THREAT,IC,Invest Cont,930,,,HOLLYWOOD,34.1016,-118.3414,2020.0,2.0,16.0,6.0,0.0,1.0,1,15,0,Afternoon
2716,200405124,01/29/2020 12:00:00 AM,01/25/2020 12:00:00 AM,145,4,Hollenbeck,421,1,440,THEFT PLAIN - PETTY ($950 & UNDER),344,52,M,H,109,PARK/PLAYGROUND,,,IC,Invest Cont,440,,,ALBION                       ST,34.0692,-118.2223,2020.0,1.0,25.0,5.0,0.0,1.0,1,1,45,Night
2717,200314189,07/14/2020 12:00:00 AM,03/13/2020 12:00:00 AM,1700,3,Southwest,338,1,522,"VEHICLE, STOLEN - OTHER (MOTORIZED SCOOTERS, BIKES, ETC)",0344 1251 1822,20,M,B,116,OTHER/OUTSIDE,,,IC,Invest Cont,522,,,3100    MCCLINTOCK                   AV,34.0274,-118.2851,2020.0,3.0,13.0,4.0,0.0,1.0,0,17,0,Afternoon
2718,201008424,04/27/2020 12:00:00 AM,04/27/2020 12:00:00 AM,400,10,West Valley,1004,2,930,CRIMINAL THREATS - NO WEAPON DISPLAYED,0913 2000 1814 1310 1309 1312 0421 0329 1307,24,F,W,101,STREET,500.0,UNKNOWN WEAPON/OTHER WEAPON,AO,Adult Other,930,,,8100    GARDEN GROVE                 AV,34.2176,-118.5289,2020.0,4.0,27.0,0.0,0.0,2.0,0,4,0,Night
2719,201111457,07/15/2020 12:00:00 AM,07/14/2020 12:00:00 AM,1830,11,Northeast,1129,1,510,VEHICLE - STOLEN,,0,Unknown,,101,STREET,,,IC,Invest Cont,510,,,800 N  AVENUE 65,34.1202,-118.1766,2020.0,7.0,14.0,1.0,0.0,3.0,0,18,30,Afternoon
2720,200313903,06/30/2020 12:00:00 AM,06/30/2020 12:00:00 AM,400,3,Southwest,356,2,745,VANDALISM - MISDEAMEANOR ($399 OR UNDER),1300 0329 0561,58,M,H,122,"VEHICLE, PASSENGER/TRUCK",,,IC,Invest Cont,745,,,1500 W  35TH                         ST,34.0246,-118.3032,2020.0,6.0,30.0,1.0,0.0,2.0,0,4,0,Night
2721,200805192,01/28/2020 12:00:00 AM,01/27/2020 12:00:00 AM,1554,8,West LA,817,1,341,"THEFT-GRAND ($950.01 & OVER)EXCPT,GUNS,FOWL,LIVESTK,PROD",1822 1202 0344 0346,63,F,W,402,MARKET,,,IC,Invest Cont,341,,,10800    WEYBURN                      AV,34.0623,-118.4434,2020.0,1.0,27.0,0.0,0.0,1.0,0,15,54,Afternoon
2722,200409142,05/23/2020 12:00:00 AM,05/22/2020 12:00:00 AM,1900,4,Hollenbeck,408,1,510,VEHICLE - STOLEN,,0,Unknown,,101,STREET,,,IC,Invest Cont,510,,,ROSEMEAD,34.0887,-118.1785,2020.0,5.0,22.0,4.0,0.0,2.0,0,19,0,Evening
2723,201223096,10/22/2020 12:00:00 AM,10/22/2020 12:00:00 AM,830,12,77th Street,1266,2,626,INTIMATE PARTNER - SIMPLE ASSAULT,1814 2000 0913 0416 0444,52,F,H,501,SINGLE FAMILY DWELLING,400.0,"STRONG-ARM (HANDS, FIST, FEET OR BODILY FORCE)",AO,Adult Other,626,,,900 W  80TH                         ST,33.9667,-118.2889,2020.0,10.0,22.0,3.0,0.0,4.0,0,8,30,Morning
2724,200209182,04/21/2020 12:00:00 AM,04/20/2020 12:00:00 AM,600,2,Rampart,249,1,510,VEHICLE - STOLEN,,0,Unknown,,101,STREET,,,IC,Invest Cont,510,,,1100    INGRAHAM                     ST,34.0518,-118.2637,2020.0,4.0,20.0,0.0,0.0,2.0,0,6,0,Night
2725,200122376,12/14/2020 12:00:00 AM,12/14/2020 12:00:00 AM,825,1,Central,111,1,420,THEFT FROM MOTOR VEHICLE - PETTY ($950 & UNDER),,0,Unknown,,707,GARAGE/CARPORT,,,IC,Invest Cont,420,,,800    CLEVELAND                    ST,34.0635,-118.2416,2020.0,12.0,14.0,0.0,0.0,4.0,0,8,25,Morning
2726,201107340,03/14/2020 12:00:00 AM,03/14/2020 12:00:00 AM,1520,11,Northeast,1142,1,761,BRANDISH WEAPON,0334 1822 2004,36,F,H,252,"COFFEE SHOP (STARBUCKS, COFFEE BEAN, PEET'S, ETC.)",211.0,AXE,IC,Invest Cont,761,,,1700 N  VERMONT                      AV,34.1018,-118.2918,2020.0,3.0,14.0,5.0,0.0,1.0,1,15,20,Afternoon
2727,201223732,10/31/2020 12:00:00 AM,10/31/2020 12:00:00 AM,2140,12,77th Street,1259,2,624,BATTERY - SIMPLE ASSAULT,0417 0429 0416 0446 0342 1822 1309,31,M,H,101,STREET,400.0,"STRONG-ARM (HANDS, FIST, FEET OR BODILY FORCE)",IC,Invest Cont,624,,,1000 E  75TH                         ST,33.9721,-118.2574,2020.0,10.0,31.0,5.0,0.0,4.0,1,21,40,Evening
2729,200508896,05-01-2020 00:00,04/30/2020 12:00:00 AM,1800,5,Harbor,563,1,520,VEHICLE - ATTEMPT STOLEN,1612 1300 0329 0344,58,M,H,101,STREET,,,IC,Invest Cont,520,,,11TH,33.7342,-118.2879,2020.0,4.0,30.0,3.0,0.0,2.0,0,18,0,Afternoon
2732,200406941,03/15/2020 12:00:00 AM,03/15/2020 12:00:00 AM,1300,4,Hollenbeck,421,2,740,"VANDALISM - FELONY ($400 & OVER, ALL CHURCH VANDALISMS)",1300 0329,36,F,W,101,STREET,,,IC,Invest Cont,740,,,MAIN                         ST,34.066,-118.2189,2020.0,3.0,15.0,6.0,0.0,1.0,1,13,0,Afternoon
2733,201307157,02/22/2020 12:00:00 AM,02/20/2020 12:00:00 AM,2130,13,Newton,1313,1,330,BURGLARY FROM VEHICLE,344,53,M,W,108,PARKING LOT,,,IC,Invest Cont,330,,,400 E  16TH                         ST,34.0319,-118.2594,2020.0,2.0,20.0,3.0,0.0,1.0,0,21,30,Evening
2735,200311984,05/27/2020 12:00:00 AM,05/21/2020 12:00:00 AM,900,3,Southwest,355,2,664,"BUNCO, PETTY THEFT",1822 0701 0121 0800 1202,68,F,B,501,SINGLE FAMILY DWELLING,,,IC,Invest Cont,664,,,3700 S  WILTON                       PL,34.0203,-118.3148,2020.0,5.0,21.0,3.0,0.0,2.0,0,9,0,Morning
2736,200709780,05/29/2020 12:00:00 AM,05/29/2020 12:00:00 AM,300,7,Wilshire,782,1,310,BURGLARY,344,41,M,W,501,SINGLE FAMILY DWELLING,,,IC,Invest Cont,310,,,5900 W  SPELTHORNE                   LN,34.0412,-118.3711,2020.0,5.0,29.0,4.0,0.0,2.0,0,3,0,Night
2738,200208415,03/31/2020 12:00:00 AM,03/26/2020 12:00:00 AM,1,2,Rampart,237,2,740,"VANDALISM - FELONY ($400 & OVER, ALL CHURCH VANDALISMS)",1300 0329,27,F,H,122,"VEHICLE, PASSENGER/TRUCK",,,IC,Invest Cont,740,,,1400 W  3RD                          ST,34.0621,-118.2619,2020.0,3.0,26.0,3.0,0.0,1.0,0,0,1,Night
2739,200512012,07/18/2020 12:00:00 AM,07/18/2020 12:00:00 AM,1800,5,Harbor,529,1,122,"RAPE, ATTEMPTED",1822 0302 0340 0334 0520,46,F,B,102,SIDEWALK,204.0,FOLDING KNIFE,IC,Invest Cont,122,,,ANAHEIM,33.7808,-118.2469,2020.0,7.0,18.0,5.0,0.0,3.0,1,18,0,Afternoon
2741,200107420,02/19/2020 12:00:00 AM,02/19/2020 12:00:00 AM,650,1,Central,155,1,440,THEFT PLAIN - PETTY ($950 & UNDER),0344 1218 1202 1300 1814,64,M,B,102,SIDEWALK,,,AO,Adult Other,440,,,500    MAPLE                        AV,34.0454,-118.2466,2020.0,2.0,19.0,2.0,0.0,1.0,0,6,50,Night
2742,200114977,07/17/2020 12:00:00 AM,07/17/2020 12:00:00 AM,1800,1,Central,111,1,510,VEHICLE - STOLEN,,0,Unknown,,101,STREET,,,IC,Invest Cont,510,,,600    NEW DEPOT                    ST,34.065,-118.2418,2020.0,7.0,17.0,4.0,0.0,3.0,0,18,0,Afternoon
2744,200505944,02/15/2020 12:00:00 AM,01/16/2020 12:00:00 AM,1200,5,Harbor,557,2,740,"VANDALISM - FELONY ($400 & OVER, ALL CHURCH VANDALISMS)",0329 0603,57,M,W,502,"MULTI-UNIT DWELLING (APARTMENT, DUPLEX, ETC)",,,AA,Adult Arrest,740,,,800 W  3RD                          ST,33.7415,-118.2945,2020.0,1.0,16.0,3.0,0.0,1.0,0,12,0,Morning
2745,200709618,05/25/2020 12:00:00 AM,05/24/2020 12:00:00 AM,2100,7,Wilshire,702,1,310,BURGLARY,1822 1609 0321 0344,49,M,H,210,RESTAURANT/FAST FOOD,,,IC,Invest Cont,310,,,7400    MELROSE                      AV,34.0836,-118.3511,2020.0,5.0,24.0,6.0,0.0,2.0,1,21,0,Evening
2748,200204731,01/15/2020 12:00:00 AM,01/14/2020 12:00:00 AM,1535,2,Rampart,245,2,662,"BUNCO, GRAND THEFT",0701 0800,28,F,H,502,"MULTI-UNIT DWELLING (APARTMENT, DUPLEX, ETC)",,,IC,Invest Cont,662,,,300 S  ALVARADO                     ST,34.061,-118.2775,2020.0,1.0,14.0,1.0,0.0,1.0,0,15,35,Afternoon
2749,200206608,02/21/2020 12:00:00 AM,02/21/2020 12:00:00 AM,930,2,Rampart,266,2,624,BATTERY - SIMPLE ASSAULT,0913 1817 0416,40,M,W,502,"MULTI-UNIT DWELLING (APARTMENT, DUPLEX, ETC)",400.0,"STRONG-ARM (HANDS, FIST, FEET OR BODILY FORCE)",IC,Invest Cont,624,,,700    BEACON                       AV,34.0544,-118.2723,2020.0,2.0,21.0,4.0,0.0,1.0,0,9,30,Morning
2750,200416134,12/21/2020 12:00:00 AM,12/21/2020 12:00:00 AM,800,4,Hollenbeck,402,2,901,VIOLATION OF RESTRAINING ORDER,2038,24,F,H,101,STREET,,,AA,Adult Arrest,901,,,4400    BERENICE                     AV,34.092,-118.2028,2020.0,12.0,21.0,0.0,0.0,4.0,0,8,0,Morning
2752,200707399,03/14/2020 12:00:00 AM,03/13/2020 12:00:00 AM,2121,7,Wilshire,701,1,330,BURGLARY FROM VEHICLE,0344 0329 1609,49,F,A,101,STREET,,,IC,Invest Cont,330,,,600 N  FAIRFAX                      AV,34.0847,-118.3686,2020.0,3.0,13.0,4.0,0.0,1.0,0,21,21,Evening
2754,201115716,11/14/2020 12:00:00 AM,11/13/2020 12:00:00 AM,1300,11,Northeast,1105,1,230,"ASSAULT WITH DEADLY WEAPON, AGGRAVATED ASSAULT",1310 0400 0416 0913 1813 2000,39,F,H,101,STREET,307.0,VEHICLE,IC,Invest Cont,230,,,COLORADO                     BL,34.14,-118.219,2020.0,11.0,13.0,4.0,0.0,4.0,0,13,0,Afternoon
2755,201104757,01/18/2020 12:00:00 AM,01/18/2020 12:00:00 AM,915,11,Northeast,1145,1,330,BURGLARY FROM VEHICLE,0344 1307,63,M,W,101,STREET,,,IC,Invest Cont,330,,,2300    RIVERSIDE                    DR,34.1034,-118.2524,2020.0,1.0,18.0,5.0,0.0,1.0,1,9,15,Morning
2756,200112641,06-01-2020 00:00,05/30/2020 12:00:00 AM,400,1,Central,162,2,740,"VANDALISM - FELONY ($400 & OVER, ALL CHURCH VANDALISMS)",329,48,F,W,203,OTHER BUSINESS,,,IC,Invest Cont,740,,,7TH,34.0487,-118.2588,2020.0,5.0,30.0,5.0,0.0,2.0,1,4,0,Night
2757,200808587,04/22/2020 12:00:00 AM,04/22/2020 12:00:00 AM,224,8,West LA,835,1,331,THEFT FROM MOTOR VEHICLE - GRAND ($950.01 AND OVER),0344 0346,34,M,W,101,STREET,,,IC,Invest Cont,331,,,2000    MIDVALE                      AV,34.0462,-118.4351,2020.0,4.0,22.0,2.0,0.0,2.0,0,2,24,Night
2759,200322234,12/24/2020 12:00:00 AM,12/24/2020 12:00:00 AM,145,3,Southwest,308,2,932,PEEPING TOM,1822 0216 1501,57,F,B,502,"MULTI-UNIT DWELLING (APARTMENT, DUPLEX, ETC)",,,IC,Invest Cont,932,,,2300    PORTLAND                     ST,34.0334,-118.2813,2020.0,12.0,24.0,3.0,0.0,4.0,0,1,45,Night
2760,200206579,02/20/2020 12:00:00 AM,02/20/2020 12:00:00 AM,1900,2,Rampart,245,2,900,VIOLATION OF COURT ORDER,0913 2038 0603 2004,0,F,O,502,"MULTI-UNIT DWELLING (APARTMENT, DUPLEX, ETC)",400.0,"STRONG-ARM (HANDS, FIST, FEET OR BODILY FORCE)",IC,Invest Cont,900,,,2500 W  6TH                          ST,34.0616,-118.2794,2020.0,2.0,20.0,3.0,0.0,1.0,0,19,0,Evening
2761,200812181,07/22/2020 12:00:00 AM,07/21/2020 12:00:00 AM,2100,8,West LA,859,1,330,BURGLARY FROM VEHICLE,1822 0344 1602,0,X,X,101,STREET,,,IC,Invest Cont,330,,,8500    ALCOTT                       ST,34.0524,-118.3762,2020.0,7.0,21.0,1.0,0.0,3.0,0,21,0,Evening
2767,200407269,03/25/2020 12:00:00 AM,03/25/2020 12:00:00 AM,1425,4,Hollenbeck,467,1,330,BURGLARY FROM VEHICLE,1302 0344,49,M,H,203,OTHER BUSINESS,,,IC,Invest Cont,330,,,2700 E  1ST                          ST,34.0421,-118.206,2020.0,3.0,25.0,2.0,0.0,1.0,0,14,25,Afternoon
2768,200306764,02/16/2020 12:00:00 AM,02/13/2020 12:00:00 AM,1,3,Southwest,313,1,420,THEFT FROM MOTOR VEHICLE - PETTY ($950 & UNDER),,0,Unknown,,101,STREET,,,IC,Invest Cont,420,,,BRONSON,34.0326,-118.3337,2020.0,2.0,13.0,3.0,0.0,1.0,0,0,1,Night
2770,201308747,03/27/2020 12:00:00 AM,03/27/2020 12:00:00 AM,1159,13,Newton,1317,1,341,"THEFT-GRAND ($950.01 & OVER)EXCPT,GUNS,FOWL,LIVESTK,PROD",344,44,M,O,108,PARKING LOT,,,IC,Invest Cont,341,,,1400    LONG BEACH                   AV,34.026,-118.2412,2020.0,3.0,27.0,4.0,0.0,1.0,0,11,59,Morning
2771,200911558,06/25/2020 12:00:00 AM,06/25/2020 12:00:00 AM,315,9,Van Nuys,909,1,310,BURGLARY,0352 1606 0344 1300,27,F,W,707,GARAGE/CARPORT,,,IC,Invest Cont,310,,,13700    COHASSET                     ST,34.2066,-118.4326,2020.0,6.0,25.0,3.0,0.0,2.0,0,3,15,Night
2772,200313358,06/28/2020 12:00:00 AM,06/28/2020 12:00:00 AM,1740,3,Southwest,358,1,210,ROBBERY,1822 0342 0344 0346 0444 0301 0910 2049 2051,48,F,H,102,SIDEWALK,400.0,"STRONG-ARM (HANDS, FIST, FEET OR BODILY FORCE)",IC,Invest Cont,210,,,EXPOSITION                   BL,34.0183,-118.2915,2020.0,6.0,28.0,6.0,0.0,2.0,1,17,40,Afternoon
2773,200806390,02/21/2020 12:00:00 AM,02/21/2020 12:00:00 AM,300,8,West LA,807,2,740,"VANDALISM - FELONY ($400 & OVER, ALL CHURCH VANDALISMS)",1202 0329 1609 1822,60,F,W,501,SINGLE FAMILY DWELLING,,,IC,Invest Cont,740,,,1000    MAYBROOK                     DR,34.0896,-118.4306,2020.0,2.0,21.0,4.0,0.0,1.0,0,3,0,Night
2775,200712160,07/29/2020 12:00:00 AM,07/26/2020 12:00:00 AM,1500,7,Wilshire,765,1,330,BURGLARY FROM VEHICLE,1822 0344 0386 1300,30,M,W,101,STREET,,,IC,Invest Cont,330,,,1200 S  SYCAMORE                     AV,34.0513,-118.3468,2020.0,7.0,26.0,6.0,0.0,3.0,1,15,0,Afternoon
2777,200405300,02-03-2020 00:00,01/31/2020 12:00:00 AM,2218,4,Hollenbeck,445,1,440,THEFT PLAIN - PETTY ($950 & UNDER),0344 1813 0913,41,F,H,502,"MULTI-UNIT DWELLING (APARTMENT, DUPLEX, ETC)",,,IC,Invest Cont,440,,,1000    KINGSTON                     AV,34.056,-118.2101,2020.0,1.0,31.0,4.0,0.0,1.0,0,22,18,Evening
2779,200208239,03/26/2020 12:00:00 AM,03/25/2020 12:00:00 AM,1800,2,Rampart,237,1,510,VEHICLE - STOLEN,,0,Unknown,,101,STREET,,,IC,Invest Cont,510,,,1200 W  3RD                          ST,34.0621,-118.2619,2020.0,3.0,25.0,2.0,0.0,1.0,0,18,0,Afternoon
2780,201307464,03-02-2020 00:00,02/29/2020 12:00:00 AM,1215,13,Newton,1343,1,420,THEFT FROM MOTOR VEHICLE - PETTY ($950 & UNDER),0329 0344,39,M,H,102,SIDEWALK,,,IC,Invest Cont,420,,,4000 S  SAN PEDRO                    ST,34.0112,-118.268,2020.0,2.0,29.0,5.0,0.0,1.0,1,12,15,Morning
2783,201112634,08/19/2020 12:00:00 AM,08/18/2020 12:00:00 AM,2148,11,Northeast,1162,1,310,BURGLARY,1609 0329 0321,0,X,X,203,OTHER BUSINESS,,,IC,Invest Cont,310,,,4000 W  SUNSET                       BL,34.0928,-118.2807,2020.0,8.0,18.0,1.0,0.0,3.0,0,21,48,Evening
2784,201221386,09/24/2020 12:00:00 AM,09/24/2020 12:00:00 AM,1730,12,77th Street,1239,2,626,INTIMATE PARTNER - SIMPLE ASSAULT,2000 1813 0913 1309 2002 0448 0432,44,F,H,501,SINGLE FAMILY DWELLING,400.0,"STRONG-ARM (HANDS, FIST, FEET OR BODILY FORCE)",AO,Adult Other,626,,,1100 W  62ND                         ST,33.9863,-118.2881,2020.0,9.0,24.0,3.0,0.0,3.0,0,17,30,Afternoon
2785,201105334,01/31/2020 12:00:00 AM,01/30/2020 12:00:00 AM,1930,11,Northeast,1172,1,331,THEFT FROM MOTOR VEHICLE - GRAND ($950.01 AND OVER),0344 0385,30,M,W,101,STREET,,,IC,Invest Cont,331,,,2000    ROCKFORD                     RD,34.0937,-118.2629,2020.0,1.0,30.0,3.0,0.0,1.0,0,19,30,Evening
2786,201016165,12/17/2020 12:00:00 AM,12/16/2020 12:00:00 AM,740,10,West Valley,1008,1,510,VEHICLE - STOLEN,,0,Unknown,,101,STREET,,,IC,Invest Cont,510,,,16600    VALERIO                      ST,34.2048,-118.4957,2020.0,12.0,16.0,2.0,0.0,4.0,0,7,40,Morning
2789,200112317,05/29/2020 12:00:00 AM,05/28/2020 12:00:00 AM,2330,1,Central,164,1,210,ROBBERY,0344 1218 0334 2034 1822,42,M,W,102,SIDEWALK,512.0,MACE/PEPPER SPRAY,IC,Invest Cont,210,,,7TH,34.0433,-118.2504,2020.0,5.0,28.0,3.0,0.0,2.0,0,23,30,Evening
2792,200716209,11/21/2020 12:00:00 AM,11/21/2020 12:00:00 AM,205,7,Wilshire,736,2,745,VANDALISM - MISDEAMEANOR ($399 OR UNDER),0345 1607 1501,36,F,O,502,"MULTI-UNIT DWELLING (APARTMENT, DUPLEX, ETC)",,,IC,Invest Cont,745,,,400 S  CLOVERDALE                   AV,34.0649,-118.3462,2020.0,11.0,21.0,5.0,0.0,4.0,1,2,5,Night
2793,200604603,01/14/2020 12:00:00 AM,01/13/2020 12:00:00 AM,2030,6,Hollywood,676,1,330,BURGLARY FROM VEHICLE,1307 0344,41,F,O,101,STREET,,,IC,Invest Cont,330,,,700    WILCOX                       AV,34.0835,-118.331,2020.0,1.0,13.0,0.0,0.0,1.0,0,20,30,Evening
2794,200910089,05/24/2020 12:00:00 AM,05/23/2020 12:00:00 AM,1230,9,Van Nuys,915,1,330,BURGLARY FROM VEHICLE,0358 1307 0344,68,M,W,707,GARAGE/CARPORT,,,IC,Invest Cont,330,,,14400    SHERMAN                      WY,34.2012,-118.4462,2020.0,5.0,23.0,5.0,0.0,2.0,1,12,30,Morning
2795,200616033,09/29/2020 12:00:00 AM,09/28/2020 12:00:00 AM,1800,6,Hollywood,667,1,510,VEHICLE - STOLEN,,0,Unknown,,101,STREET,,,IC,Invest Cont,510,,,LEXINGTON                    AV,34.0926,-118.3223,2020.0,9.0,28.0,0.0,0.0,3.0,0,18,0,Afternoon
2797,200206200,02/13/2020 12:00:00 AM,02/13/2020 12:00:00 AM,2045,2,Rampart,246,2,624,BATTERY - SIMPLE ASSAULT,1202 2033 2011 2048 0910 1822 1218 0416,70,M,W,904,MTA - RED LINE - WESTLAKE/MACARTHUR PARK,400.0,"STRONG-ARM (HANDS, FIST, FEET OR BODILY FORCE)",IC,Invest Cont,624,,,600 S  ALVARADO                     ST,34.0596,-118.2749,2020.0,2.0,13.0,3.0,0.0,1.0,0,20,45,Evening
2799,200618978,12-08-2020 00:00,11/26/2020 12:00:00 AM,1200,6,Hollywood,625,1,510,VEHICLE - STOLEN,,0,Unknown,,108,PARKING LOT,,,IC,Invest Cont,510,,,2300 N  HIGHLAND                     AV,34.1107,-118.3364,2020.0,11.0,26.0,3.0,0.0,4.0,0,12,0,Morning
2801,201016378,12/19/2020 12:00:00 AM,12/18/2020 12:00:00 AM,1630,10,West Valley,1029,1,330,BURGLARY FROM VEHICLE,1822 0344 1601 1300,38,M,H,101,STREET,,,IC,Invest Cont,330,,,15800    HART                         ST,34.1976,-118.4771,2020.0,12.0,18.0,4.0,0.0,4.0,0,16,30,Afternoon
2802,201008103,04/16/2020 12:00:00 AM,04/13/2020 12:00:00 AM,1000,10,West Valley,1047,1,420,THEFT FROM MOTOR VEHICLE - PETTY ($950 & UNDER),0386 0344 1202 1822 1606 0321,87,F,W,108,PARKING LOT,,,IC,Invest Cont,420,,,17100    BURBANK                      BL,34.1723,-118.5055,2020.0,4.0,13.0,0.0,0.0,2.0,0,10,0,Morning
2803,200112134,05/25/2020 12:00:00 AM,05/23/2020 12:00:00 AM,1500,1,Central,185,1,230,"ASSAULT WITH DEADLY WEAPON, AGGRAVATED ASSAULT",0431 1822,40,F,H,102,SIDEWALK,512.0,MACE/PEPPER SPRAY,IC,Invest Cont,230,,,300 E  12TH                         ST,34.0363,-118.2573,2020.0,5.0,23.0,5.0,0.0,2.0,1,15,0,Afternoon
2806,200215353,09/15/2020 12:00:00 AM,09/15/2020 12:00:00 AM,1605,2,Rampart,218,2,740,"VANDALISM - FELONY ($400 & OVER, ALL CHURCH VANDALISMS)",0329 1210 1609 1307,38,F,A,122,"VEHICLE, PASSENGER/TRUCK",,,IC,Invest Cont,740,,,1200    DOUGLAS                      ST,34.0726,-118.2578,2020.0,9.0,15.0,1.0,0.0,3.0,0,16,5,Afternoon
2807,200513199,08/20/2020 12:00:00 AM,08/17/2020 12:00:00 AM,1600,5,Harbor,507,1,420,THEFT FROM MOTOR VEHICLE - PETTY ($950 & UNDER),,0,Unknown,,101,STREET,,,IC,Invest Cont,420,,,228TH,33.819,-118.3037,2020.0,8.0,17.0,0.0,0.0,3.0,0,16,0,Afternoon
2808,200109200,03/15/2020 12:00:00 AM,03/15/2020 12:00:00 AM,1844,1,Central,134,1,230,"ASSAULT WITH DEADLY WEAPON, AGGRAVATED ASSAULT",0416 0445 2004 1822 1266,26,M,B,102,SIDEWALK,312.0,PIPE/METAL PIPE,AA,Adult Arrest,230,,,300 S  BROADWAY,34.051,-118.248,2020.0,3.0,15.0,6.0,0.0,1.0,1,18,44,Afternoon
2809,200412032,08/22/2020 12:00:00 AM,08/22/2020 12:00:00 AM,830,4,Hollenbeck,469,2,930,CRIMINAL THREATS - NO WEAPON DISPLAYED,0444 0421,64,F,H,501,SINGLE FAMILY DWELLING,511.0,VERBAL THREAT,IC,Invest Cont,930,,,3400    GLEASON                      AV,34.0354,-118.1936,2020.0,8.0,22.0,5.0,0.0,3.0,1,8,30,Morning
2810,200709531,05/22/2020 12:00:00 AM,05/22/2020 12:00:00 AM,1925,7,Wilshire,743,1,510,VEHICLE - STOLEN,,0,Unknown,,104,DRIVEWAY,,,IC,Invest Cont,510,,,800 S  STANLEY                      AV,34.0608,-118.3566,2020.0,5.0,22.0,4.0,0.0,2.0,0,19,25,Evening
2812,200608919,04-09-2020 00:00,03/24/2020 12:00:00 AM,1500,6,Hollywood,646,2,668,"EMBEZZLEMENT, GRAND THEFT ($950.01 & OVER)",,0,Unknown,,203,OTHER BUSINESS,,,IC,Invest Cont,668,,,6600 W  SUNSET                       BL,34.098,-118.3332,2020.0,3.0,24.0,1.0,0.0,1.0,0,15,0,Afternoon
2813,200206257,02/14/2020 12:00:00 AM,02/13/2020 12:00:00 AM,1845,2,Rampart,221,2,740,"VANDALISM - FELONY ($400 & OVER, ALL CHURCH VANDALISMS)",0329 1822,0,X,X,210,RESTAURANT/FAST FOOD,312.0,PIPE/METAL PIPE,AA,Adult Arrest,740,,,3800    BEVERLY                      BL,34.0777,-118.2961,2020.0,2.0,13.0,3.0,0.0,1.0,0,18,45,Afternoon
2815,200506238,02/22/2020 12:00:00 AM,02/22/2020 12:00:00 AM,1105,5,Harbor,505,1,510,VEHICLE - STOLEN,,0,Unknown,,101,STREET,,,IC,Invest Cont,510,,,19700    PACIFIC GATEWAY              DR,33.8524,-118.2953,2020.0,2.0,22.0,5.0,0.0,1.0,1,11,5,Morning
2816,200911311,06/20/2020 12:00:00 AM,06/20/2020 12:00:00 AM,100,9,Van Nuys,926,2,624,BATTERY - SIMPLE ASSAULT,400,27,M,H,502,"MULTI-UNIT DWELLING (APARTMENT, DUPLEX, ETC)",400.0,"STRONG-ARM (HANDS, FIST, FEET OR BODILY FORCE)",AA,Adult Arrest,624,,,14300    VANOWEN                      ST,34.1939,-118.4444,2020.0,6.0,20.0,5.0,0.0,2.0,1,1,0,Night
2820,200208104,03/22/2020 12:00:00 AM,03/22/2020 12:00:00 AM,1520,2,Rampart,218,1,440,THEFT PLAIN - PETTY ($950 & UNDER),1822 0344 0352,45,F,H,502,"MULTI-UNIT DWELLING (APARTMENT, DUPLEX, ETC)",,,IC,Invest Cont,440,,,1500    BELLEVUE                     AV,34.0693,-118.2582,2020.0,3.0,22.0,6.0,0.0,1.0,1,15,20,Afternoon
2821,201308077,03/13/2020 12:00:00 AM,03/13/2020 12:00:00 AM,1530,13,Newton,1317,2,626,INTIMATE PARTNER - SIMPLE ASSAULT,1310 2000 0354 0444 0913 1814 1218,19,F,H,108,PARKING LOT,500.0,UNKNOWN WEAPON/OTHER WEAPON,IC,Invest Cont,626,,,1600    COMPTON                      AV,34.0234,-118.2438,2020.0,3.0,13.0,4.0,0.0,1.0,0,15,30,Afternoon
2822,201111688,07/21/2020 12:00:00 AM,07/20/2020 12:00:00 AM,730,11,Northeast,1162,1,510,VEHICLE - STOLEN,,0,Unknown,,101,STREET,,,IC,Invest Cont,510,,,SUNSET                       BL,34.0947,-118.2828,2020.0,7.0,20.0,0.0,0.0,3.0,0,7,30,Morning
2823,200612982,07/22/2020 12:00:00 AM,07/22/2020 12:00:00 AM,1750,6,Hollywood,666,1,210,ROBBERY,0945 0344 1822 1300,0,X,X,203,OTHER BUSINESS,400.0,"STRONG-ARM (HANDS, FIST, FEET OR BODILY FORCE)",AO,Adult Other,210,,,6100 W  SUNSET                       BL,34.098,-118.3228,2020.0,7.0,22.0,2.0,0.0,3.0,0,17,50,Afternoon
2824,200714137,09/22/2020 12:00:00 AM,09/22/2020 12:00:00 AM,1300,7,Wilshire,722,1,341,"THEFT-GRAND ($950.01 & OVER)EXCPT,GUNS,FOWL,LIVESTK,PROD",325,19,M,O,203,OTHER BUSINESS,,,IC,Invest Cont,341,,,8400 W  3RD                          ST,34.073,-118.3732,2020.0,9.0,22.0,1.0,0.0,3.0,0,13,0,Afternoon
2826,201008437,04/27/2020 12:00:00 AM,04/26/2020 12:00:00 AM,1500,10,West Valley,1019,1,420,THEFT FROM MOTOR VEHICLE - PETTY ($950 & UNDER),0344 1300,34,M,H,101,STREET,,,IC,Invest Cont,420,,,7500    HASKELL                      AV,34.2067,-118.4749,2020.0,4.0,26.0,6.0,0.0,2.0,1,15,0,Afternoon
2827,200311690,05/22/2020 12:00:00 AM,05/21/2020 12:00:00 AM,1930,3,Southwest,359,2,745,VANDALISM - MISDEAMEANOR ($399 OR UNDER),0329 1307,39,M,A,122,"VEHICLE, PASSENGER/TRUCK",,,IC,Invest Cont,745,,,3500 S  FLOWER                       ST,34.0199,-118.2797,2020.0,5.0,21.0,3.0,0.0,2.0,0,19,30,Evening
2828,200513561,08/30/2020 12:00:00 AM,08/29/2020 12:00:00 AM,1700,5,Harbor,503,1,510,VEHICLE - STOLEN,,0,Unknown,,101,STREET,,,IC,Invest Cont,510,,,1000    BAYVIEW                      LN,33.7915,-118.294,2020.0,8.0,29.0,5.0,0.0,3.0,1,17,0,Afternoon
2829,200210681,05/26/2020 12:00:00 AM,05/18/2020 12:00:00 AM,2315,2,Rampart,211,2,745,VANDALISM - MISDEAMEANOR ($399 OR UNDER),1822 0329,38,M,H,122,"VEHICLE, PASSENGER/TRUCK",,,IC,Invest Cont,745,,,BERENDO                      ST,34.0818,-118.2941,2020.0,5.0,18.0,0.0,0.0,2.0,0,23,15,Evening
2835,200708306,04/15/2020 12:00:00 AM,04/14/2020 12:00:00 AM,1930,7,Wilshire,702,1,341,"THEFT-GRAND ($950.01 & OVER)EXCPT,GUNS,FOWL,LIVESTK,PROD",344,42,M,W,108,PARKING LOT,,,IC,Invest Cont,341,,,7400    MELROSE                      AV,34.0836,-118.3511,2020.0,4.0,14.0,1.0,0.0,2.0,0,19,30,Evening
2836,200604723,01/17/2020 12:00:00 AM,01/16/2020 12:00:00 AM,2230,6,Hollywood,666,1,420,THEFT FROM MOTOR VEHICLE - PETTY ($950 & UNDER),,0,Unknown,,101,STREET,,,IC,Invest Cont,420,,,DE LONGPRE                   ST,34.0962,-118.331,2020.0,1.0,16.0,3.0,0.0,1.0,0,22,30,Evening
2837,200910168,05/26/2020 12:00:00 AM,05/26/2020 12:00:00 AM,655,9,Van Nuys,941,2,745,VANDALISM - MISDEAMEANOR ($399 OR UNDER),0329 2004,68,M,W,702,OFFICE BUILDING/OFFICE,,,IC,Invest Cont,745,,,15200    BURBANK                      BL,34.1766,-118.4589,2020.0,5.0,26.0,1.0,0.0,2.0,0,6,55,Night
2838,200907927,03/28/2020 12:00:00 AM,03/26/2020 12:00:00 AM,300,9,Van Nuys,916,1,121,"RAPE, FORCIBLE",0533 1259 0940 0913 1417 1402,12,F,W,103,ALLEY,400.0,"STRONG-ARM (HANDS, FIST, FEET OR BODILY FORCE)",JA,Juv Arrest,121,998.0,,HAZELTINE                    AV,34.2012,-118.44,2020.0,3.0,26.0,3.0,0.0,1.0,0,3,0,Night
2840,200208267,03/26/2020 12:00:00 AM,03/20/2020 12:00:00 AM,230,2,Rampart,231,1,310,BURGLARY,1202 1607 0342 0344 1309 1822 0202 0216,78,F,W,502,"MULTI-UNIT DWELLING (APARTMENT, DUPLEX, ETC)",,,IC,Invest Cont,310,,,200 S  VENDOME                      ST,34.0703,-118.2832,2020.0,3.0,20.0,4.0,0.0,1.0,0,2,30,Night
2842,200319656,10/31/2020 12:00:00 AM,10/31/2020 12:00:00 AM,520,3,Southwest,315,1,230,"ASSAULT WITH DEADLY WEAPON, AGGRAVATED ASSAULT",0360 0408 0419 0421 0448 0561 0913 1242 0416 0446,48,F,B,502,"MULTI-UNIT DWELLING (APARTMENT, DUPLEX, ETC)",400.0,"STRONG-ARM (HANDS, FIST, FEET OR BODILY FORCE)",AA,Adult Arrest,230,,,2100 W  25TH                         ST,34.0338,-118.3155,2020.0,10.0,31.0,5.0,0.0,4.0,1,5,20,Night
2844,200313398,06/29/2020 12:00:00 AM,06/28/2020 12:00:00 AM,2300,3,Southwest,396,1,510,VEHICLE - STOLEN,,0,Unknown,,101,STREET,,,IC,Invest Cont,510,,,800 W  41ST                         ST,34.0092,-118.29,2020.0,6.0,28.0,6.0,0.0,2.0,1,23,0,Evening
2845,200108027,02/27/2020 12:00:00 AM,02/21/2020 12:00:00 AM,1800,1,Central,156,2,624,BATTERY - SIMPLE ASSAULT,0416 1218 1822 1414,55,F,A,517,MISSIONS/SHELTERS,400.0,"STRONG-ARM (HANDS, FIST, FEET OR BODILY FORCE)",IC,Invest Cont,624,,,500 S  SAN PEDRO                    ST,34.0437,-118.2455,2020.0,2.0,21.0,4.0,0.0,1.0,0,18,0,Afternoon
2847,200207057,02/29/2020 12:00:00 AM,02/28/2020 12:00:00 AM,2230,2,Rampart,257,2,740,"VANDALISM - FELONY ($400 & OVER, ALL CHURCH VANDALISMS)",329,31,F,W,122,"VEHICLE, PASSENGER/TRUCK",,,IC,Invest Cont,740,,,1300 W  7TH                          ST,34.0552,-118.2675,2020.0,2.0,28.0,4.0,0.0,1.0,0,22,30,Evening
2848,200708752,04/29/2020 12:00:00 AM,04/29/2020 12:00:00 AM,915,7,Wilshire,701,1,230,"ASSAULT WITH DEADLY WEAPON, AGGRAVATED ASSAULT",0400 0416 0913,37,M,W,501,SINGLE FAMILY DWELLING,212.0,BOTTLE,AO,Adult Other,230,,,700 N  HAYWORTH                     AV,34.0838,-118.3627,2020.0,4.0,29.0,2.0,0.0,2.0,0,9,15,Morning
2849,200118373,09/22/2020 12:00:00 AM,09/22/2020 12:00:00 AM,615,1,Central,154,1,330,BURGLARY FROM VEHICLE,1202 1822 1609 1307 0344 0329,69,M,H,123,PARKING UNDERGROUND/BUILDING,,,IC,Invest Cont,330,,,500 S  MAIN                         ST,34.0465,-118.2488,2020.0,9.0,22.0,1.0,0.0,3.0,0,6,15,Night
2852,200705491,02-01-2020 00:00,01/31/2020 12:00:00 AM,2200,7,Wilshire,723,1,331,THEFT FROM MOTOR VEHICLE - GRAND ($950.01 AND OVER),1300 1601 0344,55,M,W,501,SINGLE FAMILY DWELLING,,,IC,Invest Cont,331,,,100 S  LA JOLLA                     AV,34.0743,-118.3679,2020.0,1.0,31.0,4.0,0.0,1.0,0,22,0,Evening
2857,200209042,04/16/2020 12:00:00 AM,04/15/2020 12:00:00 AM,1600,2,Rampart,248,1,341,"THEFT-GRAND ($950.01 & OVER)EXCPT,GUNS,FOWL,LIVESTK,PROD",0344 0394,18,M,H,502,"MULTI-UNIT DWELLING (APARTMENT, DUPLEX, ETC)",,,IC,Invest Cont,341,,,300    LOMA                         DR,34.0599,-118.2655,2020.0,4.0,15.0,2.0,0.0,2.0,0,16,0,Afternoon
2858,200314487,07/20/2020 12:00:00 AM,07/20/2020 12:00:00 AM,2130,3,Southwest,363,2,626,INTIMATE PARTNER - SIMPLE ASSAULT,2000 0913 1813 1243 0408 0444 0429,45,F,B,502,"MULTI-UNIT DWELLING (APARTMENT, DUPLEX, ETC)",400.0,"STRONG-ARM (HANDS, FIST, FEET OR BODILY FORCE)",AO,Adult Other,626,,,4000    WEST                         BL,34.0107,-118.3467,2020.0,7.0,20.0,0.0,0.0,3.0,0,21,30,Evening
2859,201011305,07/24/2020 12:00:00 AM,07/24/2020 12:00:00 AM,850,10,West Valley,1018,1,330,BURGLARY FROM VEHICLE,1609 1822 0344,43,M,O,108,PARKING LOT,,,IC,Invest Cont,330,,,15800    STRATHERN                    ST,34.2157,-118.4771,2020.0,7.0,24.0,4.0,0.0,3.0,0,8,50,Morning
2860,200508417,04/18/2020 12:00:00 AM,04/18/2020 12:00:00 AM,535,5,Harbor,504,1,520,VEHICLE - ATTEMPT STOLEN,1612 0358 1302 1300 1309 0329,52,M,H,101,STREET,,,IC,Invest Cont,520,,,20900    HALLDALE                     AV,33.84,-118.3017,2020.0,4.0,18.0,5.0,0.0,2.0,1,5,35,Night
2864,200611374,06/13/2020 12:00:00 AM,06/13/2020 12:00:00 AM,945,6,Hollywood,625,2,626,INTIMATE PARTNER - SIMPLE ASSAULT,0400 0416 0445 2000 2004 1218 1814 1402,35,F,W,101,STREET,500.0,UNKNOWN WEAPON/OTHER WEAPON,AO,Adult Other,626,998.0,,LAS PALMAS,34.1052,-118.3361,2020.0,6.0,13.0,5.0,0.0,2.0,1,9,45,Morning
2866,200513596,08/31/2020 12:00:00 AM,08/17/2020 12:00:00 AM,700,5,Harbor,507,2,740,"VANDALISM - FELONY ($400 & OVER, ALL CHURCH VANDALISMS)",329,0,X,X,210,RESTAURANT/FAST FOOD,,,IC,Invest Cont,740,,,1500 W  SEPULVEDA                    BL,33.8153,-118.3038,2020.0,8.0,17.0,0.0,0.0,3.0,0,7,0,Morning
2867,200200528,01/19/2020 12:00:00 AM,01/19/2020 12:00:00 AM,1300,2,Rampart,245,2,946,OTHER MISCELLANEOUS CRIME,0329 1402 1601 1300,31,M,H,101,STREET,,,IC,Invest Cont,946,998.0,,400    GRAND VIEW                   ST,34.063,-118.2753,2020.0,1.0,19.0,6.0,0.0,1.0,1,13,0,Afternoon
2868,200114778,07/13/2020 12:00:00 AM,07/13/2020 12:00:00 AM,1430,1,Central,192,1,330,BURGLARY FROM VEHICLE,1609 1307 0344 0329,66,F,B,101,STREET,,,IC,Invest Cont,330,,,1400 S  GRAND                        AV,34.0369,-118.2655,2020.0,7.0,13.0,0.0,0.0,3.0,0,14,30,Afternoon
2869,200210392,05/19/2020 12:00:00 AM,05/19/2020 12:00:00 AM,1730,2,Rampart,245,2,624,BATTERY - SIMPLE ASSAULT,0416 0446 0401 0603 0361 0913 0319,25,F,B,515,APARTMENT/CONDO COMMON LAUNDRY ROOM,400.0,"STRONG-ARM (HANDS, FIST, FEET OR BODILY FORCE)",IC,Invest Cont,624,,,400    GRAND VIEW                   ST,34.063,-118.2753,2020.0,5.0,19.0,1.0,0.0,2.0,0,17,30,Afternoon
2871,200707581,03/18/2020 12:00:00 AM,03/18/2020 12:00:00 AM,1955,7,Wilshire,711,1,220,ATTEMPTED ROBBERY,1300 0355 1402,20,M,W,122,"VEHICLE, PASSENGER/TRUCK",113.0,SIMULATED GUN,IC,Invest Cont,220,998.0,,ROSEWOOD,34.0802,-118.3614,2020.0,3.0,18.0,2.0,0.0,1.0,0,19,55,Evening
2873,200910260,05/28/2020 12:00:00 AM,05/28/2020 12:00:00 AM,1430,9,Van Nuys,963,2,624,BATTERY - SIMPLE ASSAULT,0416 0446 0429 1822 1420,43,M,W,108,PARKING LOT,400.0,"STRONG-ARM (HANDS, FIST, FEET OR BODILY FORCE)",AA,Adult Arrest,624,,,14800    MAGNOLIA                     BL,34.1649,-118.4557,2020.0,5.0,28.0,3.0,0.0,2.0,0,14,30,Afternoon
2875,201115143,10/27/2020 12:00:00 AM,10/27/2020 12:00:00 AM,756,11,Northeast,1136,1,331,THEFT FROM MOTOR VEHICLE - GRAND ($950.01 AND OVER),385,28,F,H,108,PARKING LOT,,,IC,Invest Cont,331,,,4200    EAGLE ROCK                   BL,34.1218,-118.2251,2020.0,10.0,27.0,1.0,0.0,4.0,0,7,56,Morning
2877,201004956,01/23/2020 12:00:00 AM,01/23/2020 12:00:00 AM,800,10,West Valley,1061,1,236,INTIMATE PARTNER - AGGRAVATED ASSAULT,1309 1310 2038 2000 0913 1813,31,F,H,101,STREET,307.0,VEHICLE,AA,Adult Arrest,236,,,TAMPA                        AV,34.1687,-118.5579,2020.0,1.0,23.0,3.0,0.0,1.0,0,8,0,Morning
2878,200416154,12/21/2020 12:00:00 AM,12/21/2020 12:00:00 AM,1730,4,Hollenbeck,478,2,624,BATTERY - SIMPLE ASSAULT,1822 0416,14,M,H,102,SIDEWALK,400.0,"STRONG-ARM (HANDS, FIST, FEET OR BODILY FORCE)",IC,Invest Cont,624,,,6TH                          ST,34.0323,-118.2022,2020.0,12.0,21.0,0.0,0.0,4.0,0,17,30,Afternoon
2880,200410559,07-07-2020 00:00,06/26/2020 12:00:00 AM,1,4,Hollenbeck,438,2,354,THEFT OF IDENTITY,100,56,M,H,501,SINGLE FAMILY DWELLING,,,IC,Invest Cont,354,,,4900    LA CALANDRIA                 DR,34.0719,-118.1779,2020.0,6.0,26.0,4.0,0.0,2.0,0,0,1,Night
2883,201008509,04/29/2020 12:00:00 AM,04/28/2020 12:00:00 AM,300,10,West Valley,1077,1,331,THEFT FROM MOTOR VEHICLE - GRAND ($950.01 AND OVER),0344 1822 1606,75,M,W,108,PARKING LOT,,,IC,Invest Cont,331,,,17400    VENTURA                      BL,34.1611,-118.5116,2020.0,4.0,28.0,1.0,0.0,2.0,0,3,0,Night
2884,200121662,11/28/2020 12:00:00 AM,11/28/2020 12:00:00 AM,1330,1,Central,142,2,740,"VANDALISM - FELONY ($400 & OVER, ALL CHURCH VANDALISMS)",0329 1822 0417 1300,55,M,B,122,"VEHICLE, PASSENGER/TRUCK",,,IC,Invest Cont,740,,,4TH,34.0532,-118.2555,2020.0,11.0,28.0,5.0,0.0,4.0,1,13,30,Afternoon
2886,201209521,03/22/2020 12:00:00 AM,03/21/2020 12:00:00 AM,2000,12,77th Street,1239,1,510,VEHICLE - STOLEN,,0,Unknown,,101,STREET,,,IC,Invest Cont,510,,,1000 W  61ST                         ST,33.9842,-118.2915,2020.0,3.0,21.0,5.0,0.0,1.0,1,20,0,Evening
2887,200116889,08/24/2020 12:00:00 AM,08/20/2020 12:00:00 AM,1200,1,Central,147,2,888,TRESPASSING,1218 1822 1501,0,M,O,502,"MULTI-UNIT DWELLING (APARTMENT, DUPLEX, ETC)",,,IC,Invest Cont,888,,,400 E  5TH                          ST,34.0453,-118.2443,2020.0,8.0,20.0,3.0,0.0,3.0,0,12,0,Morning
2888,200808524,04/20/2020 12:00:00 AM,04/19/2020 12:00:00 AM,1954,8,West LA,833,1,341,"THEFT-GRAND ($950.01 & OVER)EXCPT,GUNS,FOWL,LIVESTK,PROD",0344 1420 0349 1822,36,M,O,102,SIDEWALK,,,IC,Invest Cont,341,,,1400    WESTWOOD                     BL,34.0554,-118.4418,2020.0,4.0,19.0,6.0,0.0,2.0,1,19,54,Evening
2889,200508574,04/22/2020 12:00:00 AM,04/18/2020 12:00:00 AM,323,5,Harbor,503,1,442,SHOPLIFTING - PETTY THEFT ($950 & UNDER),0202 0216 0325 1236,0,X,X,301,GAS STATION,,,IC,Invest Cont,442,,,900    PACIFIC COAST                HY,33.7941,-118.29,2020.0,4.0,18.0,5.0,0.0,2.0,1,3,23,Night
2890,200606117,02/13/2020 12:00:00 AM,02/13/2020 12:00:00 AM,645,6,Hollywood,656,1,441,THEFT PLAIN - ATTEMPT,0400 0408 0416 1822,58,M,H,108,PARKING LOT,400.0,"STRONG-ARM (HANDS, FIST, FEET OR BODILY FORCE)",IC,Invest Cont,441,624.0,,SANTA MONICA,34.0908,-118.3266,2020.0,2.0,13.0,3.0,0.0,1.0,0,6,45,Night
2892,200314142,07/13/2020 12:00:00 AM,07/13/2020 12:00:00 AM,1750,3,Southwest,399,1,440,THEFT PLAIN - PETTY ($950 & UNDER),1402 0344,39,F,H,203,OTHER BUSINESS,,,IC,Invest Cont,440,,,4300 S  FIGUEROA                     ST,34.0075,-118.2819,2020.0,7.0,13.0,0.0,0.0,3.0,0,17,50,Afternoon
2893,201211750,04/28/2020 12:00:00 AM,04/27/2020 12:00:00 AM,2000,12,77th Street,1283,1,510,VEHICLE - STOLEN,,0,Unknown,,101,STREET,,,IC,Invest Cont,510,,,10300    LA SALLE                     AV,33.9432,-118.3057,2020.0,4.0,27.0,0.0,0.0,2.0,0,20,0,Evening
2895,200101185,12/28/2020 12:00:00 AM,12/28/2020 12:00:00 AM,1810,1,Central,174,1,230,"ASSAULT WITH DEADLY WEAPON, AGGRAVATED ASSAULT",1309 1414 0913 1100 1402 0430,57,M,B,108,PARKING LOT,109.0,SEMI-AUTOMATIC PISTOL,AA,Adult Arrest,230,998.0,,700 S  SPRING                       ST,34.044,-118.2528,2020.0,12.0,28.0,0.0,0.0,4.0,0,18,10,Afternoon
2897,201226588,12/17/2020 12:00:00 AM,10/16/2020 12:00:00 AM,1630,12,77th Street,1235,1,310,BURGLARY,0321 1607 1202,72,F,H,502,"MULTI-UNIT DWELLING (APARTMENT, DUPLEX, ETC)",,,IC,Invest Cont,310,,,1400 W  60TH                         ST,33.9859,-118.3002,2020.0,10.0,16.0,4.0,0.0,4.0,0,16,30,Afternoon
2898,201108673,04/23/2020 12:00:00 AM,04/22/2020 12:00:00 AM,100,11,Northeast,1178,2,745,VANDALISM - MISDEAMEANOR ($399 OR UNDER),0329 1300,0,X,X,122,"VEHICLE, PASSENGER/TRUCK",,,IC,Invest Cont,745,,,AMABEL                       ST,34.0891,-118.2161,2020.0,4.0,22.0,2.0,0.0,2.0,0,1,0,Night
2899,200320464,11/16/2020 12:00:00 AM,11/16/2020 12:00:00 AM,600,3,Southwest,334,2,745,VANDALISM - MISDEAMEANOR ($399 OR UNDER),0913 0329 1300 1306,57,F,B,122,"VEHICLE, PASSENGER/TRUCK",500.0,UNKNOWN WEAPON/OTHER WEAPON,IC,Invest Cont,745,,,3400    EDGEHILL                     DR,34.0251,-118.3305,2020.0,11.0,16.0,0.0,0.0,4.0,0,6,0,Night
2900,200604890,01/20/2020 12:00:00 AM,01/20/2020 12:00:00 AM,1800,6,Hollywood,645,1,341,"THEFT-GRAND ($950.01 & OVER)EXCPT,GUNS,FOWL,LIVESTK,PROD",344,20,F,A,203,OTHER BUSINESS,,,IC,Invest Cont,341,,,6800    HOLLYWOOD                    BL,34.1016,-118.3387,2020.0,1.0,20.0,0.0,0.0,1.0,0,18,0,Afternoon
2904,200112385,05/30/2020 12:00:00 AM,05/29/2020 12:00:00 AM,2215,1,Central,164,1,310,BURGLARY,0344 1609 1822 0329 1420,35,M,W,203,OTHER BUSINESS,,,IC,Invest Cont,310,,,600 S  SPRING                       ST,34.046,-118.2509,2020.0,5.0,29.0,4.0,0.0,2.0,0,22,15,Evening
2907,201207703,02/23/2020 12:00:00 AM,02/23/2020 12:00:00 AM,1520,12,77th Street,1269,2,624,BATTERY - SIMPLE ASSAULT,0913 0429 1202,64,F,H,502,"MULTI-UNIT DWELLING (APARTMENT, DUPLEX, ETC)",400.0,"STRONG-ARM (HANDS, FIST, FEET OR BODILY FORCE)",AO,Adult Other,624,,,8300 S  CENTRAL                      AV,33.9638,-118.2629,2020.0,2.0,23.0,6.0,0.0,1.0,1,15,20,Afternoon
2908,200807525,03/19/2020 12:00:00 AM,03/19/2020 12:00:00 AM,2115,8,West LA,881,2,626,INTIMATE PARTNER - SIMPLE ASSAULT,1414 2000 0444 0429 1814,40,F,W,501,SINGLE FAMILY DWELLING,400.0,"STRONG-ARM (HANDS, FIST, FEET OR BODILY FORCE)",IC,Invest Cont,626,,,11800    MISSOURI                     AV,34.0374,-118.4535,2020.0,3.0,19.0,3.0,0.0,1.0,0,21,15,Evening
2910,200706690,02/26/2020 12:00:00 AM,02/26/2020 12:00:00 AM,1420,7,Wilshire,776,2,626,INTIMATE PARTNER - SIMPLE ASSAULT,2000 1814 0448,25,F,O,502,"MULTI-UNIT DWELLING (APARTMENT, DUPLEX, ETC)",400.0,"STRONG-ARM (HANDS, FIST, FEET OR BODILY FORCE)",AO,Adult Other,626,,,4500 W  WASHINGTON                   BL,34.0441,-118.3378,2020.0,2.0,26.0,2.0,0.0,1.0,0,14,20,Afternoon
2912,201012324,08/23/2020 12:00:00 AM,08/22/2020 12:00:00 AM,30,10,West Valley,1034,1,230,"ASSAULT WITH DEADLY WEAPON, AGGRAVATED ASSAULT",0421 0302 0361 0913,36,M,B,101,STREET,102.0,HAND GUN,AO,Adult Other,230,,,6200    RESEDA                       BL,34.1829,-118.536,2020.0,8.0,22.0,5.0,0.0,3.0,1,0,30,Night
2913,200105426,01/21/2020 12:00:00 AM,01/21/2020 12:00:00 AM,1555,1,Central,152,2,624,BATTERY - SIMPLE ASSAULT,431,26,M,O,738,LIBRARY,500.0,UNKNOWN WEAPON/OTHER WEAPON,IC,Invest Cont,624,,,600 W  5TH                          ST,34.0502,-118.254,2020.0,1.0,21.0,1.0,0.0,1.0,0,15,55,Afternoon
2916,201113452,09-10-2020 00:00,08/30/2020 12:00:00 AM,1200,11,Northeast,1107,1,331,THEFT FROM MOTOR VEHICLE - GRAND ($950.01 AND OVER),1300 0385,50,F,W,101,STREET,,,IC,Invest Cont,331,,,1500 N  AVE 56,34.1278,-118.1929,2020.0,8.0,30.0,6.0,0.0,3.0,1,12,0,Morning
2917,200212796,07/20/2020 12:00:00 AM,07/19/2020 12:00:00 AM,1900,2,Rampart,201,1,330,BURGLARY FROM VEHICLE,0344 1607,30,M,H,101,STREET,,,IC,Invest Cont,330,,,N  ALEXANDRIA                   AV,34.0885,-118.2979,2020.0,7.0,19.0,6.0,0.0,3.0,1,19,0,Evening
2918,200112617,06-01-2020 00:00,05/30/2020 12:00:00 AM,322,1,Central,162,1,310,BURGLARY,0375 1822 0344 0329 1609 1607,29,F,K,203,OTHER BUSINESS,,,IC,Invest Cont,310,,,400 W  8TH                          ST,34.0445,-118.2558,2020.0,5.0,30.0,5.0,0.0,2.0,1,3,22,Night
2919,201107683,03/24/2020 12:00:00 AM,03/24/2020 12:00:00 AM,1145,11,Northeast,1136,1,230,"ASSAULT WITH DEADLY WEAPON, AGGRAVATED ASSAULT",1402 1820 0444 0913,59,M,B,707,GARAGE/CARPORT,500.0,UNKNOWN WEAPON/OTHER WEAPON,AO,Adult Other,230,998.0,,4200    EAGLE ROCK                   BL,34.1218,-118.2252,2020.0,3.0,24.0,1.0,0.0,1.0,0,11,45,Morning
2920,200917531,11/21/2020 12:00:00 AM,11/19/2020 12:00:00 AM,1600,9,Van Nuys,904,1,210,ROBBERY,1822 1202 0344 0346 0390,78,F,H,101,STREET,400.0,"STRONG-ARM (HANDS, FIST, FEET OR BODILY FORCE)",IC,Invest Cont,210,,,SHERMAN                      WY,34.2013,-118.4574,2020.0,11.0,19.0,3.0,0.0,4.0,0,16,0,Afternoon
2921,200607281,03-03-2020 00:00,02/22/2020 12:00:00 AM,2200,6,Hollywood,677,1,510,VEHICLE - STOLEN,,0,Unknown,,101,STREET,,,IC,Invest Cont,510,,,MARATHON                     ST,34.0849,-118.3114,2020.0,2.0,22.0,5.0,0.0,1.0,1,22,0,Evening
2922,200105794,01/27/2020 12:00:00 AM,01/20/2020 12:00:00 AM,1445,1,Central,119,2,946,OTHER MISCELLANEOUS CRIME,0910 2004 1822,0,M,W,900,MTA - RED LINE - UNION STATION,,,IC,Invest Cont,946,,,800 N  ALAMEDA                      ST,34.0563,-118.2374,2020.0,1.0,20.0,0.0,0.0,1.0,0,14,45,Afternoon
2925,200116807,08/23/2020 12:00:00 AM,08/23/2020 12:00:00 AM,900,1,Central,162,1,440,THEFT PLAIN - PETTY ($950 & UNDER),0344 1822 1420 2032,19,F,H,203,OTHER BUSINESS,,,IC,Invest Cont,440,,,800 S  OLIVE                        ST,34.0437,-118.2582,2020.0,8.0,23.0,6.0,0.0,3.0,1,9,0,Morning
2927,200512495,07/31/2020 12:00:00 AM,07/31/2020 12:00:00 AM,2230,5,Harbor,514,2,753,DISCHARGE FIREARMS/SHOTS FIRED,0216 1100 1402 1407,0,X,X,101,STREET,102.0,HAND GUN,IC,Invest Cont,753,998.0,,OPP,33.7822,-118.2757,2020.0,7.0,31.0,4.0,0.0,3.0,0,22,30,Evening
2928,200312310,05/21/2020 12:00:00 AM,05/18/2020 12:00:00 AM,1600,3,Southwest,303,2,901,VIOLATION OF RESTRAINING ORDER,913,44,M,H,501,SINGLE FAMILY DWELLING,,,IC,Invest Cont,901,,,2500 S  ORANGE                       DR,34.0336,-118.3526,2020.0,5.0,18.0,0.0,0.0,2.0,0,16,0,Afternoon
2931,201006025,02/15/2020 12:00:00 AM,02/15/2020 12:00:00 AM,1245,10,West Valley,1049,1,330,BURGLARY FROM VEHICLE,1609 1822 0321 0930 1300 1302 0344,45,F,O,108,PARKING LOT,,,IC,Invest Cont,330,,,6300    BALBOA                       BL,34.184,-118.5011,2020.0,2.0,15.0,5.0,0.0,1.0,1,12,45,Morning
2932,200814446,09/22/2020 12:00:00 AM,09/22/2020 12:00:00 AM,1720,8,West LA,886,2,956,"LETTERS, LEWD  -  TELEPHONE CALLS, LEWD",1906,18,F,W,501,SINGLE FAMILY DWELLING,,,IC,Invest Cont,956,,,1400    PEERLESS                     PL,34.0531,-118.4029,2020.0,9.0,22.0,1.0,0.0,3.0,0,17,20,Afternoon
2933,200614827,09-02-2020 00:00,08/28/2020 12:00:00 AM,2330,6,Hollywood,644,1,820,ORAL COPULATION,1206 0413 0522 0500 0512 0400 0361 1817,33,F,W,501,SINGLE FAMILY DWELLING,400.0,"STRONG-ARM (HANDS, FIST, FEET OR BODILY FORCE)",AO,Adult Other,820,,,1300 N  FORMOSA                      AV,34.0944,-118.3463,2020.0,8.0,28.0,4.0,0.0,3.0,0,23,30,Evening
2934,200512300,07/26/2020 12:00:00 AM,07/26/2020 12:00:00 AM,1250,5,Harbor,505,2,740,"VANDALISM - FELONY ($400 & OVER, ALL CHURCH VANDALISMS)",0329 1236,0,X,X,702,OFFICE BUILDING/OFFICE,,,IC,Invest Cont,740,,,1200 W  190TH                        ST,33.8583,-118.2969,2020.0,7.0,26.0,6.0,0.0,3.0,1,12,50,Morning
2935,200105878,01/27/2020 12:00:00 AM,01/27/2020 12:00:00 AM,1600,1,Central,162,1,442,SHOPLIFTING - PETTY THEFT ($950 & UNDER),344,0,X,X,404,DEPARTMENT STORE,,,IC,Invest Cont,442,,,700 W  7TH                          ST,34.048,-118.2577,2020.0,1.0,27.0,0.0,0.0,1.0,0,16,0,Afternoon
2936,201013526,09/28/2020 12:00:00 AM,09/28/2020 12:00:00 AM,530,10,West Valley,1031,2,237,CHILD NEGLECT (SEE 300 W.I.C.),0913 1817 1258,6,F,H,502,"MULTI-UNIT DWELLING (APARTMENT, DUPLEX, ETC)",400.0,"STRONG-ARM (HANDS, FIST, FEET OR BODILY FORCE)",AO,Adult Other,237,,,19400    VICTORY                      BL,34.1866,-118.555,2020.0,9.0,28.0,0.0,0.0,3.0,0,5,30,Night
2939,200605332,01/29/2020 12:00:00 AM,01/29/2020 12:00:00 AM,630,6,Hollywood,666,2,888,TRESPASSING,1822,0,X,X,203,OTHER BUSINESS,,,IC,Invest Cont,888,,,6100    SANTA MONICA                 BL,34.0944,-118.3277,2020.0,1.0,29.0,2.0,0.0,1.0,0,6,30,Night
2940,200210721,05/28/2020 12:00:00 AM,05/28/2020 12:00:00 AM,1300,2,Rampart,269,2,740,"VANDALISM - FELONY ($400 & OVER, ALL CHURCH VANDALISMS)",1822 0329 0311 2024,19,X,X,708,CHURCH/CHAPEL (CHANGED 03-03 FROM CHURCH/TEMPLE),,,IC,Invest Cont,740,,,1400 W  7TH                          ST,34.0527,-118.2685,2020.0,5.0,28.0,3.0,0.0,2.0,0,13,0,Afternoon
2941,200716494,11/29/2020 12:00:00 AM,11/28/2020 12:00:00 AM,1430,7,Wilshire,733,1,510,VEHICLE - STOLEN,,0,Unknown,,108,PARKING LOT,,,IC,Invest Cont,510,,,5700 W  6TH                          ST,34.0649,-118.3546,2020.0,11.0,28.0,5.0,0.0,4.0,1,14,30,Afternoon
2942,200608557,03/31/2020 12:00:00 AM,03/28/2020 12:00:00 AM,700,6,Hollywood,636,1,440,THEFT PLAIN - PETTY ($950 & UNDER),0400 0394 1822,26,M,W,502,"MULTI-UNIT DWELLING (APARTMENT, DUPLEX, ETC)",400.0,"STRONG-ARM (HANDS, FIST, FEET OR BODILY FORCE)",IC,Invest Cont,440,,,1800 N  CHEROKEE                     AV,34.1032,-118.3348,2020.0,3.0,28.0,5.0,0.0,1.0,1,7,0,Morning
2945,200308542,03/14/2020 12:00:00 AM,03/14/2020 12:00:00 AM,1,3,Southwest,307,1,330,BURGLARY FROM VEHICLE,1601 1300 0321 0344,48,F,H,104,DRIVEWAY,,,IC,Invest Cont,330,,,2500    VIRGINIA                     RD,34.0332,-118.3389,2020.0,3.0,14.0,5.0,0.0,1.0,1,0,1,Night
2946,200709207,05/13/2020 12:00:00 AM,05/13/2020 12:00:00 AM,420,7,Wilshire,721,1,310,BURGLARY,344,0,M,O,203,OTHER BUSINESS,,,IC,Invest Cont,310,,,100 S  ROBERTSON                    BL,34.0753,-118.3837,2020.0,5.0,13.0,2.0,0.0,2.0,0,4,20,Night
2947,201215183,06/22/2020 12:00:00 AM,06/22/2020 12:00:00 AM,2350,12,77th Street,1213,1,310,BURGLARY,0344 1822,0,X,X,708,CHURCH/CHAPEL (CHANGED 03-03 FROM CHURCH/TEMPLE),,,IC,Invest Cont,310,,,5500 S  WESTERN                      AV,33.9924,-118.3089,2020.0,6.0,22.0,0.0,0.0,2.0,0,23,50,Evening
2948,200408864,05/15/2020 12:00:00 AM,05/15/2020 12:00:00 AM,440,4,Hollenbeck,416,2,626,INTIMATE PARTNER - SIMPLE ASSAULT,0913 1814 2000 0416 0444 0448,38,F,H,501,SINGLE FAMILY DWELLING,400.0,"STRONG-ARM (HANDS, FIST, FEET OR BODILY FORCE)",IC,Invest Cont,626,,,500 E  AVENUE 28,34.081,-118.2076,2020.0,5.0,15.0,4.0,0.0,2.0,0,4,40,Night
2949,200618285,11/20/2020 12:00:00 AM,11/20/2020 12:00:00 AM,1130,6,Hollywood,669,1,230,"ASSAULT WITH DEADLY WEAPON, AGGRAVATED ASSAULT",1300 1309 1822 0400 0431 1313,34,M,H,102,SIDEWALK,512.0,MACE/PEPPER SPRAY,IC,Invest Cont,230,,,5400    LEXINGTON                    AV,34.0929,-118.3075,2020.0,11.0,20.0,4.0,0.0,4.0,0,11,30,Morning
2950,201217466,07/30/2020 12:00:00 AM,07/30/2020 12:00:00 AM,2035,12,77th Street,1265,2,946,OTHER MISCELLANEOUS CRIME,1402,0,X,X,101,STREET,,,IC,Invest Cont,946,998.0,,NORMANDIE                    AV,33.96,-118.3003,2020.0,7.0,30.0,3.0,0.0,3.0,0,20,35,Evening
2951,201223543,10/29/2020 12:00:00 AM,10/29/2020 12:00:00 AM,150,12,77th Street,1249,1,210,ROBBERY,0416 0342 0344,37,M,H,101,STREET,400.0,"STRONG-ARM (HANDS, FIST, FEET OR BODILY FORCE)",IC,Invest Cont,210,,,6200 S  FIGUEROA                     ST,33.983,-118.2827,2020.0,10.0,29.0,3.0,0.0,4.0,0,1,50,Night
2953,200315031,07/31/2020 12:00:00 AM,07/31/2020 12:00:00 AM,830,3,Southwest,375,2,946,OTHER MISCELLANEOUS CRIME,0603 0913 1202 0342 1501,61,F,B,502,"MULTI-UNIT DWELLING (APARTMENT, DUPLEX, ETC)",,,AO,Adult Other,946,,,1900 W  MARTIN LUTHER KING JR        BL,34.0146,-118.313,2020.0,7.0,31.0,4.0,0.0,3.0,0,8,30,Morning
2954,200906161,02/18/2020 12:00:00 AM,02/17/2020 12:00:00 AM,2100,9,Van Nuys,916,1,510,VEHICLE - STOLEN,,0,Unknown,,101,STREET,,,IC,Invest Cont,510,,,6800    MATILIJA                     AV,34.194,-118.4334,2020.0,2.0,17.0,0.0,0.0,1.0,0,21,0,Evening
2958,200817815,12/21/2020 12:00:00 AM,12/21/2020 12:00:00 AM,130,8,West LA,883,2,886,DISTURBING THE PEACE,1501,51,M,W,203,OTHER BUSINESS,,,AO,Adult Other,886,,,11100    MISSOURI                     AV,34.0442,-118.4421,2020.0,12.0,21.0,0.0,0.0,4.0,0,1,30,Night
2959,200613975,08/14/2020 12:00:00 AM,08/14/2020 12:00:00 AM,1800,6,Hollywood,667,2,625,OTHER ASSAULT,1822 2004 0356 0400 0319,60,M,B,102,SIDEWALK,400.0,"STRONG-ARM (HANDS, FIST, FEET OR BODILY FORCE)",AA,Adult Arrest,625,,,5800 W  SUNSET                       BL,34.0981,-118.316,2020.0,8.0,14.0,4.0,0.0,3.0,0,18,0,Afternoon
2960,200505013,01/24/2020 12:00:00 AM,01/24/2020 12:00:00 AM,1310,5,Harbor,587,1,440,THEFT PLAIN - PETTY ($950 & UNDER),0354 2032 1300 0344 0216,30,M,W,202,LIQUOR STORE,,,AO,Adult Other,440,,,3800 S  PACIFIC                      AV,33.7136,-118.2904,2020.0,1.0,24.0,4.0,0.0,1.0,0,13,10,Afternoon
2961,200916282,10/22/2020 12:00:00 AM,10/22/2020 12:00:00 AM,452,9,Van Nuys,923,2,626,INTIMATE PARTNER - SIMPLE ASSAULT,2000,32,F,W,501,SINGLE FAMILY DWELLING,400.0,"STRONG-ARM (HANDS, FIST, FEET OR BODILY FORCE)",AO,Adult Other,626,,,15000    VANOWEN                      ST,34.1939,-118.4601,2020.0,10.0,22.0,3.0,0.0,4.0,0,4,52,Night
2962,200312939,06/18/2020 12:00:00 AM,06/16/2020 12:00:00 AM,2200,3,Southwest,327,2,740,"VANDALISM - FELONY ($400 & OVER, ALL CHURCH VANDALISMS)",0329 1300,28,F,H,122,"VEHICLE, PASSENGER/TRUCK",,,IC,Invest Cont,740,,,2800 S  HOOVER                       ST,34.0305,-118.2865,2020.0,6.0,16.0,1.0,0.0,2.0,0,22,0,Evening
2963,200616827,10/17/2020 12:00:00 AM,10/17/2020 12:00:00 AM,1610,6,Hollywood,648,2,930,CRIMINAL THREATS - NO WEAPON DISPLAYED,1822 0400 0432 0421 1236,25,M,H,401,MINI-MART,511.0,VERBAL THREAT,IC,Invest Cont,930,,,5600 W  SUNSET                       BL,34.1,-118.3113,2020.0,10.0,17.0,5.0,0.0,4.0,1,16,10,Afternoon
2964,201220852,09/15/2020 12:00:00 AM,08/28/2020 12:00:00 AM,2000,12,77th Street,1241,2,812,CRM AGNST CHLD (13 OR UNDER) (14-15 & SUSP 10 YRS OLDER),1257 1251 0913 0360 0500 2021,5,F,B,501,SINGLE FAMILY DWELLING,400.0,"STRONG-ARM (HANDS, FIST, FEET OR BODILY FORCE)",AO,Adult Other,812,860.0,,6400    BRYNHURST                    AV,33.9817,-118.3338,2020.0,8.0,28.0,4.0,0.0,3.0,0,20,0,Evening
2966,200812982,08/15/2020 12:00:00 AM,08/15/2020 12:00:00 AM,500,8,West LA,885,1,330,BURGLARY FROM VEHICLE,1822 1606 0321 0216,40,M,W,101,STREET,,,IC,Invest Cont,330,,,10400    CHEVIOT                      DR,34.038,-118.4125,2020.0,8.0,15.0,5.0,0.0,3.0,1,5,0,Night
2967,200207153,03-02-2020 00:00,02/28/2020 12:00:00 AM,600,2,Rampart,245,1,341,"THEFT-GRAND ($950.01 & OVER)EXCPT,GUNS,FOWL,LIVESTK,PROD",0344 1210,31,F,B,502,"MULTI-UNIT DWELLING (APARTMENT, DUPLEX, ETC)",,,IC,Invest Cont,341,,,400    GRAND VIEW                   ST,34.063,-118.2753,2020.0,2.0,28.0,4.0,0.0,1.0,0,6,0,Night
2968,201206060,01/29/2020 12:00:00 AM,01/29/2020 12:00:00 AM,1925,12,77th Street,1248,2,626,INTIMATE PARTNER - SIMPLE ASSAULT,0400 0416 0913 1814 2000 2004,55,F,B,210,RESTAURANT/FAST FOOD,400.0,"STRONG-ARM (HANDS, FIST, FEET OR BODILY FORCE)",IC,Invest Cont,626,,,900 W  FLORENCE                     AV,33.9792,-118.2893,2020.0,1.0,29.0,2.0,0.0,1.0,0,19,25,Evening
2970,200816924,11/28/2020 12:00:00 AM,11/27/2020 12:00:00 AM,1900,8,West LA,889,1,510,VEHICLE - STOLEN,,0,Unknown,,108,PARKING LOT,,,IC,Invest Cont,510,,,2000 S  BEDFORD                      ST,34.0401,-118.3841,2020.0,11.0,27.0,4.0,0.0,4.0,0,19,0,Evening
2975,200504572,01/14/2020 12:00:00 AM,01/13/2020 12:00:00 AM,1520,5,Harbor,511,2,745,VANDALISM - MISDEAMEANOR ($399 OR UNDER),0378 0342 0325 0329 1236,0,X,X,406,OTHER STORE,,,IC,Invest Cont,745,,,1600 W  PACIFIC COAST                HY,33.7926,-118.3043,2020.0,1.0,13.0,0.0,0.0,1.0,0,15,20,Afternoon
2976,201112663,08/20/2020 12:00:00 AM,08/19/2020 12:00:00 AM,1940,11,Northeast,1124,2,626,INTIMATE PARTNER - SIMPLE ASSAULT,2000 0913 1814 0416 0444 2038,31,F,H,501,SINGLE FAMILY DWELLING,400.0,"STRONG-ARM (HANDS, FIST, FEET OR BODILY FORCE)",AA,Adult Arrest,626,,,3400    ANDRITA                      ST,34.1191,-118.2404,2020.0,8.0,19.0,2.0,0.0,3.0,0,19,40,Evening
2978,200212607,07/15/2020 12:00:00 AM,07/15/2020 12:00:00 AM,2110,2,Rampart,216,2,626,INTIMATE PARTNER - SIMPLE ASSAULT,0913 2000 1813 0416 0400 2004,28,F,H,122,"VEHICLE, PASSENGER/TRUCK",400.0,"STRONG-ARM (HANDS, FIST, FEET OR BODILY FORCE)",AO,Adult Other,626,,,2300    BELLEVUE                     AV,34.074,-118.2692,2020.0,7.0,15.0,2.0,0.0,3.0,0,21,10,Evening
2979,201014152,10/18/2020 12:00:00 AM,10/17/2020 12:00:00 AM,1900,10,West Valley,1018,1,510,VEHICLE - STOLEN,,0,Unknown,,108,PARKING LOT,,,AA,Adult Arrest,510,,,7400 N  HASKELL                      AV,34.2074,-118.4794,2020.0,10.0,17.0,5.0,0.0,4.0,1,19,0,Evening
2982,200409001,05/19/2020 12:00:00 AM,05/18/2020 12:00:00 AM,2000,4,Hollenbeck,416,1,510,VEHICLE - STOLEN,,0,Unknown,,101,STREET,,,IC,Invest Cont,510,,,3500    SIERRA                       ST,34.0856,-118.2,2020.0,5.0,18.0,0.0,0.0,2.0,0,20,0,Evening
2984,201014626,10/31/2020 12:00:00 AM,10/19/2020 12:00:00 AM,1000,10,West Valley,1045,1,440,THEFT PLAIN - PETTY ($950 & UNDER),1822 0344,55,F,W,501,SINGLE FAMILY DWELLING,,,IC,Invest Cont,440,,,18000    MARTHA                       ST,34.1731,-118.5239,2020.0,10.0,19.0,0.0,0.0,4.0,0,10,0,Morning
2985,200900522,01/22/2020 12:00:00 AM,01/19/2020 12:00:00 AM,2330,9,Van Nuys,948,1,440,THEFT PLAIN - PETTY ($950 & UNDER),0344 1602 1309,44,M,W,501,SINGLE FAMILY DWELLING,223.0,UNKNOWN TYPE CUTTING INSTRUMENT,IC,Invest Cont,440,,,13600    CHANDLER                     BL,34.1725,-118.4268,2020.0,1.0,19.0,6.0,0.0,1.0,1,23,30,Evening
2986,200300599,03/19/2020 12:00:00 AM,03/18/2020 12:00:00 AM,2300,3,Southwest,393,1,330,BURGLARY FROM VEHICLE,0344 0329 1202 1609,64,M,B,101,STREET,,,IC,Invest Cont,330,,,4100 W  41ST                         ST,34.0101,-118.3309,2020.0,3.0,18.0,2.0,0.0,1.0,0,23,0,Evening
2987,200117100,08/28/2020 12:00:00 AM,08/28/2020 12:00:00 AM,945,1,Central,157,1,761,BRANDISH WEAPON,0334 0421 1218 1822 2004,53,F,H,102,SIDEWALK,500.0,UNKNOWN WEAPON/OTHER WEAPON,IC,Invest Cont,761,,,5TH,34.0435,-118.2427,2020.0,8.0,28.0,4.0,0.0,3.0,0,9,45,Morning
2990,201216835,07/21/2020 12:00:00 AM,07/19/2020 12:00:00 AM,2000,12,77th Street,1245,1,510,VEHICLE - STOLEN,,0,Unknown,,101,STREET,,,AO,Adult Other,510,,,64TH,33.9814,-118.2916,2020.0,7.0,19.0,6.0,0.0,3.0,1,20,0,Evening
2991,201217770,07-01-2020 00:00,05/14/2020 12:00:00 AM,2115,12,77th Street,1256,2,354,THEFT OF IDENTITY,0100 0377,26,M,H,501,SINGLE FAMILY DWELLING,,,IC,Invest Cont,354,,,800 W  74TH                         ST,33.9727,-118.2876,2020.0,5.0,14.0,3.0,0.0,2.0,0,21,15,Evening
2992,200904912,01/22/2020 12:00:00 AM,01/17/2020 12:00:00 AM,2215,9,Van Nuys,914,1,331,THEFT FROM MOTOR VEHICLE - GRAND ($950.01 AND OVER),0344 1606 2032,30,F,H,108,PARKING LOT,,,IC,Invest Cont,331,,,KESTER                       AV,34.2012,-118.4574,2020.0,1.0,17.0,4.0,0.0,1.0,0,22,15,Evening
2993,200117182,08/31/2020 12:00:00 AM,08/31/2020 12:00:00 AM,20,1,Central,195,1,230,"ASSAULT WITH DEADLY WEAPON, AGGRAVATED ASSAULT",0416 0429 0342 0913 0602,23,F,H,101,STREET,400.0,"STRONG-ARM (HANDS, FIST, FEET OR BODILY FORCE)",IC,Invest Cont,230,,,1800 S  MAIN                         ST,34.0322,-118.2637,2020.0,8.0,31.0,0.0,0.0,3.0,0,0,20,Night
2994,201209406,03/18/2020 12:00:00 AM,03/18/2020 12:00:00 AM,1545,12,77th Street,1256,1,210,ROBBERY,1822 1309 0344 0104 0432 0945,0,X,X,203,OTHER BUSINESS,400.0,"STRONG-ARM (HANDS, FIST, FEET OR BODILY FORCE)",IC,Invest Cont,210,,,900 W  FLORENCE                     AV,33.9746,-118.2892,2020.0,3.0,18.0,2.0,0.0,1.0,0,15,45,Afternoon
2997,200209654,04/15/2020 12:00:00 AM,04/14/2020 12:00:00 AM,1055,2,Rampart,251,1,440,THEFT PLAIN - PETTY ($950 & UNDER),344,24,F,K,710,OTHER PREMISE,,,IC,Invest Cont,440,,,S  RAMPART                      BL,34.0609,-118.2823,2020.0,4.0,14.0,1.0,0.0,2.0,0,10,55,Morning
2998,200217774,11/23/2020 12:00:00 AM,11/23/2020 12:00:00 AM,1300,2,Rampart,246,1,210,ROBBERY,0342 0334 0337 1202 0448 0352 0344 0432 1822,61,F,H,406,OTHER STORE,102.0,HAND GUN,IC,Invest Cont,210,,,2000 W  6TH                          ST,34.0591,-118.2739,2020.0,11.0,23.0,0.0,0.0,4.0,0,13,0,Afternoon
3000,200813153,08/20/2020 12:00:00 AM,07/15/2020 12:00:00 AM,1605,8,West LA,802,2,354,THEFT OF IDENTITY,0100 1202,88,M,W,502,"MULTI-UNIT DWELLING (APARTMENT, DUPLEX, ETC)",,,IC,Invest Cont,354,,,1000    VIA DE LA PAZ,34.048,-118.5269,2020.0,7.0,15.0,2.0,0.0,3.0,0,16,5,Afternoon
3001,200118409,09/23/2020 12:00:00 AM,09/23/2020 12:00:00 AM,1550,1,Central,132,1,331,THEFT FROM MOTOR VEHICLE - GRAND ($950.01 AND OVER),0329 0344 1300 1822,55,M,H,108,PARKING LOT,,,IC,Invest Cont,331,,,400 W  2ND                          ST,34.0531,-118.2478,2020.0,9.0,23.0,2.0,0.0,3.0,0,15,50,Afternoon
3002,200713180,08/26/2020 12:00:00 AM,08/25/2020 12:00:00 AM,1700,7,Wilshire,785,1,310,BURGLARY,1609 1601 0344,47,M,O,501,SINGLE FAMILY DWELLING,,,IC,Invest Cont,310,,,2300 S  LONGWOOD                     AV,34.0352,-118.348,2020.0,8.0,25.0,1.0,0.0,3.0,0,17,0,Afternoon
3005,200515612,10/21/2020 12:00:00 AM,10/21/2020 12:00:00 AM,1045,5,Harbor,557,1,210,ROBBERY,0334 0337 0344 1309 0913 0444 0429,58,F,W,503,HOTEL,200.0,KNIFE WITH BLADE 6INCHES OR LESS,AO,Adult Other,210,,,100 S  GAFFEY                       ST,33.7428,-118.2923,2020.0,10.0,21.0,2.0,0.0,4.0,0,10,45,Morning
3006,201205177,01/18/2020 12:00:00 AM,01/17/2020 12:00:00 AM,500,12,77th Street,1245,1,510,VEHICLE - STOLEN,,0,Unknown,,101,STREET,,,AA,Adult Arrest,510,,,VERMONT,33.9822,-118.2915,2020.0,1.0,17.0,4.0,0.0,1.0,0,5,0,Night
3007,201205695,01/25/2020 12:00:00 AM,01/25/2020 12:00:00 AM,1030,12,77th Street,1213,1,442,SHOPLIFTING - PETTY THEFT ($950 & UNDER),0342 0325 0344 1822,0,X,X,203,OTHER BUSINESS,,,IC,Invest Cont,442,,,5400    DENKER                       AV,33.9921,-118.3108,2020.0,1.0,25.0,5.0,0.0,1.0,1,10,30,Morning
3008,200616093,09/30/2020 12:00:00 AM,09/29/2020 12:00:00 AM,1300,6,Hollywood,643,1,440,THEFT PLAIN - PETTY ($950 & UNDER),1822 0329,27,F,W,502,"MULTI-UNIT DWELLING (APARTMENT, DUPLEX, ETC)",,,IC,Invest Cont,440,,,7300 W  HOLLYWOOD                    BL,34.1016,-118.3497,2020.0,9.0,29.0,1.0,0.0,3.0,0,13,0,Afternoon
3009,200815923,10/31/2020 12:00:00 AM,10/13/2020 12:00:00 AM,1400,8,West LA,898,1,440,THEFT PLAIN - PETTY ($950 & UNDER),0344 0394 1822,48,M,W,119,"PORCH, RESIDENTIAL",,,IC,Invest Cont,440,,,9100    OLIN                         ST,34.037,-118.3905,2020.0,10.0,13.0,1.0,0.0,4.0,0,14,0,Afternoon
3010,201222772,10/17/2020 12:00:00 AM,10/17/2020 12:00:00 AM,1250,12,77th Street,1265,1,251,SHOTS FIRED AT INHABITED DWELLING,1100 1822 0329,53,F,H,501,SINGLE FAMILY DWELLING,102.0,HAND GUN,IC,Invest Cont,251,,,1500 W  83RD                         ST,33.9637,-118.3047,2020.0,10.0,17.0,5.0,0.0,4.0,1,12,50,Morning
3013,200806690,02/28/2020 12:00:00 AM,02/26/2020 12:00:00 AM,1600,8,West LA,823,2,740,"VANDALISM - FELONY ($400 & OVER, ALL CHURCH VANDALISMS)",1202 0329 0358 0321,65,M,O,502,"MULTI-UNIT DWELLING (APARTMENT, DUPLEX, ETC)",,,IC,Invest Cont,740,,,15500    EARLHAM                      ST,34.0382,-118.5294,2020.0,2.0,26.0,2.0,0.0,1.0,0,16,0,Afternoon
3014,200913625,08/17/2020 12:00:00 AM,08/17/2020 12:00:00 AM,1406,9,Van Nuys,981,1,510,VEHICLE - STOLEN,,0,Unknown,,101,STREET,,,IC,Invest Cont,510,,,14900    DICKENS                      ST,34.1512,-118.4581,2020.0,8.0,17.0,0.0,0.0,3.0,0,14,6,Afternoon
3015,200806879,03-03-2020 00:00,02/27/2020 12:00:00 AM,700,8,West LA,889,2,627,CHILD ABUSE (PHYSICAL) - SIMPLE ASSAULT,0400 0416 1258 1414,10,F,H,502,"MULTI-UNIT DWELLING (APARTMENT, DUPLEX, ETC)",301.0,BELT FLAILING INSTRUMENT/CHAIN,AA,Adult Arrest,627,,,1900 S  SHENANDOAH                   ST,34.0444,-118.3838,2020.0,2.0,27.0,3.0,0.0,1.0,0,7,0,Morning
3016,201111698,07/22/2020 12:00:00 AM,07/21/2020 12:00:00 AM,1230,11,Northeast,1158,1,510,VEHICLE - STOLEN,,0,Unknown,,707,GARAGE/CARPORT,,,IC,Invest Cont,510,,,300 W  AVENUE 37,34.0901,-118.2126,2020.0,7.0,21.0,1.0,0.0,3.0,0,12,30,Morning
3017,200305394,01/24/2020 12:00:00 AM,01/24/2020 12:00:00 AM,1030,3,Southwest,379,2,624,BATTERY - SIMPLE ASSAULT,0342 0416 0446 0445 1822 1313 0334,37,M,H,101,STREET,500.0,UNKNOWN WEAPON/OTHER WEAPON,IC,Invest Cont,624,,,BROWNING                     BL,34.0121,-118.2915,2020.0,1.0,24.0,4.0,0.0,1.0,0,10,30,Morning
3018,200317836,09/24/2020 12:00:00 AM,09/24/2020 12:00:00 AM,2125,3,Southwest,331,1,230,"ASSAULT WITH DEADLY WEAPON, AGGRAVATED ASSAULT",1402 0334 0411 0416 0445 0446 0913 1202 2004 2021,61,F,B,101,STREET,207.0,OTHER KNIFE,AO,Adult Other,230,,,JEFFERSON                    BL,34.0255,-118.3508,2020.0,9.0,24.0,3.0,0.0,3.0,0,21,25,Evening
3019,200305791,01/30/2020 12:00:00 AM,01/25/2020 12:00:00 AM,2200,3,Southwest,337,1,420,THEFT FROM MOTOR VEHICLE - PETTY ($950 & UNDER),0344 1606,30,F,B,101,STREET,,,IC,Invest Cont,420,,,2900    DALTON                       AV,34.0291,-118.3041,2020.0,1.0,25.0,5.0,0.0,1.0,1,22,0,Evening
3020,200316048,08/19/2020 12:00:00 AM,08/14/2020 12:00:00 AM,1200,3,Southwest,378,1,350,"THEFT, PERSON",1822 0344 0346 1026,28,F,B,102,SIDEWALK,400.0,"STRONG-ARM (HANDS, FIST, FEET OR BODILY FORCE)",IC,Invest Cont,350,,,EXPOSITION                   BL,34.0182,-118.2901,2020.0,8.0,14.0,4.0,0.0,3.0,0,12,0,Morning
3022,200313107,06/23/2020 12:00:00 AM,06/23/2020 12:00:00 AM,1500,3,Southwest,328,1,236,INTIMATE PARTNER - AGGRAVATED ASSAULT,0408 0416 0446 0448 0913 1243 1813 2000,45,F,B,505,MOTEL,400.0,"STRONG-ARM (HANDS, FIST, FEET OR BODILY FORCE)",IC,Invest Cont,236,,,3100 S  FIGUEROA                     ST,34.0268,-118.2808,2020.0,6.0,23.0,1.0,0.0,2.0,0,15,0,Afternoon
3023,200908624,04/19/2020 12:00:00 AM,04/16/2020 12:00:00 AM,1300,9,Van Nuys,914,1,420,THEFT FROM MOTOR VEHICLE - PETTY ($950 & UNDER),1606 0344,54,M,H,108,PARKING LOT,,,IC,Invest Cont,420,,,SHERMAN                      WY,34.2012,-118.4574,2020.0,4.0,16.0,3.0,0.0,2.0,0,13,0,Afternoon
3024,201207368,02/17/2020 12:00:00 AM,02/16/2020 12:00:00 AM,2100,12,77th Street,1219,1,330,BURGLARY FROM VEHICLE,0344 0385,64,M,B,101,STREET,,,IC,Invest Cont,330,,,FIGUEROA                     ST,33.9915,-118.2827,2020.0,2.0,16.0,6.0,0.0,1.0,1,21,0,Evening
3029,201214576,06/13/2020 12:00:00 AM,06/13/2020 12:00:00 AM,705,12,77th Street,1253,2,626,INTIMATE PARTNER - SIMPLE ASSAULT,1402 1202 2004 2000 1823 1218 0319 0416 0913,28,F,B,102,SIDEWALK,400.0,"STRONG-ARM (HANDS, FIST, FEET OR BODILY FORCE)",IC,Invest Cont,626,,,2000 W  FLORENCE                     AV,33.9746,-118.3134,2020.0,6.0,13.0,5.0,0.0,2.0,1,7,5,Morning
3031,201305530,01/28/2020 12:00:00 AM,01/28/2020 12:00:00 AM,1315,13,Newton,1341,1,220,ATTEMPTED ROBBERY,0334 1402 0355 2004 1822,27,M,B,101,STREET,207.0,OTHER KNIFE,AA,Adult Arrest,220,998.0,,GRAND,34.0155,-118.2772,2020.0,1.0,28.0,1.0,0.0,1.0,0,13,15,Afternoon
3034,200812618,08-03-2020 00:00,07/21/2020 12:00:00 AM,1740,8,West LA,854,1,310,BURGLARY,1602 1420 1822 0344 0397,49,M,W,221,PUBLIC STORAGE,,,IC,Invest Cont,310,,,1600    COTNER                       AV,34.0473,-118.4462,2020.0,7.0,21.0,1.0,0.0,3.0,0,17,40,Afternoon
3035,201216730,07/17/2020 12:00:00 AM,07/17/2020 12:00:00 AM,2300,12,77th Street,1266,1,220,ATTEMPTED ROBBERY,2000 1814 0400 0408 0913,28,F,B,501,SINGLE FAMILY DWELLING,400.0,"STRONG-ARM (HANDS, FIST, FEET OR BODILY FORCE)",AA,Adult Arrest,220,,,8100 S  HOOVER                       ST,33.9655,-118.2871,2020.0,7.0,17.0,4.0,0.0,3.0,0,23,0,Evening
3036,201226964,12/22/2020 12:00:00 AM,12/22/2020 12:00:00 AM,910,12,77th Street,1251,1,310,BURGLARY,0344 1822,0,X,X,248,CELL PHONE STORE,,,IC,Invest Cont,310,,,3300 W  FLORENCE                     AV,33.9745,-118.3302,2020.0,12.0,22.0,1.0,0.0,4.0,0,9,10,Morning
3037,200207407,03-06-2020 00:00,02/21/2020 12:00:00 AM,1700,2,Rampart,271,2,664,"BUNCO, PETTY THEFT",0344 0701 0800,36,F,K,501,SINGLE FAMILY DWELLING,,,IC,Invest Cont,664,,,2300 W  10TH                         ST,34.0529,-118.2819,2020.0,2.0,21.0,4.0,0.0,1.0,0,17,0,Afternoon
3038,200805132,01/27/2020 12:00:00 AM,01/26/2020 12:00:00 AM,1700,8,West LA,899,1,510,VEHICLE - STOLEN,,0,Unknown,,101,STREET,,,IC,Invest Cont,510,,,OLIN,34.0351,-118.383,2020.0,1.0,26.0,6.0,0.0,1.0,1,17,0,Afternoon
3039,200608308,03/24/2020 12:00:00 AM,03/19/2020 12:00:00 AM,1700,6,Hollywood,642,1,330,BURGLARY FROM VEHICLE,1822 0358 0321 0344 1300 1607,55,M,B,108,PARKING LOT,,,IC,Invest Cont,330,,,1300 N  SIERRA BONITA                AV,34.0981,-118.3577,2020.0,3.0,19.0,3.0,0.0,1.0,0,17,0,Afternoon
3042,200507233,03/16/2020 12:00:00 AM,03/16/2020 12:00:00 AM,1200,5,Harbor,515,1,510,VEHICLE - STOLEN,,0,Unknown,,101,STREET,,,IC,Invest Cont,510,,,LOMITA                       BL,33.7988,-118.2743,2020.0,3.0,16.0,0.0,0.0,1.0,0,12,0,Morning
3043,200907101,03-08-2020 00:00,02/14/2020 12:00:00 AM,1200,9,Van Nuys,943,2,354,THEFT OF IDENTITY,0377 1822,54,M,O,248,CELL PHONE STORE,,,IC,Invest Cont,354,,,5600    VAN NUYS                     BL,34.1747,-118.4442,2020.0,2.0,14.0,4.0,0.0,1.0,0,12,0,Morning
3048,200308872,03/21/2020 12:00:00 AM,03/14/2020 12:00:00 AM,700,3,Southwest,392,2,740,"VANDALISM - FELONY ($400 & OVER, ALL CHURCH VANDALISMS)",1300 0311 0329 1202,62,F,B,122,"VEHICLE, PASSENGER/TRUCK",,,IC,Invest Cont,740,,,4500    8TH                          AV,34.0028,-118.3258,2020.0,3.0,14.0,5.0,0.0,1.0,1,7,0,Morning
3050,200412966,09/20/2020 12:00:00 AM,09/20/2020 12:00:00 AM,740,4,Hollenbeck,497,1,510,VEHICLE - STOLEN,,0,Unknown,,101,STREET,,,IC,Invest Cont,510,,,3000 E  WASHINGTON                   BL,34.0167,-118.215,2020.0,9.0,20.0,6.0,0.0,3.0,1,7,40,Morning
3051,200612902,07/21/2020 12:00:00 AM,07/21/2020 12:00:00 AM,530,6,Hollywood,656,2,888,TRESPASSING,1822,55,M,W,203,OTHER BUSINESS,,,IC,Invest Cont,888,,,1000    WILCOX                       AV,34.0889,-118.331,2020.0,7.0,21.0,1.0,0.0,3.0,0,5,30,Night
3053,201219178,08/23/2020 12:00:00 AM,08/23/2020 12:00:00 AM,1125,12,77th Street,1241,2,930,CRIMINAL THREATS - NO WEAPON DISPLAYED,0421 0422 0913 1814 2038,28,F,B,501,SINGLE FAMILY DWELLING,511.0,VERBAL THREAT,IC,Invest Cont,930,,,6100 S  VICTORIA                     AV,33.9837,-118.3323,2020.0,8.0,23.0,6.0,0.0,3.0,1,11,25,Morning
3056,200416395,12/29/2020 12:00:00 AM,12/29/2020 12:00:00 AM,1955,4,Hollenbeck,448,2,901,VIOLATION OF RESTRAINING ORDER,2038,66,M,B,101,STREET,,,AO,Adult Other,901,,,1200 N  SOTO                         ST,34.0567,-118.2016,2020.0,12.0,29.0,1.0,0.0,4.0,0,19,55,Evening
3059,200815417,10/19/2020 12:00:00 AM,10/19/2020 12:00:00 AM,1245,8,West LA,882,2,624,BATTERY - SIMPLE ASSAULT,0416 1218 2004,31,F,W,102,SIDEWALK,500.0,UNKNOWN WEAPON/OTHER WEAPON,IC,Invest Cont,624,,,TENNESSEE                    AV,34.038,-118.4436,2020.0,10.0,19.0,0.0,0.0,4.0,0,12,45,Morning
3060,200816130,11-06-2020 00:00,10/15/2020 12:00:00 AM,1700,8,West LA,822,1,440,THEFT PLAIN - PETTY ($950 & UNDER),1251 0344 0394 0352 1822,18,F,W,502,"MULTI-UNIT DWELLING (APARTMENT, DUPLEX, ETC)",,,IC,Invest Cont,440,,,17300 W  SUNSET                       BL,34.0422,-118.554,2020.0,10.0,15.0,3.0,0.0,4.0,0,17,0,Afternoon
3061,200214979,09/13/2020 12:00:00 AM,09/13/2020 12:00:00 AM,1930,2,Rampart,248,1,230,"ASSAULT WITH DEADLY WEAPON, AGGRAVATED ASSAULT",0361 0334 0447 0445 0400 0913,62,M,B,502,"MULTI-UNIT DWELLING (APARTMENT, DUPLEX, ETC)",205.0,KITCHEN KNIFE,AA,Adult Arrest,230,,,300    LOMA                         DR,34.0595,-118.266,2020.0,9.0,13.0,6.0,0.0,3.0,1,19,30,Evening
3063,200209532,04/28/2020 12:00:00 AM,04/27/2020 12:00:00 AM,2000,2,Rampart,271,1,330,BURGLARY FROM VEHICLE,0344 1307 1609 0329,54,M,H,101,STREET,,,IC,Invest Cont,330,,,2300 W  11TH                         ST,34.0529,-118.2819,2020.0,4.0,27.0,0.0,0.0,2.0,0,20,0,Evening
3064,200610367,05/18/2020 12:00:00 AM,05/17/2020 12:00:00 AM,2320,6,Hollywood,666,1,210,ROBBERY,0355 0302 1300 1822,25,M,H,101,STREET,102.0,HAND GUN,IC,Invest Cont,210,,,LA MIRADA,34.0935,-118.331,2020.0,5.0,17.0,6.0,0.0,2.0,1,23,20,Evening
3065,201307116,02/25/2020 12:00:00 AM,02/22/2020 12:00:00 AM,745,13,Newton,1372,1,341,"THEFT-GRAND ($950.01 & OVER)EXCPT,GUNS,FOWL,LIVESTK,PROD",344,28,M,B,502,"MULTI-UNIT DWELLING (APARTMENT, DUPLEX, ETC)",,,IC,Invest Cont,341,,,300 E  55TH                         ST,33.9925,-118.2701,2020.0,2.0,22.0,5.0,0.0,1.0,1,7,45,Morning
3066,200515288,10/15/2020 12:00:00 AM,10/14/2020 12:00:00 AM,1630,5,Harbor,525,1,310,BURGLARY,0344 1607 0329 1236,0,X,X,203,OTHER BUSINESS,,,IC,Invest Cont,310,,,400 N  MARINE                       AV,33.7741,-118.2633,2020.0,10.0,14.0,2.0,0.0,4.0,0,16,30,Afternoon
3067,200512396,07/29/2020 12:00:00 AM,07/29/2020 12:00:00 AM,620,5,Harbor,532,1,440,THEFT PLAIN - PETTY ($950 & UNDER),0202 0344 0216,34,F,H,502,"MULTI-UNIT DWELLING (APARTMENT, DUPLEX, ETC)",,,IC,Invest Cont,440,,,1200    RONAN                        AV,33.7865,-118.2726,2020.0,7.0,29.0,2.0,0.0,3.0,0,6,20,Night
3069,200917087,11-11-2020 00:00,10/28/2020 12:00:00 AM,1700,9,Van Nuys,926,1,420,THEFT FROM MOTOR VEHICLE - PETTY ($950 & UNDER),,0,Unknown,,108,PARKING LOT,,,IC,Invest Cont,420,,,6500    WOODMAN                      AV,34.1903,-118.4399,2020.0,10.0,28.0,2.0,0.0,4.0,0,17,0,Afternoon
3071,200508789,04/28/2020 12:00:00 AM,04/28/2020 12:00:00 AM,855,5,Harbor,504,1,442,SHOPLIFTING - PETTY THEFT ($950 & UNDER),1309 0344 0352 1221 0325 0326 2028,0,X,X,404,DEPARTMENT STORE,,,AA,Adult Arrest,442,,,19500    NORMANDIE                    AV,33.8481,-118.3041,2020.0,4.0,28.0,1.0,0.0,2.0,0,8,55,Morning
3072,200714162,09/23/2020 12:00:00 AM,09/23/2020 12:00:00 AM,650,7,Wilshire,735,2,624,BATTERY - SIMPLE ASSAULT,1822 0447,27,F,H,203,OTHER BUSINESS,500.0,UNKNOWN WEAPON/OTHER WEAPON,IC,Invest Cont,624,,,5300    WILSHIRE                     BL,34.0622,-118.344,2020.0,9.0,23.0,2.0,0.0,3.0,0,6,50,Night
3074,200912889,07/29/2020 12:00:00 AM,07/28/2020 12:00:00 AM,2020,9,Van Nuys,935,1,510,VEHICLE - STOLEN,,0,Unknown,,101,STREET,,,IC,Invest Cont,510,,,VICTORY                      BL,34.1867,-118.4487,2020.0,7.0,28.0,1.0,0.0,3.0,0,20,20,Evening
3075,201205765,01/23/2020 12:00:00 AM,01/23/2020 12:00:00 AM,1445,12,77th Street,1231,2,745,VANDALISM - MISDEAMEANOR ($399 OR UNDER),0329 0913,59,F,H,501,SINGLE FAMILY DWELLING,,,AA,Adult Arrest,745,,,4100 W  59TH                         ST,33.9871,-118.3475,2020.0,1.0,23.0,3.0,0.0,1.0,0,14,45,Afternoon
3076,200411059,07/22/2020 12:00:00 AM,07/22/2020 12:00:00 AM,2210,4,Hollenbeck,497,2,740,"VANDALISM - FELONY ($400 & OVER, ALL CHURCH VANDALISMS)",0329 1300,0,X,X,511,PROJECT/TENEMENT/PUBLIC HOUSING,,,IC,Invest Cont,740,,,OLYMPIC,34.0188,-118.2066,2020.0,7.0,22.0,2.0,0.0,3.0,0,22,10,Evening
3077,200512068,07/20/2020 12:00:00 AM,07/20/2020 12:00:00 AM,1000,5,Harbor,505,1,510,VEHICLE - STOLEN,,0,Unknown,,108,PARKING LOT,,,IC,Invest Cont,510,,,20100    HAMILTON                     AV,33.8524,-118.2924,2020.0,7.0,20.0,0.0,0.0,3.0,0,10,0,Morning
3078,200309103,03/26/2020 12:00:00 AM,03/25/2020 12:00:00 AM,1730,3,Southwest,363,2,624,BATTERY - SIMPLE ASSAULT,1266 0444 1822 1309,45,M,H,203,OTHER BUSINESS,400.0,"STRONG-ARM (HANDS, FIST, FEET OR BODILY FORCE)",IC,Invest Cont,624,,,4000    MARTIN LUTHER KING JR        BL,34.0151,-118.3422,2020.0,3.0,25.0,2.0,0.0,1.0,0,17,30,Afternoon
3079,201013472,09/27/2020 12:00:00 AM,09/27/2020 12:00:00 AM,225,10,West Valley,1047,2,626,INTIMATE PARTNER - SIMPLE ASSAULT,2000 0400 0448 0913 1813,49,F,W,501,SINGLE FAMILY DWELLING,400.0,"STRONG-ARM (HANDS, FIST, FEET OR BODILY FORCE)",AO,Adult Other,626,,,17300    HATTERAS                     ST,34.1762,-118.5098,2020.0,9.0,27.0,6.0,0.0,3.0,1,2,25,Night
3080,200111093,04/28/2020 12:00:00 AM,04/28/2020 12:00:00 AM,1315,1,Central,174,1,480,BIKE - STOLEN,344,26,M,W,702,OFFICE BUILDING/OFFICE,,,IC,Invest Cont,480,,,700 S  SPRING                       ST,34.0445,-118.2523,2020.0,4.0,28.0,1.0,0.0,2.0,0,13,15,Afternoon
3082,200617562,11-03-2020 00:00,10/31/2020 12:00:00 AM,2300,6,Hollywood,656,2,354,THEFT OF IDENTITY,1501 0930,46,M,W,501,SINGLE FAMILY DWELLING,,,IC,Invest Cont,354,,,5900    WILLOUGHBY                   AV,34.0889,-118.3277,2020.0,10.0,31.0,5.0,0.0,4.0,1,23,0,Evening
3083,200517072,11/24/2020 12:00:00 AM,11/24/2020 12:00:00 AM,1351,5,Harbor,508,1,440,THEFT PLAIN - PETTY ($950 & UNDER),0344 0394,34,M,A,501,SINGLE FAMILY DWELLING,,,IC,Invest Cont,440,,,1600    235TH                        ST,33.8127,-118.3081,2020.0,11.0,24.0,1.0,0.0,4.0,0,13,51,Afternoon
3084,201113086,08/31/2020 12:00:00 AM,08/30/2020 12:00:00 AM,1,11,Northeast,1118,2,624,BATTERY - SIMPLE ASSAULT,0416 1822 0910 2048 2047 1218,43,M,A,971,MTA - GOLD LINE - HIGHLAND PARK,400.0,"STRONG-ARM (HANDS, FIST, FEET OR BODILY FORCE)",IC,Invest Cont,624,,,100 N  AVENUE 57,34.1096,-118.1928,2020.0,8.0,30.0,6.0,0.0,3.0,1,0,1,Night
3085,200618068,11/16/2020 12:00:00 AM,11/16/2020 12:00:00 AM,340,6,Hollywood,637,1,210,ROBBERY,2004 0400 0416 0344 0417 1822,19,M,H,102,SIDEWALK,400.0,"STRONG-ARM (HANDS, FIST, FEET OR BODILY FORCE)",AA,Adult Arrest,210,998.0,,GOWER,34.103,-118.3225,2020.0,11.0,16.0,0.0,0.0,4.0,0,3,40,Night
3088,200117138,08/30/2020 12:00:00 AM,08/30/2020 12:00:00 AM,400,1,Central,154,1,210,ROBBERY,0344 0337 0416 0913 2004 1218 1820 0334,42,F,B,502,"MULTI-UNIT DWELLING (APARTMENT, DUPLEX, ETC)",400.0,"STRONG-ARM (HANDS, FIST, FEET OR BODILY FORCE)",IC,Invest Cont,210,,,500 S  MAIN                         ST,34.0465,-118.2488,2020.0,8.0,30.0,6.0,0.0,3.0,1,4,0,Night
3089,200613365,07/31/2020 12:00:00 AM,07/30/2020 12:00:00 AM,1800,6,Hollywood,639,1,420,THEFT FROM MOTOR VEHICLE - PETTY ($950 & UNDER),1300 1601 1606 0344,44,F,A,123,PARKING UNDERGROUND/BUILDING,,,IC,Invest Cont,420,,,1800    WINONA                       BL,34.1038,-118.302,2020.0,7.0,30.0,3.0,0.0,3.0,0,18,0,Afternoon
3093,200704770,01/16/2020 12:00:00 AM,01/16/2020 12:00:00 AM,540,7,Wilshire,721,2,900,VIOLATION OF COURT ORDER,1501,32,F,W,502,"MULTI-UNIT DWELLING (APARTMENT, DUPLEX, ETC)",,,IC,Invest Cont,900,,,8500    BURTON WAY,34.0711,-118.3764,2020.0,1.0,16.0,3.0,0.0,1.0,0,5,40,Night
3094,200406972,03/15/2020 12:00:00 AM,02/29/2020 12:00:00 AM,1200,4,Hollenbeck,473,2,627,CHILD ABUSE (PHYSICAL) - SIMPLE ASSAULT,0913 0554 0416,11,M,H,502,"MULTI-UNIT DWELLING (APARTMENT, DUPLEX, ETC)",400.0,"STRONG-ARM (HANDS, FIST, FEET OR BODILY FORCE)",AO,Adult Other,627,,,2200    WHITTIER                     BL,34.0355,-118.2183,2020.0,2.0,29.0,5.0,0.0,1.0,1,12,0,Morning
3095,201305629,01/29/2020 12:00:00 AM,01/28/2020 12:00:00 AM,2000,13,Newton,1313,2,626,INTIMATE PARTNER - SIMPLE ASSAULT,1242 0913 2000 0444 0429 1309,31,F,B,502,"MULTI-UNIT DWELLING (APARTMENT, DUPLEX, ETC)",400.0,"STRONG-ARM (HANDS, FIST, FEET OR BODILY FORCE)",IC,Invest Cont,626,,,1100 E  20TH                         ST,34.025,-118.2542,2020.0,1.0,28.0,1.0,0.0,1.0,0,20,0,Evening
3096,200515400,10/17/2020 12:00:00 AM,10/17/2020 12:00:00 AM,545,5,Harbor,562,2,745,VANDALISM - MISDEAMEANOR ($399 OR UNDER),0329 1202,63,M,W,501,SINGLE FAMILY DWELLING,,,AO,Adult Other,745,,,1300 W  8TH                          ST,33.737,-118.3062,2020.0,10.0,17.0,5.0,0.0,4.0,1,5,45,Night
3097,200908819,04/23/2020 12:00:00 AM,04/23/2020 12:00:00 AM,945,9,Van Nuys,926,2,745,VANDALISM - MISDEAMEANOR ($399 OR UNDER),0329 1402,0,X,X,101,STREET,,,AA,Adult Arrest,745,998.0,,VAN NUYS                     BL,34.1877,-118.4487,2020.0,4.0,23.0,3.0,0.0,2.0,0,9,45,Morning
3098,201304827,01/15/2020 12:00:00 AM,01/15/2020 12:00:00 AM,100,13,Newton,1385,2,626,INTIMATE PARTNER - SIMPLE ASSAULT,2000 1814 0400 1300 1309 0913,33,F,H,201,JEWELRY STORE,400.0,"STRONG-ARM (HANDS, FIST, FEET OR BODILY FORCE)",IC,Invest Cont,626,,,700 E  SLAUSON                      AV,33.9893,-118.2628,2020.0,1.0,15.0,2.0,0.0,1.0,0,1,0,Night
3099,200405800,02/16/2020 12:00:00 AM,02/16/2020 12:00:00 AM,1300,4,Hollenbeck,473,2,624,BATTERY - SIMPLE ASSAULT,1822 0400 0416 0444 0429 1251,53,F,H,109,PARK/PLAYGROUND,400.0,"STRONG-ARM (HANDS, FIST, FEET OR BODILY FORCE)",IC,Invest Cont,624,,,400 S  SAINT LOUIS                  ST,34.0423,-118.2155,2020.0,2.0,16.0,6.0,0.0,1.0,1,13,0,Afternoon
3100,201009499,05/28/2020 12:00:00 AM,05/28/2020 12:00:00 AM,1250,10,West Valley,1008,2,930,CRIMINAL THREATS - NO WEAPON DISPLAYED,0443 1309 1822 0359 0325 0202 1266,19,M,H,243,"DIY CENTER (LOWE'S,HOME DEPOT,OSH,CONTRACTORS WAREHOUSE)",511.0,VERBAL THREAT,IC,Invest Cont,930,,,16800    ROSCOE                       BL,34.221,-118.4989,2020.0,5.0,28.0,3.0,0.0,2.0,0,12,50,Morning
3104,201107138,03-09-2020 00:00,02/28/2020 12:00:00 AM,830,11,Northeast,1186,2,946,OTHER MISCELLANEOUS CRIME,,0,M,O,101,STREET,,,IC,Invest Cont,946,,,1800    ACADEMY                      DR,34.0807,-118.2425,2020.0,2.0,28.0,4.0,0.0,1.0,0,8,30,Morning
3105,200710120,06-04-2020 00:00,05/30/2020 12:00:00 AM,2000,7,Wilshire,701,2,740,"VANDALISM - FELONY ($400 & OVER, ALL CHURCH VANDALISMS)",0329 1300,32,M,W,122,"VEHICLE, PASSENGER/TRUCK",,,IC,Invest Cont,740,,,MELROSE                      AV,34.0838,-118.3659,2020.0,5.0,30.0,5.0,0.0,2.0,1,20,0,Evening
3108,201011143,07/19/2020 12:00:00 AM,07/19/2020 12:00:00 AM,1140,10,West Valley,1088,1,230,"ASSAULT WITH DEADLY WEAPON, AGGRAVATED ASSAULT",0945 1309 1822 0325 0447 1420 1236 0416,61,M,H,402,MARKET,212.0,BOTTLE,IC,Invest Cont,230,,,16400 W  VENTURA                      BL,34.1573,-118.4901,2020.0,7.0,19.0,6.0,0.0,3.0,1,11,40,Morning
3110,201304716,01/14/2020 12:00:00 AM,01/14/2020 12:00:00 AM,945,13,Newton,1347,1,230,"ASSAULT WITH DEADLY WEAPON, AGGRAVATED ASSAULT",0913 1100 0334 0416 0302 0906,59,M,B,501,SINGLE FAMILY DWELLING,109.0,SEMI-AUTOMATIC PISTOL,AA,Adult Arrest,230,998.0,,1600 E  33RD                         ST,34.0112,-118.2459,2020.0,1.0,14.0,1.0,0.0,1.0,0,9,45,Morning
3111,200906324,02/21/2020 12:00:00 AM,02/21/2020 12:00:00 AM,1000,9,Van Nuys,911,2,626,INTIMATE PARTNER - SIMPLE ASSAULT,2000 0416 0417 1813 2004,50,F,W,108,PARKING LOT,400.0,"STRONG-ARM (HANDS, FIST, FEET OR BODILY FORCE)",AO,Adult Other,626,,,7100    SEPULVEDA                    BL,34.1938,-118.4702,2020.0,2.0,21.0,4.0,0.0,1.0,0,10,0,Morning
3112,200509414,05/13/2020 12:00:00 AM,05/13/2020 12:00:00 AM,715,5,Harbor,563,2,624,BATTERY - SIMPLE ASSAULT,0417 1202 1242 0602 0913 0561 0429,63,M,H,707,GARAGE/CARPORT,400.0,"STRONG-ARM (HANDS, FIST, FEET OR BODILY FORCE)",AO,Adult Other,624,,,1700 S  ALMA                         ST,33.7279,-118.299,2020.0,5.0,13.0,2.0,0.0,2.0,0,7,15,Morning
3113,200806440,02/23/2020 12:00:00 AM,02/23/2020 12:00:00 AM,1200,8,West LA,855,1,440,THEFT PLAIN - PETTY ($950 & UNDER),1202 0344 1501,64,M,W,102,SIDEWALK,,,IC,Invest Cont,440,,,SANTA MONICA                 BL,34.0477,-118.4443,2020.0,2.0,23.0,6.0,0.0,1.0,1,12,0,Morning
3114,200918724,12/22/2020 12:00:00 AM,12/20/2020 12:00:00 AM,115,9,Van Nuys,969,1,341,"THEFT-GRAND ($950.01 & OVER)EXCPT,GUNS,FOWL,LIVESTK,PROD",1309 0342 0344,52,M,W,402,MARKET,,,AO,Adult Other,341,,,12900    MAGNOLIA                     BL,34.1649,-118.414,2020.0,12.0,20.0,6.0,0.0,4.0,1,1,15,Night
3116,200213787,08/16/2020 12:00:00 AM,08/15/2020 12:00:00 AM,2245,2,Rampart,231,2,740,"VANDALISM - FELONY ($400 & OVER, ALL CHURCH VANDALISMS)",0329 0443 0319 0913,0,X,X,203,OTHER BUSINESS,500.0,UNKNOWN WEAPON/OTHER WEAPON,IC,Invest Cont,740,,,100 N  OCCIDENTAL                   BL,34.0721,-118.2818,2020.0,8.0,15.0,5.0,0.0,3.0,1,22,45,Evening
3117,200812330,07/27/2020 12:00:00 AM,07/24/2020 12:00:00 AM,1900,8,West LA,898,1,510,VEHICLE - STOLEN,,0,Unknown,,101,STREET,,,IC,Invest Cont,510,,,8900    OLIN                         ST,34.036,-118.3865,2020.0,7.0,24.0,4.0,0.0,3.0,0,19,0,Evening
3119,200209537,04/28/2020 12:00:00 AM,04/27/2020 12:00:00 AM,1215,2,Rampart,275,1,442,SHOPLIFTING - PETTY THEFT ($950 & UNDER),1822 0344 0325 0209,19,X,X,406,OTHER STORE,,,IC,Invest Cont,442,,,1600 W  OLYMPIC                      BL,34.0492,-118.2742,2020.0,4.0,27.0,0.0,0.0,2.0,0,12,15,Morning
3120,201217328,07/28/2020 12:00:00 AM,07/28/2020 12:00:00 AM,1450,12,77th Street,1245,1,230,"ASSAULT WITH DEADLY WEAPON, AGGRAVATED ASSAULT",1822 0329 0906,55,F,H,101,STREET,102.0,HAND GUN,IC,Invest Cont,230,,,1300 W  69TH                         ST,33.977,-118.3003,2020.0,7.0,28.0,1.0,0.0,3.0,0,14,50,Afternoon
3121,200218935,12/23/2020 12:00:00 AM,12/22/2020 12:00:00 AM,900,2,Rampart,216,2,354,THEFT OF IDENTITY,0100 1822,53,M,H,502,"MULTI-UNIT DWELLING (APARTMENT, DUPLEX, ETC)",,,IC,Invest Cont,354,,,2400    BELLEVUE                     AV,34.0746,-118.2707,2020.0,12.0,22.0,1.0,0.0,4.0,0,9,0,Morning
3122,200817911,12/24/2020 12:00:00 AM,12/24/2020 12:00:00 AM,1815,8,West LA,893,2,624,BATTERY - SIMPLE ASSAULT,0416 0431,59,M,W,501,SINGLE FAMILY DWELLING,400.0,"STRONG-ARM (HANDS, FIST, FEET OR BODILY FORCE)",AO,Adult Other,624,,,2700    VETERAN                      AV,34.0322,-118.4258,2020.0,12.0,24.0,3.0,0.0,4.0,0,18,15,Afternoon
3123,200514455,09/23/2020 12:00:00 AM,09/22/2020 12:00:00 AM,1100,5,Harbor,563,1,420,THEFT FROM MOTOR VEHICLE - PETTY ($950 & UNDER),0344 0386 1202 1300 1606,60,M,H,108,PARKING LOT,,,IC,Invest Cont,420,,,13TH                         ST,33.7324,-118.2924,2020.0,9.0,22.0,1.0,0.0,3.0,0,11,0,Morning
3124,200606265,02/16/2020 12:00:00 AM,02/13/2020 12:00:00 AM,1800,6,Hollywood,676,1,420,THEFT FROM MOTOR VEHICLE - PETTY ($950 & UNDER),1300 1601 0344 0352,44,F,W,108,PARKING LOT,,,IC,Invest Cont,420,,,700    EL CENTRO                    AV,34.0835,-118.3244,2020.0,2.0,13.0,3.0,0.0,1.0,0,18,0,Afternoon
3125,200314964,07/30/2020 12:00:00 AM,07/30/2020 12:00:00 AM,2230,3,Southwest,362,2,745,VANDALISM - MISDEAMEANOR ($399 OR UNDER),0329 0360 0561 0913 1238 1242,66,F,B,502,"MULTI-UNIT DWELLING (APARTMENT, DUPLEX, ETC)",,,IC,Invest Cont,745,,,4500    AUGUST                       ST,34.016,-118.3473,2020.0,7.0,30.0,3.0,0.0,3.0,0,22,30,Evening
3126,200807387,03/15/2020 12:00:00 AM,03/14/2020 12:00:00 AM,2000,8,West LA,855,1,420,THEFT FROM MOTOR VEHICLE - PETTY ($950 & UNDER),0344 1822 1606,41,F,W,123,PARKING UNDERGROUND/BUILDING,,,IC,Invest Cont,420,,,1400 S  BENTLEY                      AV,34.0519,-118.4466,2020.0,3.0,14.0,5.0,0.0,1.0,1,20,0,Evening
3127,201215391,06/26/2020 12:00:00 AM,06/22/2020 12:00:00 AM,2100,12,77th Street,1267,1,510,VEHICLE - STOLEN,,0,Unknown,,101,STREET,,,IC,Invest Cont,510,,,FIGUEROA,33.9632,-118.2827,2020.0,6.0,22.0,0.0,0.0,2.0,0,21,0,Evening
3132,201000572,02/26/2020 12:00:00 AM,02/26/2020 12:00:00 AM,1400,10,West Valley,1018,1,341,"THEFT-GRAND ($950.01 & OVER)EXCPT,GUNS,FOWL,LIVESTK,PROD",1822 0344,0,M,W,203,OTHER BUSINESS,,,IC,Invest Cont,341,,,16100    COHASSET                     ST,34.2066,-118.4837,2020.0,2.0,26.0,2.0,0.0,1.0,0,14,0,Afternoon
3136,201217582,08-01-2020 00:00,07/31/2020 12:00:00 AM,1300,12,77th Street,1243,1,310,BURGLARY,0344 1822,31,M,B,501,SINGLE FAMILY DWELLING,,,IC,Invest Cont,310,,,6200 S  VAN NESS                     AV,33.9818,-118.3177,2020.0,7.0,31.0,4.0,0.0,3.0,0,13,0,Afternoon
3138,200511258,07-01-2020 00:00,06/30/2020 12:00:00 AM,2300,5,Harbor,508,1,236,INTIMATE PARTNER - AGGRAVATED ASSAULT,0408 0432 0913 1241 1243 1813 2000,38,F,W,501,SINGLE FAMILY DWELLING,400.0,"STRONG-ARM (HANDS, FIST, FEET OR BODILY FORCE)",AO,Adult Other,236,,,23400    PRESIDENT                    AV,33.8129,-118.3071,2020.0,6.0,30.0,1.0,0.0,2.0,0,23,0,Evening
3141,200617396,10/30/2020 12:00:00 AM,10/30/2020 12:00:00 AM,100,6,Hollywood,632,1,440,THEFT PLAIN - PETTY ($950 & UNDER),1607 1822 0344 0325,0,X,X,203,OTHER BUSINESS,,,IC,Invest Cont,440,,,7900 W  SUNSET                       BL,34.098,-118.3623,2020.0,10.0,30.0,4.0,0.0,4.0,0,1,0,Night
3144,201212928,05/17/2020 12:00:00 AM,05/17/2020 12:00:00 AM,210,12,77th Street,1245,1,121,"RAPE, FORCIBLE",1822 1402 1415 1259 2034 0537 1817 0409 0527 0547,14,F,B,501,SINGLE FAMILY DWELLING,400.0,"STRONG-ARM (HANDS, FIST, FEET OR BODILY FORCE)",AA,Adult Arrest,121,812.0,,1200 W  65TH                         PL,33.9799,-118.2958,2020.0,5.0,17.0,6.0,0.0,2.0,1,2,10,Night
3145,201222697,10/15/2020 12:00:00 AM,10/15/2020 12:00:00 AM,1500,12,77th Street,1251,2,237,CHILD NEGLECT (SEE 300 W.I.C.),0913 0553 1257,5,M,B,710,OTHER PREMISE,,,AO,Adult Other,237,,,7100    10TH                         AV,33.9751,-118.328,2020.0,10.0,15.0,3.0,0.0,4.0,0,15,0,Afternoon
3148,201117133,12/31/2020 12:00:00 AM,12/29/2020 12:00:00 AM,1400,11,Northeast,1118,1,510,VEHICLE - STOLEN,,0,Unknown,,101,STREET,,,IC,Invest Cont,510,,,5600    IRVINGTON                    PL,34.1152,-118.1962,2020.0,12.0,29.0,1.0,0.0,4.0,0,14,0,Afternoon
3150,200808708,04/25/2020 12:00:00 AM,04/25/2020 12:00:00 AM,640,8,West LA,805,2,946,OTHER MISCELLANEOUS CRIME,1501,38,M,O,103,ALLEY,,,IC,Invest Cont,946,,,2200    LINDA FLORA                  DR,34.1126,-118.4647,2020.0,4.0,25.0,5.0,0.0,2.0,1,6,40,Night
3152,201013142,09/16/2020 12:00:00 AM,09/16/2020 12:00:00 AM,1800,10,West Valley,1017,2,624,BATTERY - SIMPLE ASSAULT,0913 0400 1202 0444 0416 0561 1206 1414,73,M,W,501,SINGLE FAMILY DWELLING,400.0,"STRONG-ARM (HANDS, FIST, FEET OR BODILY FORCE)",AA,Adult Arrest,624,,,17200    LEADWELL                     ST,34.2039,-118.5098,2020.0,9.0,16.0,2.0,0.0,3.0,0,18,0,Afternoon
3154,200312995,06/21/2020 12:00:00 AM,06/21/2020 12:00:00 AM,1910,3,Southwest,363,1,510,VEHICLE - STOLEN,,0,Unknown,,101,STREET,,,IC,Invest Cont,510,,,3600    COLISEUM                     PL,34.0165,-118.3365,2020.0,6.0,21.0,6.0,0.0,2.0,1,19,10,Evening
3156,201205711,01/24/2020 12:00:00 AM,01/24/2020 12:00:00 AM,2300,12,77th Street,1235,2,623,BATTERY POLICE (SIMPLE),1212 0400 0416 0906,0,X,X,102,SIDEWALK,400.0,"STRONG-ARM (HANDS, FIST, FEET OR BODILY FORCE)",IC,Invest Cont,623,,,SLAUSON                      AV,33.9892,-118.3024,2020.0,1.0,24.0,4.0,0.0,1.0,0,23,0,Evening
3160,200817912,12/24/2020 12:00:00 AM,12/24/2020 12:00:00 AM,1420,8,West LA,802,2,624,BATTERY - SIMPLE ASSAULT,0429 0444,51,F,W,101,STREET,400.0,"STRONG-ARM (HANDS, FIST, FEET OR BODILY FORCE)",AO,Adult Other,624,,,15200    PALISADES VILLAGE            LN,34.0467,-118.5242,2020.0,12.0,24.0,3.0,0.0,4.0,0,14,20,Afternoon
3165,201205614,01/23/2020 12:00:00 AM,01/22/2020 12:00:00 AM,1026,12,77th Street,1233,2,860,BATTERY WITH SEXUAL CONTACT,0913 0509 0522 0503 0541,50,F,O,517,MISSIONS/SHELTERS,400.0,"STRONG-ARM (HANDS, FIST, FEET OR BODILY FORCE)",AA,Adult Arrest,860,,,5900 S  ST ANDREWS                   PL,33.9862,-118.3111,2020.0,1.0,22.0,2.0,0.0,1.0,0,10,26,Morning
3168,201305119,01/21/2020 12:00:00 AM,01/19/2020 12:00:00 AM,1600,13,Newton,1325,1,510,VEHICLE - STOLEN,,0,Unknown,,101,STREET,,,IC,Invest Cont,510,,,3200    BOAZ                         ST,34.0146,-118.253,2020.0,1.0,19.0,6.0,0.0,1.0,1,16,0,Afternoon
3170,200807713,03/26/2020 12:00:00 AM,03/26/2020 12:00:00 AM,340,8,West LA,882,1,510,VEHICLE - STOLEN,,0,Unknown,,101,STREET,,,AO,Adult Other,510,,,11300 W  OLYMPIC                      BL,34.0378,-118.4419,2020.0,3.0,26.0,3.0,0.0,1.0,0,3,40,Night
3171,200407877,04/16/2020 12:00:00 AM,04/15/2020 12:00:00 AM,1700,4,Hollenbeck,406,1,330,BURGLARY FROM VEHICLE,1300 1302 0334,49,M,H,101,STREET,,,IC,Invest Cont,330,,,4200    VIA ARBOLADA,34.096,-118.185,2020.0,4.0,15.0,2.0,0.0,2.0,0,17,0,Afternoon
3172,200715314,10/25/2020 12:00:00 AM,10/25/2020 12:00:00 AM,1700,7,Wilshire,737,1,310,BURGLARY,0358 0344,58,M,A,501,SINGLE FAMILY DWELLING,,,IC,Invest Cont,310,,,300 S  SYCAMORE                     AV,34.0669,-118.3429,2020.0,10.0,25.0,6.0,0.0,4.0,1,17,0,Afternoon
3173,200118585,09/28/2020 12:00:00 AM,09/28/2020 12:00:00 AM,105,1,Central,132,1,510,VEHICLE - STOLEN,,0,Unknown,,108,PARKING LOT,,,AO,Adult Other,510,,,200 S  HOPE                         ST,34.0555,-118.2507,2020.0,9.0,28.0,0.0,0.0,3.0,0,1,5,Night
3174,200711402,07-08-2020 00:00,06/16/2020 12:00:00 AM,150,7,Wilshire,747,2,354,THEFT OF IDENTITY,928,33,M,W,208,AUTO SALES LOT,,,IC,Invest Cont,354,,,1100 S  TREMAINE                     AV,34.0531,-118.3391,2020.0,6.0,16.0,1.0,0.0,2.0,0,1,50,Night
3178,201220636,09/13/2020 12:00:00 AM,09/13/2020 12:00:00 AM,540,12,77th Street,1218,2,745,VANDALISM - MISDEAMEANOR ($399 OR UNDER),329,27,F,H,401,MINI-MART,,,IC,Invest Cont,745,,,5400 S  FIGUEROA                     ST,33.9923,-118.287,2020.0,9.0,13.0,6.0,0.0,3.0,1,5,40,Night
3179,201008711,05-05-2020 00:00,04/19/2020 12:00:00 AM,1100,10,West Valley,1028,2,930,CRIMINAL THREATS - NO WEAPON DISPLAYED,0913 1804 0443 0601,56,M,B,502,"MULTI-UNIT DWELLING (APARTMENT, DUPLEX, ETC)",511.0,VERBAL THREAT,AO,Adult Other,930,,,16800    VANOWEN                      ST,34.1939,-118.4989,2020.0,4.0,19.0,6.0,0.0,2.0,1,11,0,Morning
3182,200508783,04/27/2020 12:00:00 AM,04/27/2020 12:00:00 AM,335,5,Harbor,528,2,434,FALSE IMPRISONMENT,1257 0400 1251 1814 2000 2024 0444 0913,16,F,H,501,SINGLE FAMILY DWELLING,400.0,"STRONG-ARM (HANDS, FIST, FEET OR BODILY FORCE)",JA,Juv Arrest,434,,,1300 E  DENNI                        ST,33.7852,-118.2477,2020.0,4.0,27.0,0.0,0.0,2.0,0,3,35,Night
3183,200906671,02/28/2020 12:00:00 AM,02/28/2020 12:00:00 AM,915,9,Van Nuys,906,2,745,VANDALISM - MISDEAMEANOR ($399 OR UNDER),0329 0561,58,F,H,501,SINGLE FAMILY DWELLING,,,AA,Adult Arrest,745,,,7300    LENNOX                       AV,34.203,-118.4458,2020.0,2.0,28.0,4.0,0.0,1.0,0,9,15,Morning
3184,200105631,01/24/2020 12:00:00 AM,01/24/2020 12:00:00 AM,730,1,Central,185,2,624,BATTERY - SIMPLE ASSAULT,1802 0444,52,F,H,203,OTHER BUSINESS,400.0,"STRONG-ARM (HANDS, FIST, FEET OR BODILY FORCE)",AO,Adult Other,624,,,1100 S  MAIN                         ST,34.0391,-118.2581,2020.0,1.0,24.0,4.0,0.0,1.0,0,7,30,Morning
3185,200808812,04/28/2020 12:00:00 AM,04/28/2020 12:00:00 AM,1115,8,West LA,859,2,888,TRESPASSING,603,66,F,W,502,"MULTI-UNIT DWELLING (APARTMENT, DUPLEX, ETC)",,,AO,Adult Other,888,,,1400 S  SHENANDOAH                   ST,34.0539,-118.3817,2020.0,4.0,28.0,1.0,0.0,2.0,0,11,15,Morning
3186,200817929,12/26/2020 12:00:00 AM,12/26/2020 12:00:00 AM,42,8,West LA,853,1,310,BURGLARY,1420 0325 0358 1607 1309 1822,0,X,X,301,GAS STATION,,,AA,Adult Arrest,310,,,11300    SANTA MONICA                 BL,34.0463,-118.449,2020.0,12.0,26.0,5.0,0.0,4.0,1,0,42,Night
3188,200110014,04-03-2020 00:00,01/15/2020 12:00:00 AM,1640,1,Central,163,1,440,THEFT PLAIN - PETTY ($950 & UNDER),0907 0344 1822,0,X,X,418,,,,AO,Adult Other,440,,,700 S  BROADWAY,34.0452,-118.2534,2020.0,1.0,15.0,2.0,0.0,1.0,0,16,40,Afternoon
3189,200505574,02-07-2020 00:00,01/23/2020 12:00:00 AM,1200,5,Harbor,524,2,354,THEFT OF IDENTITY,929,34,F,H,501,SINGLE FAMILY DWELLING,,,IC,Invest Cont,354,,,1000 W  E                            ST,33.775,-118.2738,2020.0,1.0,23.0,3.0,0.0,1.0,0,12,0,Morning
3190,200513078,08/17/2020 12:00:00 AM,08/17/2020 12:00:00 AM,1030,5,Harbor,567,2,624,BATTERY - SIMPLE ASSAULT,2029 0400 0913,25,M,H,502,"MULTI-UNIT DWELLING (APARTMENT, DUPLEX, ETC)",400.0,"STRONG-ARM (HANDS, FIST, FEET OR BODILY FORCE)",AO,Adult Other,624,,,1800 S  CRESCENT                     AV,33.7289,-118.2846,2020.0,8.0,17.0,0.0,0.0,3.0,0,10,30,Morning
3191,200914717,09/15/2020 12:00:00 AM,09/14/2020 12:00:00 AM,2100,9,Van Nuys,915,1,510,VEHICLE - STOLEN,,0,Unknown,,101,STREET,,,IC,Invest Cont,510,,,14300    SHERMAN                      WY,34.2012,-118.445,2020.0,9.0,14.0,0.0,0.0,3.0,0,21,0,Evening
3193,200113352,06-12-2020 00:00,05/30/2020 12:00:00 AM,115,1,Central,162,1,310,BURGLARY,1420 1822 0344 1609 0329,0,F,H,403,DRUG STORE,,,AO,Adult Other,310,,,8TH,34.0459,-118.2579,2020.0,5.0,30.0,5.0,0.0,2.0,1,1,15,Night
3195,200509569,05/17/2020 12:00:00 AM,05/17/2020 12:00:00 AM,1900,5,Harbor,562,2,900,VIOLATION OF COURT ORDER,2038,7,M,B,502,"MULTI-UNIT DWELLING (APARTMENT, DUPLEX, ETC)",,,AO,Adult Other,900,,,1100 W  18TH                         ST,33.7279,-118.3012,2020.0,5.0,17.0,6.0,0.0,2.0,1,19,0,Evening
3197,200409862,06/17/2020 12:00:00 AM,06/16/2020 12:00:00 AM,2200,4,Hollenbeck,409,1,510,VEHICLE - STOLEN,,0,Unknown,,101,STREET,,,IC,Invest Cont,510,,,4300    MAYCREST                     AV,34.0942,-118.1613,2020.0,6.0,16.0,1.0,0.0,2.0,0,22,0,Evening
3198,200320943,11/26/2020 12:00:00 AM,11/26/2020 12:00:00 AM,920,3,Southwest,396,2,626,INTIMATE PARTNER - SIMPLE ASSAULT,0329 0400 0444 0913 1243 1309 1813 1814 2000,34,F,B,502,"MULTI-UNIT DWELLING (APARTMENT, DUPLEX, ETC)",400.0,"STRONG-ARM (HANDS, FIST, FEET OR BODILY FORCE)",IC,Invest Cont,626,,,800 W  42ND                         PL,34.0064,-118.2879,2020.0,11.0,26.0,3.0,0.0,4.0,0,9,20,Morning
3200,200212800,07/20/2020 12:00:00 AM,07/20/2020 12:00:00 AM,920,2,Rampart,236,2,900,VIOLATION OF COURT ORDER,2000 2038 1814,30,F,H,502,"MULTI-UNIT DWELLING (APARTMENT, DUPLEX, ETC)",,,AO,Adult Other,900,,,1900    MIRAMAR                      ST,34.0632,-118.2694,2020.0,7.0,20.0,0.0,0.0,3.0,0,9,20,Morning
3201,200509611,05/18/2020 12:00:00 AM,05/17/2020 12:00:00 AM,1800,5,Harbor,513,1,648,ARSON,1501,28,F,B,102,SIDEWALK,,,IC,Invest Cont,648,,,1100    256TH                        ST,33.7919,-118.2959,2020.0,5.0,17.0,6.0,0.0,2.0,1,18,0,Afternoon
3204,200215073,09/15/2020 12:00:00 AM,09/15/2020 12:00:00 AM,1550,2,Rampart,269,2,888,TRESPASSING,1822 0100,0,X,X,502,"MULTI-UNIT DWELLING (APARTMENT, DUPLEX, ETC)",,,IC,Invest Cont,888,,,1200 W  8TH                          ST,34.0496,-118.2677,2020.0,9.0,15.0,1.0,0.0,3.0,0,15,50,Afternoon
3205,200213072,07/27/2020 12:00:00 AM,07/27/2020 12:00:00 AM,1608,2,Rampart,249,2,860,BATTERY WITH SEXUAL CONTACT,0522 1822 0416,34,F,B,728,ELEVATOR,400.0,"STRONG-ARM (HANDS, FIST, FEET OR BODILY FORCE)",IC,Invest Cont,860,,,1100 W  6TH                          ST,34.0541,-118.2621,2020.0,7.0,27.0,0.0,0.0,3.0,0,16,8,Afternoon
3206,200206469,02/19/2020 12:00:00 AM,02/18/2020 12:00:00 AM,2130,2,Rampart,237,1,230,"ASSAULT WITH DEADLY WEAPON, AGGRAVATED ASSAULT",0416 0444 0913 1817 2004,23,F,B,502,"MULTI-UNIT DWELLING (APARTMENT, DUPLEX, ETC)",400.0,"STRONG-ARM (HANDS, FIST, FEET OR BODILY FORCE)",AO,Adult Other,230,,,200    WITMER                       ST,34.061,-118.2615,2020.0,2.0,18.0,1.0,0.0,1.0,0,21,30,Evening
3211,201225072,11/23/2020 12:00:00 AM,11/23/2020 12:00:00 AM,845,12,77th Street,1239,2,888,TRESPASSING,,50,M,H,502,"MULTI-UNIT DWELLING (APARTMENT, DUPLEX, ETC)",,,IC,Invest Cont,888,,,6100 S  FIGUEROA                     ST,33.9837,-118.2827,2020.0,11.0,23.0,0.0,0.0,4.0,0,8,45,Morning
3214,200409195,05/25/2020 12:00:00 AM,05/24/2020 12:00:00 AM,2120,4,Hollenbeck,497,1,220,ATTEMPTED ROBBERY,0913 0561 0443 0337 2004 1218,55,F,H,509,MOBILE HOME/TRAILERS/CONSTRUCTION TRAILERS/RV'S/MOTORHOME,511.0,VERBAL THREAT,AO,Adult Other,220,,,3400 E  PICO                         BL,34.018,-118.2065,2020.0,5.0,24.0,6.0,0.0,2.0,1,21,20,Evening
3218,201109057,05-05-2020 00:00,04/24/2020 12:00:00 AM,1100,11,Northeast,1161,1,330,BURGLARY FROM VEHICLE,344,39,F,F,101,STREET,,,IC,Invest Cont,330,,,1200 N  MARIPOSA                     AV,34.0931,-118.2994,2020.0,4.0,24.0,4.0,0.0,2.0,0,11,0,Morning
3221,201216579,07/15/2020 12:00:00 AM,07/15/2020 12:00:00 AM,1100,12,77th Street,1245,1,236,INTIMATE PARTNER - AGGRAVATED ASSAULT,0913 2000 1814 0400 0416 0408,29,F,B,101,STREET,400.0,"STRONG-ARM (HANDS, FIST, FEET OR BODILY FORCE)",IC,Invest Cont,236,,,1300 W  FLORENCE                     AV,33.9789,-118.2981,2020.0,7.0,15.0,2.0,0.0,3.0,0,11,0,Morning
3225,200606306,02/17/2020 12:00:00 AM,02/15/2020 12:00:00 AM,700,6,Hollywood,669,1,510,VEHICLE - STOLEN,,0,Unknown,,101,STREET,,,IC,Invest Cont,510,,,1200    HARVARD                      BL,34.0941,-118.3036,2020.0,2.0,15.0,5.0,0.0,1.0,1,7,0,Morning
3226,200618189,11/18/2020 12:00:00 AM,10/29/2020 12:00:00 AM,1730,6,Hollywood,642,2,662,"BUNCO, GRAND THEFT",0701 0344 0100 1501 1202,77,M,W,501,SINGLE FAMILY DWELLING,,,IC,Invest Cont,662,,,7500    HOLLYWOOD                    BL,34.1016,-118.36,2020.0,10.0,29.0,3.0,0.0,4.0,0,17,30,Afternoon
3227,200619337,12/16/2020 12:00:00 AM,12/15/2020 12:00:00 AM,1,6,Hollywood,648,2,740,"VANDALISM - FELONY ($400 & OVER, ALL CHURCH VANDALISMS)",0329 1822,0,X,X,203,OTHER BUSINESS,,,IC,Invest Cont,740,,,5500    HOLLYWOOD                    BL,34.1017,-118.31,2020.0,12.0,15.0,1.0,0.0,4.0,0,0,1,Night
3229,200914892,09/19/2020 12:00:00 AM,09/18/2020 12:00:00 AM,1630,9,Van Nuys,904,1,510,VEHICLE - STOLEN,,0,Unknown,,101,STREET,,,IC,Invest Cont,510,,,LULL                         ST,34.2094,-118.452,2020.0,9.0,18.0,4.0,0.0,3.0,0,16,30,Afternoon
3230,201108924,05-01-2020 00:00,04/28/2020 12:00:00 AM,1130,11,Northeast,1135,2,740,"VANDALISM - FELONY ($400 & OVER, ALL CHURCH VANDALISMS)",329,0,X,X,203,OTHER BUSINESS,,,IC,Invest Cont,740,,,3900    EAGLE ROCK                   BL,34.1194,-118.2304,2020.0,4.0,28.0,1.0,0.0,2.0,0,11,30,Morning
3232,200400714,03/31/2020 12:00:00 AM,03/31/2020 12:00:00 AM,630,4,Hollenbeck,497,1,520,VEHICLE - ATTEMPT STOLEN,0329 1302,63,M,H,101,STREET,,,IC,Invest Cont,520,,,2900 E  WASHINGTON                   BL,34.0167,-118.2176,2020.0,3.0,31.0,1.0,0.0,1.0,0,6,30,Night
3236,201225407,11/29/2020 12:00:00 AM,11/29/2020 12:00:00 AM,1105,12,77th Street,1257,2,740,"VANDALISM - FELONY ($400 & OVER, ALL CHURCH VANDALISMS)",1402 0329,0,X,X,101,STREET,,,AO,Adult Other,740,998.0,,76TH,33.9708,-118.2803,2020.0,11.0,29.0,6.0,0.0,4.0,1,11,5,Morning
3238,200314720,07/25/2020 12:00:00 AM,07/23/2020 12:00:00 AM,1422,3,Southwest,374,1,310,BURGLARY,0342 0344 0913 1202 1309 1822 0329,63,M,B,501,SINGLE FAMILY DWELLING,,,IC,Invest Cont,310,,,2500 W  MARTIN LUTHER KING JR        BL,34.0148,-118.3222,2020.0,7.0,23.0,3.0,0.0,3.0,0,14,22,Afternoon
3239,201109384,05/14/2020 12:00:00 AM,05/14/2020 12:00:00 AM,1600,11,Northeast,1174,2,740,"VANDALISM - FELONY ($400 & OVER, ALL CHURCH VANDALISMS)",0329 1307,35,F,H,101,STREET,,,IC,Invest Cont,740,,,2100    PARK                         DR,34.0913,-118.2467,2020.0,5.0,14.0,3.0,0.0,2.0,0,16,0,Afternoon
3240,200612015,06/29/2020 12:00:00 AM,06/25/2020 12:00:00 AM,1400,6,Hollywood,628,1,310,BURGLARY,0344 1609 1822,31,M,W,501,SINGLE FAMILY DWELLING,,,AO,Adult Other,310,,,2100    VINE                         ST,34.1085,-118.3267,2020.0,6.0,25.0,3.0,0.0,2.0,0,14,0,Afternoon
3241,201216586,07/16/2020 12:00:00 AM,07/15/2020 12:00:00 AM,800,12,77th Street,1258,1,510,VEHICLE - STOLEN,,0,Unknown,,101,STREET,,,IC,Invest Cont,510,,,MAIN                         ST,33.9708,-118.2739,2020.0,7.0,15.0,2.0,0.0,3.0,0,8,0,Morning
3242,200515951,10/29/2020 12:00:00 AM,10/26/2020 12:00:00 AM,2221,5,Harbor,523,1,510,VEHICLE - STOLEN,,0,Unknown,,108,PARKING LOT,,,IC,Invest Cont,510,,,2000    JOHN S GIBSON                BL,33.7566,-118.2896,2020.0,10.0,26.0,0.0,0.0,4.0,0,22,21,Evening
3243,200407408,03/30/2020 12:00:00 AM,03/26/2020 12:00:00 AM,1500,4,Hollenbeck,457,1,510,VEHICLE - STOLEN,,0,Unknown,,101,STREET,,,IC,Invest Cont,510,,,600 N  SOTO                         ST,34.0497,-118.206,2020.0,3.0,26.0,3.0,0.0,1.0,0,15,0,Afternoon
3244,201006367,02/23/2020 12:00:00 AM,02/23/2020 12:00:00 AM,1200,10,West Valley,1049,2,624,BATTERY - SIMPLE ASSAULT,0913 0416 2002,34,M,H,109,PARK/PLAYGROUND,400.0,"STRONG-ARM (HANDS, FIST, FEET OR BODILY FORCE)",AO,Adult Other,624,,,6300    BALBOA                       BL,34.184,-118.5011,2020.0,2.0,23.0,6.0,0.0,1.0,1,12,0,Morning
3246,200412042,08/22/2020 12:00:00 AM,08/22/2020 12:00:00 AM,1400,4,Hollenbeck,462,2,740,"VANDALISM - FELONY ($400 & OVER, ALL CHURCH VANDALISMS)",329,38,M,H,108,PARKING LOT,,,IC,Invest Cont,740,,,2100    WHITTIER                     BL,34.0365,-118.2205,2020.0,8.0,22.0,5.0,0.0,3.0,1,14,0,Afternoon
3247,201218921,08/20/2020 12:00:00 AM,08/19/2020 12:00:00 AM,1900,12,77th Street,1283,1,510,VEHICLE - STOLEN,,0,Unknown,,101,STREET,,,IC,Invest Cont,510,,,1400 W  94TH                         PL,33.9504,-118.3008,2020.0,8.0,19.0,2.0,0.0,3.0,0,19,0,Evening
3248,200311735,05/22/2020 12:00:00 AM,05/22/2020 12:00:00 AM,1400,3,Southwest,395,2,900,VIOLATION OF COURT ORDER,2000 1814 2038,21,F,B,501,SINGLE FAMILY DWELLING,,,AO,Adult Other,900,,,1500 W  MARTIN LUTHER KING JR        BL,34.0109,-118.3113,2020.0,5.0,22.0,4.0,0.0,2.0,0,14,0,Afternoon
3250,200514284,09/17/2020 12:00:00 AM,09/17/2020 12:00:00 AM,525,5,Harbor,532,2,901,VIOLATION OF RESTRAINING ORDER,0360 0913,56,F,H,501,SINGLE FAMILY DWELLING,,,AA,Adult Arrest,901,,,1100    GULF                         AV,33.7844,-118.2733,2020.0,9.0,17.0,3.0,0.0,3.0,0,5,25,Night
3251,200917287,11/15/2020 12:00:00 AM,11/15/2020 12:00:00 AM,1000,9,Van Nuys,937,1,230,"ASSAULT WITH DEADLY WEAPON, AGGRAVATED ASSAULT",0605 1822 1414 0416 0447 1312,33,M,H,122,"VEHICLE, PASSENGER/TRUCK",500.0,UNKNOWN WEAPON/OTHER WEAPON,IC,Invest Cont,230,,,WOODMAN                      AV,34.1867,-118.4313,2020.0,11.0,15.0,6.0,0.0,4.0,1,10,0,Morning
3253,200206576,02/20/2020 12:00:00 AM,02/20/2020 12:00:00 AM,2000,2,Rampart,289,2,626,INTIMATE PARTNER - SIMPLE ASSAULT,2000 1813 0447 0417 1601 0913,33,F,H,509,MOBILE HOME/TRAILERS/CONSTRUCTION TRAILERS/RV'S/MOTORHOME,400.0,"STRONG-ARM (HANDS, FIST, FEET OR BODILY FORCE)",IC,Invest Cont,626,,,12TH,34.0447,-118.2747,2020.0,2.0,20.0,3.0,0.0,1.0,0,20,0,Evening
3254,201008073,04/15/2020 12:00:00 AM,04/15/2020 12:00:00 AM,1345,10,West Valley,1021,1,420,THEFT FROM MOTOR VEHICLE - PETTY ($950 & UNDER),0344 1822 2032 2004,52,M,H,301,GAS STATION,,,AA,Adult Arrest,420,,,CORBIN                       AV,34.1938,-118.5623,2020.0,4.0,15.0,2.0,0.0,2.0,0,13,45,Afternoon
3256,200705430,01/30/2020 12:00:00 AM,01/26/2020 12:00:00 AM,5,7,Wilshire,701,1,350,"THEFT, PERSON",344,26,F,A,735,NIGHT CLUB (OPEN EVENINGS ONLY),,,IC,Invest Cont,350,,,600 N  LA CIENEGA                   BL,34.0862,-118.3765,2020.0,1.0,26.0,6.0,0.0,1.0,1,0,5,Night
3260,200512139,07/22/2020 12:00:00 AM,07/21/2020 12:00:00 AM,2000,5,Harbor,564,1,440,THEFT PLAIN - PETTY ($950 & UNDER),0344 1202,77,M,W,108,PARKING LOT,,,IC,Invest Cont,440,,,400 W  7TH                          ST,33.7379,-118.2862,2020.0,7.0,21.0,1.0,0.0,3.0,0,20,0,Evening
3261,201304888,01/16/2020 12:00:00 AM,01/15/2020 12:00:00 AM,2100,13,Newton,1353,1,510,VEHICLE - STOLEN,,0,Unknown,,101,STREET,,,IC,Invest Cont,510,,,900 E  42ND                         PL,34.0067,-118.26,2020.0,1.0,15.0,2.0,0.0,1.0,0,21,0,Evening
3262,201218477,08/13/2020 12:00:00 AM,08/13/2020 12:00:00 AM,2100,12,77th Street,1267,2,946,OTHER MISCELLANEOUS CRIME,1402,0,X,X,101,STREET,,,IC,Invest Cont,946,998.0,,FIGUEROA                     ST,33.9601,-118.2827,2020.0,8.0,13.0,3.0,0.0,3.0,0,21,0,Evening
3263,200215670,09/22/2020 12:00:00 AM,09/22/2020 12:00:00 AM,1830,2,Rampart,205,2,354,THEFT OF IDENTITY,1822 0100 0930,43,F,O,502,"MULTI-UNIT DWELLING (APARTMENT, DUPLEX, ETC)",,,IC,Invest Cont,354,,,800 N  VENDOME                      ST,34.0811,-118.2763,2020.0,9.0,22.0,1.0,0.0,3.0,0,18,30,Afternoon
3264,201109638,05/22/2020 12:00:00 AM,05/20/2020 12:00:00 AM,1600,11,Northeast,1177,1,443,SHOPLIFTING - ATTEMPT,1300 0326 0342 0344 0104 0209,0,X,X,243,"DIY CENTER (LOWE'S,HOME DEPOT,OSH,CONTRACTORS WAREHOUSE)",,,AO,Adult Other,443,,,2000 N  FIGUEROA                     ST,34.0884,-118.2258,2020.0,5.0,20.0,2.0,0.0,2.0,0,16,0,Afternoon
3265,200615649,09/20/2020 12:00:00 AM,09/19/2020 12:00:00 AM,2200,6,Hollywood,648,2,740,"VANDALISM - FELONY ($400 & OVER, ALL CHURCH VANDALISMS)",0329 1300,27,M,H,108,PARKING LOT,,,IC,Invest Cont,740,,,1500 N  WESTERN                      AV,34.0982,-118.3092,2020.0,9.0,19.0,5.0,0.0,3.0,1,22,0,Evening
3266,200305756,01/30/2020 12:00:00 AM,01/29/2020 12:00:00 AM,1430,3,Southwest,362,2,624,BATTERY - SIMPLE ASSAULT,0448 0602 0360 1202,63,F,H,502,"MULTI-UNIT DWELLING (APARTMENT, DUPLEX, ETC)",400.0,"STRONG-ARM (HANDS, FIST, FEET OR BODILY FORCE)",AA,Adult Arrest,624,,,4600    OBAMA                        BL,34.017,-118.3477,2020.0,1.0,29.0,2.0,0.0,1.0,0,14,30,Afternoon
3267,200908522,04/16/2020 12:00:00 AM,04/15/2020 12:00:00 AM,1600,9,Van Nuys,911,2,627,CHILD ABUSE (PHYSICAL) - SIMPLE ASSAULT,1501,9,M,H,501,SINGLE FAMILY DWELLING,400.0,"STRONG-ARM (HANDS, FIST, FEET OR BODILY FORCE)",AA,Adult Arrest,627,,,15300    VOSE                         ST,34.1985,-118.4662,2020.0,4.0,15.0,2.0,0.0,2.0,0,16,0,Afternoon
3268,200814039,09/13/2020 12:00:00 AM,09/13/2020 12:00:00 AM,220,8,West LA,883,2,920,KIDNAPPING - GRAND ATTEMPT,0913 2014,22,F,W,122,"VEHICLE, PASSENGER/TRUCK",511.0,VERBAL THREAT,AO,Adult Other,920,,,2300 S  SEPULVEDA                    BL,34.04,-118.4393,2020.0,9.0,13.0,6.0,0.0,3.0,1,2,20,Night
3269,200305417,01/24/2020 12:00:00 AM,01/24/2020 12:00:00 AM,2200,3,Southwest,362,2,626,INTIMATE PARTNER - SIMPLE ASSAULT,2000 1814 0444 0429 0400,23,F,B,501,SINGLE FAMILY DWELLING,400.0,"STRONG-ARM (HANDS, FIST, FEET OR BODILY FORCE)",IC,Invest Cont,626,,,3900    NICOLET                      AV,34.0163,-118.3507,2020.0,1.0,24.0,4.0,0.0,1.0,0,22,0,Evening
3276,200118028,09/16/2020 12:00:00 AM,09/16/2020 12:00:00 AM,1030,1,Central,152,2,624,BATTERY - SIMPLE ASSAULT,0416 1218 2004,22,M,B,517,MISSIONS/SHELTERS,400.0,"STRONG-ARM (HANDS, FIST, FEET OR BODILY FORCE)",IC,Invest Cont,624,,,500 W  6TH                          ST,34.048,-118.2542,2020.0,9.0,16.0,2.0,0.0,3.0,0,10,30,Morning
3279,200710419,06/13/2020 12:00:00 AM,06/13/2020 12:00:00 AM,930,7,Wilshire,719,2,740,"VANDALISM - FELONY ($400 & OVER, ALL CHURCH VANDALISMS)",1309 1300 0329,50,F,H,101,STREET,,,IC,Invest Cont,740,,,ROSSMORE,34.0835,-118.3266,2020.0,6.0,13.0,5.0,0.0,2.0,1,9,30,Morning
3280,201006008,02/15/2020 12:00:00 AM,02/15/2020 12:00:00 AM,2000,10,West Valley,1011,2,627,CHILD ABUSE (PHYSICAL) - SIMPLE ASSAULT,0416 0400 0552 0913 0448 1259,16,F,W,501,SINGLE FAMILY DWELLING,400.0,"STRONG-ARM (HANDS, FIST, FEET OR BODILY FORCE)",AA,Adult Arrest,627,,,19600    GIFFORD                      ST,34.2052,-118.5601,2020.0,2.0,15.0,5.0,0.0,1.0,1,20,0,Evening
3281,201111449,07/15/2020 12:00:00 AM,07/14/2020 12:00:00 AM,1730,11,Northeast,1145,2,763,STALKING,0347 2041 2040 1906 1912 1822,30,F,A,501,SINGLE FAMILY DWELLING,500.0,UNKNOWN WEAPON/OTHER WEAPON,AO,Adult Other,763,,,2200    LOMA VISTA                   PL,34.1024,-118.2546,2020.0,7.0,14.0,1.0,0.0,3.0,0,17,30,Afternoon
3282,200111019,04/27/2020 12:00:00 AM,03/24/2020 12:00:00 AM,1100,1,Central,128,1,510,VEHICLE - STOLEN,,0,Unknown,,707,GARAGE/CARPORT,,,IC,Invest Cont,510,,,300 E  2ND                          ST,34.0498,-118.24,2020.0,3.0,24.0,1.0,0.0,1.0,0,11,0,Morning
3284,200411045,07/22/2020 12:00:00 AM,07/22/2020 12:00:00 AM,1100,4,Hollenbeck,497,1,331,THEFT FROM MOTOR VEHICLE - GRAND ($950.01 AND OVER),344,18,M,W,108,PARKING LOT,,,IC,Invest Cont,331,,,3100 E  11TH                         ST,34.0193,-118.2105,2020.0,7.0,22.0,2.0,0.0,3.0,0,11,0,Morning
3285,201010061,06/16/2020 12:00:00 AM,06/16/2020 12:00:00 AM,445,10,West Valley,1025,2,740,"VANDALISM - FELONY ($400 & OVER, ALL CHURCH VANDALISMS)",1822 0329 1414 1420,0,M,W,606,DRIVE THRU BANKING (WINDOW)*,,,IC,Invest Cont,740,,,18400    SHERMAN                      WY,34.2012,-118.5342,2020.0,6.0,16.0,1.0,0.0,2.0,0,4,45,Night
3286,201209086,03/13/2020 12:00:00 AM,03/13/2020 12:00:00 AM,1530,12,77th Street,1268,2,930,CRIMINAL THREATS - NO WEAPON DISPLAYED,0913 0603 0421 0319 0416 0447,46,M,H,501,SINGLE FAMILY DWELLING,511.0,VERBAL THREAT,IC,Invest Cont,930,,,200 W  85TH                         ST,33.9616,-118.2761,2020.0,3.0,13.0,4.0,0.0,1.0,0,15,30,Afternoon
3287,200800557,02/17/2020 12:00:00 AM,02/17/2020 12:00:00 AM,300,8,West LA,859,1,121,"RAPE, FORCIBLE",1817 1218 0527 0519 0408 0419 0429 0421 0526 0913,38,F,W,505,MOTEL,400.0,"STRONG-ARM (HANDS, FIST, FEET OR BODILY FORCE)",IC,Invest Cont,121,998.0,,LA CIENEGA                   BL,34.0445,-118.3768,2020.0,2.0,17.0,0.0,0.0,1.0,0,3,0,Night
3289,200618401,11/23/2020 12:00:00 AM,11/19/2020 12:00:00 AM,200,6,Hollywood,666,1,310,BURGLARY,1822 0321,0,X,X,502,"MULTI-UNIT DWELLING (APARTMENT, DUPLEX, ETC)",,,IC,Invest Cont,310,,,6200    FOUNTAIN                     AV,34.0944,-118.3266,2020.0,11.0,19.0,3.0,0.0,4.0,0,2,0,Night
3292,200308581,03/15/2020 12:00:00 AM,03/15/2020 12:00:00 AM,1400,3,Southwest,355,1,420,THEFT FROM MOTOR VEHICLE - PETTY ($950 & UNDER),1822 1606 1309 0342 0344,76,M,H,101,STREET,,,IC,Invest Cont,420,,,3700 S  VAN NESS                     AV,34.0208,-118.3166,2020.0,3.0,15.0,6.0,0.0,1.0,1,14,0,Afternoon
3293,200508528,04/20/2020 12:00:00 AM,04/18/2020 12:00:00 AM,1430,5,Harbor,551,1,331,THEFT FROM MOTOR VEHICLE - GRAND ($950.01 AND OVER),1300 0344 0385,29,F,B,121,YARD (RESIDENTIAL/BUSINESS),,,IC,Invest Cont,331,,,1100 W  SUMMERLAND                   AV,33.7474,-118.3011,2020.0,4.0,18.0,5.0,0.0,2.0,1,14,30,Afternoon
3294,201011193,07/21/2020 12:00:00 AM,07/20/2020 12:00:00 AM,2100,10,West Valley,1011,1,510,VEHICLE - STOLEN,,0,Unknown,,101,STREET,,,IC,Invest Cont,510,,,19400    WYANDOTTE                    ST,34.2029,-118.5579,2020.0,7.0,20.0,0.0,0.0,3.0,0,21,0,Evening
3295,200710354,06-11-2020 00:00,05/30/2020 12:00:00 AM,1400,7,Wilshire,723,1,231,ASSAULT WITH DEADLY WEAPON ON POLICE OFFICER,1212 1822,0,F,O,101,STREET,500.0,UNKNOWN WEAPON/OTHER WEAPON,IC,Invest Cont,231,,,BEVERLY                      BL,34.0761,-118.3637,2020.0,5.0,30.0,5.0,0.0,2.0,1,14,0,Afternoon
3297,200907607,03/19/2020 12:00:00 AM,03/18/2020 12:00:00 AM,2000,9,Van Nuys,926,1,210,ROBBERY,0334 1218 1822 0305 0337 0202 0344,49,M,W,101,STREET,200.0,KNIFE WITH BLADE 6INCHES OR LESS,IC,Invest Cont,210,,,WOODMAN                      AV,34.194,-118.4312,2020.0,3.0,18.0,2.0,0.0,1.0,0,20,0,Evening
3298,200518123,12/20/2020 12:00:00 AM,12/20/2020 12:00:00 AM,1420,5,Harbor,565,1,761,BRANDISH WEAPON,0334 2024 0913 0416 0446 0429 0417,0,X,X,514,GROUP HOME,200.0,KNIFE WITH BLADE 6INCHES OR LESS,IC,Invest Cont,761,,,500 W  8TH                          ST,33.737,-118.2884,2020.0,12.0,20.0,6.0,0.0,4.0,1,14,20,Afternoon
3299,200910206,05/27/2020 12:00:00 AM,05/26/2020 12:00:00 AM,1930,9,Van Nuys,923,2,745,VANDALISM - MISDEAMEANOR ($399 OR UNDER),0329 1300,26,F,W,101,STREET,,,IC,Invest Cont,745,,,14600    KITTRIDGE                    ST,34.1907,-118.4509,2020.0,5.0,26.0,1.0,0.0,2.0,0,19,30,Evening
3300,200816692,11/20/2020 12:00:00 AM,11/20/2020 12:00:00 AM,2245,8,West LA,841,1,210,ROBBERY,0916 1822 1300 0334 0344 1310 0432 0355 0342,37,M,W,101,STREET,109.0,SEMI-AUTOMATIC PISTOL,JA,Juv Arrest,210,,,SALTAIR                      AV,34.0415,-118.4627,2020.0,11.0,20.0,4.0,0.0,4.0,0,22,45,Evening
3301,200617128,10/24/2020 12:00:00 AM,10/24/2020 12:00:00 AM,1300,6,Hollywood,649,2,626,INTIMATE PARTNER - SIMPLE ASSAULT,2000 0400 0416 0913 1814 1501 0429,29,F,W,502,"MULTI-UNIT DWELLING (APARTMENT, DUPLEX, ETC)",400.0,"STRONG-ARM (HANDS, FIST, FEET OR BODILY FORCE)",AO,Adult Other,626,,,1500 N  KINGSLEY                     DR,34.0981,-118.3033,2020.0,10.0,24.0,5.0,0.0,4.0,1,13,0,Afternoon
3302,201209230,03/16/2020 12:00:00 AM,03/13/2020 12:00:00 AM,1900,12,77th Street,1273,1,420,THEFT FROM MOTOR VEHICLE - PETTY ($950 & UNDER),,0,Unknown,,101,STREET,,,IC,Invest Cont,420,,,8900    RUTHELEN                     ST,33.9564,-118.3123,2020.0,3.0,13.0,4.0,0.0,1.0,0,19,0,Evening
3303,200715015,10/17/2020 12:00:00 AM,10/17/2020 12:00:00 AM,1900,7,Wilshire,719,2,740,"VANDALISM - FELONY ($400 & OVER, ALL CHURCH VANDALISMS)",0329 2000 1814 1222 2007,38,M,W,501,SINGLE FAMILY DWELLING,,,IC,Invest Cont,740,,,600 N  ROSSMORE                     AV,34.0817,-118.3272,2020.0,10.0,17.0,5.0,0.0,4.0,1,19,0,Evening
3306,200208898,04-12-2020 00:00,02/14/2020 12:00:00 AM,2300,2,Rampart,247,1,210,ROBBERY,0444 0448 0344 0342 0400 0906 0913 0361,35,M,H,501,SINGLE FAMILY DWELLING,400.0,"STRONG-ARM (HANDS, FIST, FEET OR BODILY FORCE)",IC,Invest Cont,210,,,500 S  UNION                        AV,34.0596,-118.2701,2020.0,2.0,14.0,4.0,0.0,1.0,0,23,0,Evening
3308,200814408,09/18/2020 12:00:00 AM,08/13/2020 12:00:00 AM,1900,8,West LA,852,2,946,OTHER MISCELLANEOUS CRIME,913,0,X,X,726,POLICE FACILITY,,,AO,Adult Other,946,,,1600    BUTLER                       AV,34.0413,-118.4561,2020.0,8.0,13.0,3.0,0.0,3.0,0,19,0,Evening
3309,201223517,10/29/2020 12:00:00 AM,10/29/2020 12:00:00 AM,230,12,77th Street,1256,1,230,"ASSAULT WITH DEADLY WEAPON, AGGRAVATED ASSAULT",1402 0411 0342 0416 0417 1215 0913,0,F,B,101,STREET,216.0,SCISSORS,AO,Adult Other,230,,,76TH                         ST,33.9708,-118.2827,2020.0,10.0,29.0,3.0,0.0,4.0,0,2,30,Night
3310,200810903,06/21/2020 12:00:00 AM,06/20/2020 12:00:00 AM,1200,8,West LA,848,1,510,VEHICLE - STOLEN,,0,Unknown,,101,STREET,,,IC,Invest Cont,510,,,2300    FOX HILLS                    DR,34.0508,-118.415,2020.0,6.0,20.0,5.0,0.0,2.0,1,12,0,Morning
3311,200112295,05/28/2020 12:00:00 AM,05/27/2020 12:00:00 AM,1400,1,Central,174,1,341,"THEFT-GRAND ($950.01 & OVER)EXCPT,GUNS,FOWL,LIVESTK,PROD",0344 1606 1822 1414,0,M,W,118,CONSTRUCTION SITE,,,IC,Invest Cont,341,,,700 S  MAIN                         ST,34.0439,-118.2514,2020.0,5.0,27.0,2.0,0.0,2.0,0,14,0,Afternoon
3313,200313114,06/23/2020 12:00:00 AM,06/23/2020 12:00:00 AM,2230,3,Southwest,393,1,230,"ASSAULT WITH DEADLY WEAPON, AGGRAVATED ASSAULT",0400 0913 1202 1309,61,M,B,102,SIDEWALK,307.0,VEHICLE,IC,Invest Cont,230,,,43RD                         ST,34.006,-118.3305,2020.0,6.0,23.0,1.0,0.0,2.0,0,22,30,Evening
3315,201227079,12/24/2020 12:00:00 AM,12/24/2020 12:00:00 AM,1600,12,77th Street,1267,2,623,BATTERY POLICE (SIMPLE),1212 0400 0356 2004 1822,0,X,X,101,STREET,400.0,"STRONG-ARM (HANDS, FIST, FEET OR BODILY FORCE)",AA,Adult Arrest,623,,,82ND                         ST,33.9643,-118.2827,2020.0,12.0,24.0,3.0,0.0,4.0,0,16,0,Afternoon
3316,200118137,09/18/2020 12:00:00 AM,09/16/2020 12:00:00 AM,500,1,Central,176,1,510,VEHICLE - STOLEN,,0,Unknown,,707,GARAGE/CARPORT,,,IC,Invest Cont,510,,,700    SANTEE                       ST,34.0413,-118.2517,2020.0,9.0,16.0,2.0,0.0,3.0,0,5,0,Night
3317,201305510,01/28/2020 12:00:00 AM,01/28/2020 12:00:00 AM,25,13,Newton,1383,1,230,"ASSAULT WITH DEADLY WEAPON, AGGRAVATED ASSAULT",0913 0416,33,M,H,202,LIQUOR STORE,212.0,BOTTLE,IC,Invest Cont,230,,,6000 S  BROADWAY,33.9851,-118.2783,2020.0,1.0,28.0,1.0,0.0,1.0,0,0,25,Night
3319,200905487,02-04-2020 00:00,01/31/2020 12:00:00 AM,1730,9,Van Nuys,991,2,626,INTIMATE PARTNER - SIMPLE ASSAULT,1202 2000 0416 0446 1814 0447,66,M,W,501,SINGLE FAMILY DWELLING,400.0,"STRONG-ARM (HANDS, FIST, FEET OR BODILY FORCE)",AO,Adult Other,626,,,4200    WOODCLIFF                    RD,34.1467,-118.4674,2020.0,1.0,31.0,4.0,0.0,1.0,0,17,30,Afternoon
3321,200616169,10-02-2020 00:00,09/30/2020 12:00:00 AM,1630,6,Hollywood,637,1,510,VEHICLE - STOLEN,,0,Unknown,,108,PARKING LOT,,,IC,Invest Cont,510,,,6200 W  HOLLYWOOD                    BL,34.103,-118.3225,2020.0,9.0,30.0,2.0,0.0,3.0,0,16,30,Afternoon
3322,200517126,11/26/2020 12:00:00 AM,11/26/2020 12:00:00 AM,900,5,Harbor,515,2,624,BATTERY - SIMPLE ASSAULT,0416 0432 0447 1822,0,F,H,402,MARKET,500.0,UNKNOWN WEAPON/OTHER WEAPON,IC,Invest Cont,624,,,300 W  PACIFIC COAST                HY,33.7948,-118.2694,2020.0,11.0,26.0,3.0,0.0,4.0,0,9,0,Morning
3323,201116933,12/24/2020 12:00:00 AM,12/21/2020 12:00:00 AM,1800,11,Northeast,1174,1,510,VEHICLE - STOLEN,,0,Unknown,,104,DRIVEWAY,,,AO,Adult Other,510,,,2400    VALENTINE                    ST,34.0927,-118.2458,2020.0,12.0,21.0,0.0,0.0,4.0,0,18,0,Afternoon
3325,200200946,12/26/2020 12:00:00 AM,12/26/2020 12:00:00 AM,1950,2,Rampart,251,1,236,INTIMATE PARTNER - AGGRAVATED ASSAULT,0906 0913 2000 2002 0334 0421 0449 0371 1813 1402,28,F,H,502,"MULTI-UNIT DWELLING (APARTMENT, DUPLEX, ETC)",200.0,KNIFE WITH BLADE 6INCHES OR LESS,AA,Adult Arrest,236,998.0,,400 S  RAMPART                      BL,34.0646,-118.2799,2020.0,12.0,26.0,5.0,0.0,4.0,1,19,50,Evening
3326,201016273,12/20/2020 12:00:00 AM,12/20/2020 12:00:00 AM,737,10,West Valley,1063,1,331,THEFT FROM MOTOR VEHICLE - GRAND ($950.01 AND OVER),0344 1606 0352 1822 1300 1420 1414,0,M,W,108,PARKING LOT,,,IC,Invest Cont,331,,,18600    VENTURA                      BL,34.1698,-118.5386,2020.0,12.0,20.0,6.0,0.0,4.0,1,7,37,Morning
3327,201219515,08/28/2020 12:00:00 AM,08/28/2020 12:00:00 AM,230,12,77th Street,1207,1,220,ATTEMPTED ROBBERY,1822 0342 2024 0416 0446 0337 1019,50,M,H,101,STREET,400.0,"STRONG-ARM (HANDS, FIST, FEET OR BODILY FORCE)",IC,Invest Cont,220,,,S  HOOVER                       ST,34.0037,-118.2872,2020.0,8.0,28.0,4.0,0.0,3.0,0,2,30,Night
3328,200109229,03/16/2020 12:00:00 AM,03/13/2020 12:00:00 AM,1700,1,Central,195,2,745,VANDALISM - MISDEAMEANOR ($399 OR UNDER),0329 0397,48,M,A,203,OTHER BUSINESS,,,IC,Invest Cont,745,,,1300 S  BROADWAY,34.0371,-118.2612,2020.0,3.0,13.0,4.0,0.0,1.0,0,17,0,Afternoon
3329,200411775,08/15/2020 12:00:00 AM,08/15/2020 12:00:00 AM,1820,4,Hollenbeck,445,1,230,"ASSAULT WITH DEADLY WEAPON, AGGRAVATED ASSAULT",0906 0371 0302 0334 0913,30,M,H,102,SIDEWALK,106.0,UNKNOWN FIREARM,AA,Adult Arrest,230,,,2000    MARENGO                      ST,34.057,-118.2082,2020.0,8.0,15.0,5.0,0.0,3.0,1,18,20,Afternoon
3330,200908606,04/18/2020 12:00:00 AM,04/13/2020 12:00:00 AM,1034,9,Van Nuys,964,1,440,THEFT PLAIN - PETTY ($950 & UNDER),0344 0394 0935,66,F,W,501,SINGLE FAMILY DWELLING,,,IC,Invest Cont,440,,,13900    HARTSOOK                     ST,34.1635,-118.4356,2020.0,4.0,13.0,0.0,0.0,2.0,0,10,34,Morning
3331,201115951,11/21/2020 12:00:00 AM,11/16/2020 12:00:00 AM,1830,11,Northeast,1109,1,331,THEFT FROM MOTOR VEHICLE - GRAND ($950.01 AND OVER),0385 0327,52,M,H,108,PARKING LOT,,,IC,Invest Cont,331,,,7400 N  FIGUEROA                     ST,34.1387,-118.1873,2020.0,11.0,16.0,0.0,0.0,4.0,0,18,30,Afternoon
3333,200316551,08/30/2020 12:00:00 AM,08/30/2020 12:00:00 AM,300,3,Southwest,328,2,745,VANDALISM - MISDEAMEANOR ($399 OR UNDER),1307 0329 1251,20,M,W,122,"VEHICLE, PASSENGER/TRUCK",,,IC,Invest Cont,745,,,900 W  28TH                         ST,34.0283,-118.2822,2020.0,8.0,30.0,6.0,0.0,3.0,1,3,0,Night
3334,200313180,06/25/2020 12:00:00 AM,06/25/2020 12:00:00 AM,630,3,Southwest,341,1,330,BURGLARY FROM VEHICLE,1822 1609 0321 0329 0344 1307,29,F,H,101,STREET,,,IC,Invest Cont,330,,,JEFFERSON                    BL,34.0212,-118.3781,2020.0,6.0,25.0,3.0,0.0,2.0,0,6,30,Night
3336,200406304,02/28/2020 12:00:00 AM,02/26/2020 12:00:00 AM,1800,4,Hollenbeck,473,2,740,"VANDALISM - FELONY ($400 & OVER, ALL CHURCH VANDALISMS)",329,0,M,W,109,PARK/PLAYGROUND,,,IC,Invest Cont,740,,,400 S  SAINT LOUIS                  ST,34.0423,-118.2155,2020.0,2.0,26.0,2.0,0.0,1.0,0,18,0,Afternoon
3338,200617510,11-02-2020 00:00,10/31/2020 12:00:00 AM,1500,6,Hollywood,625,1,341,"THEFT-GRAND ($950.01 & OVER)EXCPT,GUNS,FOWL,LIVESTK,PROD",0344 0329 1602 1822 1501 1300 1402,0,X,X,121,YARD (RESIDENTIAL/BUSINESS),218.0,OTHER CUTTING INSTRUMENT,IC,Invest Cont,341,998.0,,2700    CAHUENGA                     BL,34.1172,-118.3378,2020.0,10.0,31.0,5.0,0.0,4.0,1,15,0,Afternoon
3340,201116639,12/14/2020 12:00:00 AM,12/14/2020 12:00:00 AM,630,11,Northeast,1145,2,626,INTIMATE PARTNER - SIMPLE ASSAULT,0400 0416 0913 1813 1821 2000 1300,47,F,H,110,FREEWAY,400.0,"STRONG-ARM (HANDS, FIST, FEET OR BODILY FORCE)",AO,Adult Other,626,,,GLENDALE                     FY,34.1024,-118.2546,2020.0,12.0,14.0,0.0,0.0,4.0,0,6,30,Night
3341,200716465,11/28/2020 12:00:00 AM,11/27/2020 12:00:00 AM,1930,7,Wilshire,732,1,330,BURGLARY FROM VEHICLE,1822 0385 1300,26,F,O,101,STREET,,,IC,Invest Cont,330,,,W  6TH                          ST,34.0656,-118.368,2020.0,11.0,27.0,4.0,0.0,4.0,0,19,30,Evening
3342,200113922,06/25/2020 12:00:00 AM,06/24/2020 12:00:00 AM,2300,1,Central,101,1,330,BURGLARY FROM VEHICLE,0344 1609 1822 0329 0377 1307,24,M,O,123,PARKING UNDERGROUND/BUILDING,,,IC,Invest Cont,330,,,1200    VIN SCULLY                   AV,34.0725,-118.2489,2020.0,6.0,24.0,2.0,0.0,2.0,0,23,0,Evening
3344,200610343,05/17/2020 12:00:00 AM,05/17/2020 12:00:00 AM,1850,6,Hollywood,638,2,900,VIOLATION OF COURT ORDER,0913 2038,43,M,B,501,SINGLE FAMILY DWELLING,511.0,VERBAL THREAT,AA,Adult Arrest,900,,,1800    TAMARIND                     AV,34.1041,-118.3193,2020.0,5.0,17.0,6.0,0.0,2.0,1,18,50,Afternoon
3345,200110879,04/22/2020 12:00:00 AM,04/22/2020 12:00:00 AM,1320,1,Central,111,2,624,BATTERY - SIMPLE ASSAULT,1601 0417 1218,27,F,B,109,PARK/PLAYGROUND,400.0,"STRONG-ARM (HANDS, FIST, FEET OR BODILY FORCE)",IC,Invest Cont,624,,,ALAMEDA,34.0578,-118.2371,2020.0,4.0,22.0,2.0,0.0,2.0,0,13,20,Afternoon
3346,200507248,03/16/2020 12:00:00 AM,03/15/2020 12:00:00 AM,2200,5,Harbor,504,1,310,BURGLARY,0329 0314 1607,59,M,H,502,"MULTI-UNIT DWELLING (APARTMENT, DUPLEX, ETC)",,,IC,Invest Cont,310,,,1500 W  204TH                        ST,33.8449,-118.304,2020.0,3.0,15.0,6.0,0.0,1.0,1,22,0,Evening
3348,200204859,01/17/2020 12:00:00 AM,01/17/2020 12:00:00 AM,1450,2,Rampart,291,1,350,"THEFT, PERSON",1822 0345 0400 0346 0390 0202,38,F,O,102,SIDEWALK,400.0,"STRONG-ARM (HANDS, FIST, FEET OR BODILY FORCE)",IC,Invest Cont,350,,,2000 W  PICO                         BL,34.0467,-118.2814,2020.0,1.0,17.0,4.0,0.0,1.0,0,14,50,Afternoon
3352,201306579,02/16/2020 12:00:00 AM,02/15/2020 12:00:00 AM,2150,13,Newton,1394,1,330,BURGLARY FROM VEHICLE,1300 0329 1609 0344,26,F,B,101,STREET,,,IC,Invest Cont,330,,,67TH                         ST,33.9788,-118.2739,2020.0,2.0,15.0,5.0,0.0,1.0,1,21,50,Evening
3354,200412066,08/23/2020 12:00:00 AM,08/23/2020 12:00:00 AM,1610,4,Hollenbeck,412,1,341,"THEFT-GRAND ($950.01 & OVER)EXCPT,GUNS,FOWL,LIVESTK,PROD",0302 0342 0344 1309 1822 0945,0,M,W,203,OTHER BUSINESS,102.0,HAND GUN,IC,Invest Cont,341,,,2400 N  BROADWAY,34.0806,-118.2176,2020.0,8.0,23.0,6.0,0.0,3.0,1,16,10,Afternoon
3355,200814562,09/26/2020 12:00:00 AM,09/20/2020 12:00:00 AM,1,8,West LA,884,1,310,BURGLARY,1822 0344 0321 1607 1202 0352 1221,22,M,H,501,SINGLE FAMILY DWELLING,,,IC,Invest Cont,310,,,10700    ASHBY                        AV,34.038,-118.4223,2020.0,9.0,20.0,6.0,0.0,3.0,1,0,1,Night
3356,200618421,11/24/2020 12:00:00 AM,11/24/2020 12:00:00 AM,250,6,Hollywood,648,2,624,BATTERY - SIMPLE ASSAULT,0400 0408,0,M,X,101,STREET,400.0,"STRONG-ARM (HANDS, FIST, FEET OR BODILY FORCE)",IC,Invest Cont,624,,,HOLLYWOOD,34.1018,-118.3093,2020.0,11.0,24.0,1.0,0.0,4.0,0,2,50,Night
3357,200110792,04/21/2020 12:00:00 AM,04/16/2020 12:00:00 AM,1530,1,Central,195,1,510,VEHICLE - STOLEN,,0,Unknown,,108,PARKING LOT,,,IC,Invest Cont,510,,,100 E  WASHINGTON                   BL,34.0335,-118.2619,2020.0,4.0,16.0,3.0,0.0,2.0,0,15,30,Afternoon
3359,200615837,09/24/2020 12:00:00 AM,09/22/2020 12:00:00 AM,1330,6,Hollywood,643,2,662,"BUNCO, GRAND THEFT",1822 0701,32,F,O,502,"MULTI-UNIT DWELLING (APARTMENT, DUPLEX, ETC)",,,IC,Invest Cont,662,,,1600 N  FORMOSA                      AV,34.0998,-118.3468,2020.0,9.0,22.0,1.0,0.0,3.0,0,13,30,Afternoon
3360,200217666,11/20/2020 12:00:00 AM,11/19/2020 12:00:00 AM,2230,2,Rampart,236,1,330,BURGLARY FROM VEHICLE,0344 1307 0329 1609,40,M,H,101,STREET,,,IC,Invest Cont,330,,,TEMPLE,34.0695,-118.2655,2020.0,11.0,19.0,3.0,0.0,4.0,0,22,30,Evening
3364,200407982,04/19/2020 12:00:00 AM,04/19/2020 12:00:00 AM,1620,4,Hollenbeck,457,1,761,BRANDISH WEAPON,0334 0913 1259 0555,17,M,H,502,"MULTI-UNIT DWELLING (APARTMENT, DUPLEX, ETC)",207.0,OTHER KNIFE,JA,Juv Arrest,761,,,2400    BOULDER                      ST,34.0495,-118.2061,2020.0,4.0,19.0,6.0,0.0,2.0,1,16,20,Afternoon
3365,200306659,02/14/2020 12:00:00 AM,02/14/2020 12:00:00 AM,1830,3,Southwest,363,1,341,"THEFT-GRAND ($950.01 & OVER)EXCPT,GUNS,FOWL,LIVESTK,PROD",0344 2032,29,F,B,727,SHOPPING MALL (COMMON AREA),,,IC,Invest Cont,341,,,3600 W  MARTIN LUTHER KING           BL,34.011,-118.3351,2020.0,2.0,14.0,4.0,0.0,1.0,0,18,30,Afternoon
3366,201225834,11/30/2020 12:00:00 AM,11/29/2020 12:00:00 AM,1600,12,77th Street,1255,2,625,OTHER ASSAULT,1822 0416 0342 1309,20,X,X,501,SINGLE FAMILY DWELLING,400.0,"STRONG-ARM (HANDS, FIST, FEET OR BODILY FORCE)",IC,Invest Cont,625,,,7800    BRIGHTON                     AV,33.9678,-118.3014,2020.0,11.0,29.0,6.0,0.0,4.0,1,16,0,Afternoon
3371,200817952,12/26/2020 12:00:00 AM,12/26/2020 12:00:00 AM,1300,8,West LA,898,2,626,INTIMATE PARTNER - SIMPLE ASSAULT,2000 0416 1241 1821,43,M,H,501,SINGLE FAMILY DWELLING,400.0,"STRONG-ARM (HANDS, FIST, FEET OR BODILY FORCE)",AO,Adult Other,626,,,2400 S  ROBERTSON                    BL,34.0401,-118.3879,2020.0,12.0,26.0,5.0,0.0,4.0,1,13,0,Afternoon
3373,201113009,08/28/2020 12:00:00 AM,08/28/2020 12:00:00 AM,2000,11,Northeast,1102,1,420,THEFT FROM MOTOR VEHICLE - PETTY ($950 & UNDER),0344 0385,19,F,W,707,GARAGE/CARPORT,,,IC,Invest Cont,420,,,3200    LOS FELIZ                    BL,34.1367,-118.2713,2020.0,8.0,28.0,4.0,0.0,3.0,0,20,0,Evening
3374,200121716,11/30/2020 12:00:00 AM,11/29/2020 12:00:00 AM,2200,1,Central,111,2,745,VANDALISM - MISDEAMEANOR ($399 OR UNDER),0329 1822,0,M,W,725,"GOVERNMENT FACILITY (FEDERAL,STATE, COUNTY & CITY)",,,IC,Invest Cont,745,,,100    PASEO DE LA PLAZA,34.0615,-118.2412,2020.0,11.0,29.0,6.0,0.0,4.0,1,22,0,Evening
3378,200812063,07/20/2020 12:00:00 AM,07/20/2020 12:00:00 AM,910,8,West LA,895,1,310,BURGLARY,0314 0321 1822 1202 2034,77,M,W,501,SINGLE FAMILY DWELLING,,,IC,Invest Cont,310,,,2900    QUEENSBURY                   DR,34.0379,-118.4064,2020.0,7.0,20.0,0.0,0.0,3.0,0,9,10,Morning
3380,201104538,01/13/2020 12:00:00 AM,01/13/2020 12:00:00 AM,800,11,Northeast,1143,1,320,"BURGLARY, ATTEMPTED",1607 1501,33,F,W,502,"MULTI-UNIT DWELLING (APARTMENT, DUPLEX, ETC)",,,IC,Invest Cont,320,,,2300    BEN LOMOND                   DR,34.111,-118.2829,2020.0,1.0,13.0,0.0,0.0,1.0,0,8,0,Morning
3382,200706537,02/24/2020 12:00:00 AM,02/24/2020 12:00:00 AM,340,7,Wilshire,764,1,310,BURGLARY,1607 1601 0344,23,M,H,203,OTHER BUSINESS,,,IC,Invest Cont,310,,,5400 W  PICO                         BL,34.0485,-118.3558,2020.0,2.0,24.0,0.0,0.0,1.0,0,3,40,Night
3383,201226708,12/18/2020 12:00:00 AM,12/18/2020 12:00:00 AM,2100,12,77th Street,1283,2,740,"VANDALISM - FELONY ($400 & OVER, ALL CHURCH VANDALISMS)",0329 1300,33,F,B,501,SINGLE FAMILY DWELLING,,,IC,Invest Cont,740,,,9900    HAAS                         AV,33.9459,-118.3161,2020.0,12.0,18.0,4.0,0.0,4.0,0,21,0,Evening
3385,200618654,11/30/2020 12:00:00 AM,11/29/2020 12:00:00 AM,1440,6,Hollywood,643,1,310,BURGLARY,1822 0329 1601 1609 0344 0352,43,M,O,501,SINGLE FAMILY DWELLING,,,IC,Invest Cont,310,,,1600 N  VISTA                        ST,34.0998,-118.3519,2020.0,11.0,29.0,6.0,0.0,4.0,1,14,40,Afternoon
3386,200612588,07/14/2020 12:00:00 AM,07/14/2020 12:00:00 AM,900,6,Hollywood,644,2,902,VIOLATION OF TEMPORARY RESTRAINING ORDER,0561 2038 0913,67,F,O,502,"MULTI-UNIT DWELLING (APARTMENT, DUPLEX, ETC)",,,AO,Adult Other,902,,,1400 N  VISTA                        ST,34.0963,-118.3517,2020.0,7.0,14.0,1.0,0.0,3.0,0,9,0,Morning
3387,201217241,07/26/2020 12:00:00 AM,07/26/2020 12:00:00 AM,1800,12,77th Street,1268,1,210,ROBBERY,0344 0416 1300 0446 1822 1251 1240,18,F,B,122,"VEHICLE, PASSENGER/TRUCK",400.0,"STRONG-ARM (HANDS, FIST, FEET OR BODILY FORCE)",IC,Invest Cont,210,,,200 W  84TH                         PL,33.9624,-118.2761,2020.0,7.0,26.0,6.0,0.0,3.0,1,18,0,Afternoon
3388,200516991,11/23/2020 12:00:00 AM,11/22/2020 12:00:00 AM,1800,5,Harbor,587,1,510,VEHICLE - STOLEN,,0,Unknown,,101,STREET,,,IC,Invest Cont,510,,,3000 S  CAROLINA                     ST,33.7161,-118.2907,2020.0,11.0,22.0,6.0,0.0,4.0,1,18,0,Afternoon
3389,200619886,12/31/2020 12:00:00 AM,12/20/2020 12:00:00 AM,900,6,Hollywood,643,1,341,"THEFT-GRAND ($950.01 & OVER)EXCPT,GUNS,FOWL,LIVESTK,PROD",0344 1822 1501,32,M,W,502,"MULTI-UNIT DWELLING (APARTMENT, DUPLEX, ETC)",,,IC,Invest Cont,341,480.0,,7100    HAWTHORN                     AV,34.0998,-118.3451,2020.0,12.0,20.0,6.0,0.0,4.0,1,9,0,Morning
3390,200305657,01/28/2020 12:00:00 AM,01/28/2020 12:00:00 AM,640,3,Southwest,328,1,220,ATTEMPTED ROBBERY,0104 0432 2004 0355,19,X,X,210,RESTAURANT/FAST FOOD,511.0,VERBAL THREAT,AA,Adult Arrest,220,,,3300 S  FIGUEROA                     ST,34.0268,-118.2808,2020.0,1.0,28.0,1.0,0.0,1.0,0,6,40,Night
3391,201309710,04/21/2020 12:00:00 AM,04/20/2020 12:00:00 AM,2300,13,Newton,1367,2,740,"VANDALISM - FELONY ($400 & OVER, ALL CHURCH VANDALISMS)",1300 0329 1307,57,F,H,122,"VEHICLE, PASSENGER/TRUCK",,,IC,Invest Cont,740,,,54TH,33.9993,-118.2432,2020.0,4.0,20.0,0.0,0.0,2.0,0,23,0,Evening
3392,201205811,01/27/2020 12:00:00 AM,01/26/2020 12:00:00 AM,2000,12,77th Street,1256,1,510,VEHICLE - STOLEN,,0,Unknown,,101,STREET,,,IC,Invest Cont,510,,,900 W  74TH                         ST,33.9727,-118.2893,2020.0,1.0,26.0,6.0,0.0,1.0,1,20,0,Evening
3393,201211760,04/21/2020 12:00:00 AM,04/21/2020 12:00:00 AM,1940,12,77th Street,1248,2,626,INTIMATE PARTNER - SIMPLE ASSAULT,0329 2000 1814 0448 1309 2004 0913,21,F,H,501,SINGLE FAMILY DWELLING,400.0,"STRONG-ARM (HANDS, FIST, FEET OR BODILY FORCE)",AO,Adult Other,626,,,800 W  70TH                         ST,33.9764,-118.2873,2020.0,4.0,21.0,1.0,0.0,2.0,0,19,40,Evening
3395,200816769,11/23/2020 12:00:00 AM,11/22/2020 12:00:00 AM,1700,8,West LA,889,1,510,VEHICLE - STOLEN,,0,Unknown,,101,STREET,,,IC,Invest Cont,510,,,2000    CHARITON                     ST,34.0386,-118.3786,2020.0,11.0,22.0,6.0,0.0,4.0,1,17,0,Afternoon
3396,200908835,04/24/2020 12:00:00 AM,04/22/2020 12:00:00 AM,1500,9,Van Nuys,933,2,354,THEFT OF IDENTITY,0377 1822,23,F,O,710,OTHER PREMISE,,,IC,Invest Cont,354,,,VICTORY                      BL,34.1867,-118.4487,2020.0,4.0,22.0,2.0,0.0,2.0,0,15,0,Afternoon
3399,200211764,06/24/2020 12:00:00 AM,06/21/2020 12:00:00 AM,1,2,Rampart,238,1,121,"RAPE, FORCIBLE",0202 0429 0400 1402 1415 1822 0500 0527 1409 0522,19,M,H,101,STREET,400.0,"STRONG-ARM (HANDS, FIST, FEET OR BODILY FORCE)",IC,Invest Cont,121,998.0,,3RD                          ST,34.0642,-118.257,2020.0,6.0,21.0,6.0,0.0,2.0,1,0,1,Night
3401,200908932,04/26/2020 12:00:00 AM,04/25/2020 12:00:00 AM,600,9,Van Nuys,984,2,740,"VANDALISM - FELONY ($400 & OVER, ALL CHURCH VANDALISMS)",0329 1309,29,F,O,101,STREET,,,IC,Invest Cont,740,,,DICKENS                      ST,34.1504,-118.4517,2020.0,4.0,25.0,5.0,0.0,2.0,1,6,0,Night
3402,200413190,09/27/2020 12:00:00 AM,09/26/2020 12:00:00 AM,1700,4,Hollenbeck,409,1,510,VEHICLE - STOLEN,,0,Unknown,,101,STREET,,,IC,Invest Cont,510,,,5300 N  HUNTINGTON DR,34.0907,-118.1652,2020.0,9.0,26.0,5.0,0.0,3.0,1,17,0,Afternoon
3403,201215331,06/25/2020 12:00:00 AM,06/25/2020 12:00:00 AM,900,12,77th Street,1257,1,510,VEHICLE - STOLEN,,0,Unknown,,101,STREET,,,IC,Invest Cont,510,,,300 W  79TH                         ST,33.9693,-118.285,2020.0,6.0,25.0,3.0,0.0,2.0,0,9,0,Morning
3404,200216476,10/21/2020 12:00:00 AM,10/17/2020 12:00:00 AM,2100,2,Rampart,203,1,350,"THEFT, PERSON",0344 1822 1206,43,F,H,102,SIDEWALK,,,IC,Invest Cont,350,,,VERMONT                      BL,34.0836,-118.2917,2020.0,10.0,17.0,5.0,0.0,4.0,1,21,0,Evening
3407,200216861,10/30/2020 12:00:00 AM,10/30/2020 12:00:00 AM,625,2,Rampart,218,1,510,VEHICLE - STOLEN,,0,Unknown,,101,STREET,,,IC,Invest Cont,510,,,DOUGLAS                      ST,34.0689,-118.255,2020.0,10.0,30.0,4.0,0.0,4.0,0,6,25,Night
3410,200817695,12/18/2020 12:00:00 AM,12/17/2020 12:00:00 AM,1800,8,West LA,832,1,510,VEHICLE - STOLEN,,0,Unknown,,108,PARKING LOT,,,IC,Invest Cont,510,,,11600    GOSHEN                       AV,34.0513,-118.4605,2020.0,12.0,17.0,3.0,0.0,4.0,0,18,0,Afternoon
3411,200714999,10/17/2020 12:00:00 AM,10/17/2020 12:00:00 AM,1112,7,Wilshire,723,1,230,"ASSAULT WITH DEADLY WEAPON, AGGRAVATED ASSAULT",0400 0445 2004 1822,36,F,H,101,STREET,216.0,SCISSORS,AA,Adult Arrest,230,,,400 S  FAIRFAX                      AV,34.0728,-118.3656,2020.0,10.0,17.0,5.0,0.0,4.0,1,11,12,Morning
3412,200513060,08/16/2020 12:00:00 AM,05/15/2020 12:00:00 AM,2200,5,Harbor,511,1,330,BURGLARY FROM VEHICLE,0344 0385 1300,20,M,H,103,ALLEY,,,IC,Invest Cont,330,,,1300    253RD                        ST,33.7948,-118.3059,2020.0,5.0,15.0,4.0,0.0,2.0,0,22,0,Evening
3413,201225449,11/30/2020 12:00:00 AM,11/30/2020 12:00:00 AM,10,12,77th Street,1239,1,210,ROBBERY,1822 0302 0344 0355 1310 0342,35,M,H,101,STREET,102.0,HAND GUN,AO,Adult Other,210,,,FLOWER                       ST,33.986,-118.281,2020.0,11.0,30.0,0.0,0.0,4.0,0,0,10,Night
3414,201005310,01/31/2020 12:00:00 AM,01/31/2020 12:00:00 AM,1100,10,West Valley,1063,1,442,SHOPLIFTING - PETTY THEFT ($950 & UNDER),1822 0104 0325,53,F,W,406,OTHER STORE,,,IC,Invest Cont,442,,,18700    VENTURA                      BL,34.1707,-118.5408,2020.0,1.0,31.0,4.0,0.0,1.0,0,11,0,Morning
3415,200809874,05/24/2020 12:00:00 AM,03/24/2020 12:00:00 AM,1200,8,West LA,801,1,341,"THEFT-GRAND ($950.01 & OVER)EXCPT,GUNS,FOWL,LIVESTK,PROD",1822 1202 0344 0352,66,M,W,501,SINGLE FAMILY DWELLING,,,IC,Invest Cont,341,,,1400    AVENIDA DE CORTEZ,34.0728,-118.5627,2020.0,3.0,24.0,1.0,0.0,1.0,0,12,0,Morning
3416,200312094,05/31/2020 12:00:00 AM,05/29/2020 12:00:00 AM,1800,3,Southwest,333,1,310,BURGLARY,0325 0329 1609 1822,19,X,X,403,DRUG STORE,,,IC,Invest Cont,310,,,3600    CRENSHAW                     BL,34.0278,-118.3378,2020.0,5.0,29.0,4.0,0.0,2.0,0,18,0,Afternoon
3417,200205644,02-03-2020 00:00,01/31/2020 12:00:00 AM,2300,2,Rampart,238,1,440,THEFT PLAIN - PETTY ($950 & UNDER),344,0,X,X,704,ELEMENTARY SCHOOL,,,IC,Invest Cont,440,,,1300    CORTEZ                       ST,34.0662,-118.2564,2020.0,1.0,31.0,4.0,0.0,1.0,0,23,0,Evening
3418,200307497,02/27/2020 12:00:00 AM,02/27/2020 12:00:00 AM,1715,3,Southwest,311,1,236,INTIMATE PARTNER - AGGRAVATED ASSAULT,2000 1813 1821 1243 1241 0416 0447 0913,44,M,B,501,SINGLE FAMILY DWELLING,212.0,BOTTLE,AO,Adult Other,236,,,2600 S  SPAULDING                    AV,34.0325,-118.3689,2020.0,2.0,27.0,3.0,0.0,1.0,0,17,15,Afternoon
3419,200513038,08/16/2020 12:00:00 AM,08/16/2020 12:00:00 AM,2130,5,Harbor,566,2,626,INTIMATE PARTNER - SIMPLE ASSAULT,0448 1309 1814 2000 0913,25,F,H,101,STREET,400.0,"STRONG-ARM (HANDS, FIST, FEET OR BODILY FORCE)",AO,Adult Other,626,,,8TH,33.737,-118.2836,2020.0,8.0,16.0,6.0,0.0,3.0,1,21,30,Evening
3421,200117063,08/27/2020 12:00:00 AM,08/27/2020 12:00:00 AM,1920,1,Central,139,2,745,VANDALISM - MISDEAMEANOR ($399 OR UNDER),0329 1218 1307,30,M,O,122,"VEHICLE, PASSENGER/TRUCK",,,IC,Invest Cont,745,,,100 S  SANTA FE                     AV,34.048,-118.2326,2020.0,8.0,27.0,3.0,0.0,3.0,0,19,20,Evening
3422,200314822,07/27/2020 12:00:00 AM,07/26/2020 12:00:00 AM,2335,3,Southwest,392,1,330,BURGLARY FROM VEHICLE,1612 1822 0344 0354 1300,44,F,B,104,DRIVEWAY,,,IC,Invest Cont,330,,,4500    3RD                          AV,34.0007,-118.3203,2020.0,7.0,26.0,6.0,0.0,3.0,1,23,35,Evening
3425,200705333,01/29/2020 12:00:00 AM,01/20/2020 12:00:00 AM,1600,7,Wilshire,701,2,354,THEFT OF IDENTITY,0924 1822,72,F,W,501,SINGLE FAMILY DWELLING,,,IC,Invest Cont,354,,,700 N  SWEETZER                     AV,34.0837,-118.3703,2020.0,1.0,20.0,0.0,0.0,1.0,0,16,0,Afternoon
3426,200112002,05/21/2020 12:00:00 AM,05/21/2020 12:00:00 AM,10,1,Central,185,2,626,INTIMATE PARTNER - SIMPLE ASSAULT,1218 2004 2000 1814 2033 0416,18,F,H,102,SIDEWALK,400.0,"STRONG-ARM (HANDS, FIST, FEET OR BODILY FORCE)",IC,Invest Cont,626,,,LOS ANGELES,34.0396,-118.2558,2020.0,5.0,21.0,3.0,0.0,2.0,0,0,10,Night
3428,201213369,05/23/2020 12:00:00 AM,05/23/2020 12:00:00 AM,832,12,77th Street,1218,2,626,INTIMATE PARTNER - SIMPLE ASSAULT,2000 1814 0913 0416,20,M,H,501,SINGLE FAMILY DWELLING,400.0,"STRONG-ARM (HANDS, FIST, FEET OR BODILY FORCE)",AO,Adult Other,626,,,900 W  53RD                         ST,33.9941,-118.2893,2020.0,5.0,23.0,5.0,0.0,2.0,1,8,32,Morning
3429,200406133,02/23/2020 12:00:00 AM,02/23/2020 12:00:00 AM,1200,4,Hollenbeck,473,1,310,BURGLARY,344,10,M,W,410,"MEMBERSHIP STORE (COSTCO,SAMS CLUB)*",,,IC,Invest Cont,310,,,600 S  BREED                        ST,34.0381,-118.215,2020.0,2.0,23.0,6.0,0.0,1.0,1,12,0,Morning
3431,200906372,02/23/2020 12:00:00 AM,02/22/2020 12:00:00 AM,1455,9,Van Nuys,974,1,442,SHOPLIFTING - PETTY THEFT ($950 & UNDER),0352 1420 0344,23,M,H,404,DEPARTMENT STORE,,,IC,Invest Cont,442,,,14600    VENTURA                      BL,34.1547,-118.453,2020.0,2.0,22.0,5.0,0.0,1.0,1,14,55,Afternoon
3433,201305184,01/22/2020 12:00:00 AM,01/21/2020 12:00:00 AM,2000,13,Newton,1347,1,420,THEFT FROM MOTOR VEHICLE - PETTY ($950 & UNDER),,0,Unknown,,101,STREET,,,IC,Invest Cont,420,,,1700 E  41ST                         PL,34.007,-118.243,2020.0,1.0,21.0,1.0,0.0,1.0,0,20,0,Evening
3436,200305462,01/25/2020 12:00:00 AM,01/25/2020 12:00:00 AM,2011,3,Southwest,378,2,900,VIOLATION OF COURT ORDER,2038 2000 1814,18,M,H,109,PARK/PLAYGROUND,,,IC,Invest Cont,900,,,700    STATE                        DR,34.0164,-118.2851,2020.0,1.0,25.0,5.0,0.0,1.0,1,20,11,Evening
3437,200119623,10/17/2020 12:00:00 AM,10/17/2020 12:00:00 AM,1330,1,Central,127,2,624,BATTERY - SIMPLE ASSAULT,1218 2060 0447 0416,47,M,W,101,STREET,500.0,UNKNOWN WEAPON/OTHER WEAPON,IC,Invest Cont,624,,,S  ALAMEDA                      ST,34.0538,-118.2379,2020.0,10.0,17.0,5.0,0.0,4.0,1,13,30,Afternoon
3438,200312313,06-04-2020 00:00,05/22/2020 12:00:00 AM,1700,3,Southwest,363,2,354,THEFT OF IDENTITY,100,57,F,H,501,SINGLE FAMILY DWELLING,,,IC,Invest Cont,354,,,4100    PALMWOOD                     DR,34.0137,-118.3435,2020.0,5.0,22.0,4.0,0.0,2.0,0,17,0,Afternoon
3439,200114180,06/30/2020 12:00:00 AM,06/30/2020 12:00:00 AM,2240,1,Central,146,2,626,INTIMATE PARTNER - SIMPLE ASSAULT,2000 0913 0416 1814 2033,43,F,B,502,"MULTI-UNIT DWELLING (APARTMENT, DUPLEX, ETC)",400.0,"STRONG-ARM (HANDS, FIST, FEET OR BODILY FORCE)",IC,Invest Cont,626,,,200 E  5TH                          ST,34.0461,-118.2461,2020.0,6.0,30.0,1.0,0.0,2.0,0,22,40,Evening
3440,200515415,10/18/2020 12:00:00 AM,10/17/2020 12:00:00 AM,1800,5,Harbor,524,1,510,VEHICLE - STOLEN,,0,Unknown,,101,STREET,,,IC,Invest Cont,510,,,G                            ST,33.7778,-118.2754,2020.0,10.0,17.0,5.0,0.0,4.0,1,18,0,Afternoon
3442,200106141,01/31/2020 12:00:00 AM,01/31/2020 12:00:00 AM,1430,1,Central,162,2,624,BATTERY - SIMPLE ASSAULT,0910 1822 0444 0356,28,M,B,903,MTA - RED LINE - 7TH AND METRO CENTER,400.0,"STRONG-ARM (HANDS, FIST, FEET OR BODILY FORCE)",AO,Adult Other,624,,,7TH,34.0487,-118.2588,2020.0,1.0,31.0,4.0,0.0,1.0,0,14,30,Afternoon
3443,200906076,02/15/2020 12:00:00 AM,02/15/2020 12:00:00 AM,855,9,Van Nuys,964,1,330,BURGLARY FROM VEHICLE,1607 0344,29,F,H,108,PARKING LOT,,,IC,Invest Cont,330,,,14300    HARTSOOK                     ST,34.164,-118.4444,2020.0,2.0,15.0,5.0,0.0,1.0,1,8,55,Morning
3444,200412055,08/23/2020 12:00:00 AM,08/22/2020 12:00:00 AM,2000,4,Hollenbeck,445,2,860,BATTERY WITH SEXUAL CONTACT,0400 0448 1822 0503 0522 0509,31,F,B,101,STREET,400.0,"STRONG-ARM (HANDS, FIST, FEET OR BODILY FORCE)",AO,Adult Other,860,,,BRITTANIA,34.0571,-118.2084,2020.0,8.0,22.0,5.0,0.0,3.0,1,20,0,Evening
3446,200510600,06/14/2020 12:00:00 AM,06/14/2020 12:00:00 AM,515,5,Harbor,558,1,310,BURGLARY,0397 0216 1609 0209 0344,0,X,X,203,OTHER BUSINESS,,,IC,Invest Cont,310,,,200 N  HARBOR                       BL,33.7442,-118.2796,2020.0,6.0,14.0,6.0,0.0,2.0,1,5,15,Night
3447,200122845,12/28/2020 12:00:00 AM,12/28/2020 12:00:00 AM,830,1,Central,153,2,624,BATTERY - SIMPLE ASSAULT,0444 1601,59,F,W,710,OTHER PREMISE,400.0,"STRONG-ARM (HANDS, FIST, FEET OR BODILY FORCE)",IC,Invest Cont,624,,,500 S  HILL                         ST,34.0486,-118.2519,2020.0,12.0,28.0,0.0,0.0,4.0,0,8,30,Morning
3448,200908845,04/24/2020 12:00:00 AM,04/23/2020 12:00:00 AM,2055,9,Van Nuys,989,2,624,BATTERY - SIMPLE ASSAULT,416,57,F,H,502,"MULTI-UNIT DWELLING (APARTMENT, DUPLEX, ETC)",400.0,"STRONG-ARM (HANDS, FIST, FEET OR BODILY FORCE)",AO,Adult Other,624,,,4500    COLBATH                      AV,34.153,-118.4366,2020.0,4.0,23.0,3.0,0.0,2.0,0,20,55,Evening
3450,200216361,10/20/2020 12:00:00 AM,10/17/2020 12:00:00 AM,1900,2,Rampart,285,1,510,VEHICLE - STOLEN,,0,Unknown,,101,STREET,,,IC,Invest Cont,510,,,PICO                         BL,34.0467,-118.2814,2020.0,10.0,17.0,5.0,0.0,4.0,1,19,0,Evening
3451,201109585,05/21/2020 12:00:00 AM,05/20/2020 12:00:00 AM,2200,11,Northeast,1117,2,740,"VANDALISM - FELONY ($400 & OVER, ALL CHURCH VANDALISMS)",0329 0601,0,X,X,203,OTHER BUSINESS,,,IC,Invest Cont,740,,,4800    EAGLE ROCK                   BL,34.1325,-118.216,2020.0,5.0,20.0,2.0,0.0,2.0,0,22,0,Evening
3454,200614584,08/27/2020 12:00:00 AM,08/27/2020 12:00:00 AM,530,6,Hollywood,679,1,520,VEHICLE - ATTEMPT STOLEN,1300 1822 0400 1302,34,M,H,101,STREET,,,IC,Invest Cont,520,,,900 N  NORMANDIE                    AV,34.0886,-118.3027,2020.0,8.0,27.0,3.0,0.0,3.0,0,5,30,Night
3455,200110834,04/23/2020 12:00:00 AM,04/20/2020 12:00:00 AM,800,1,Central,159,1,510,VEHICLE - STOLEN,,0,Unknown,,101,STREET,,,IC,Invest Cont,510,,,400 S  HEWITT                       ST,34.0436,-118.2354,2020.0,4.0,20.0,0.0,0.0,2.0,0,8,0,Morning
3459,200310239,04/21/2020 12:00:00 AM,04/19/2020 12:00:00 AM,1400,3,Southwest,308,2,745,VANDALISM - MISDEAMEANOR ($399 OR UNDER),0329 1300,49,M,W,122,"VEHICLE, PASSENGER/TRUCK",,,IC,Invest Cont,745,,,1900    NORWOOD                      ST,34.0365,-118.2767,2020.0,4.0,19.0,6.0,0.0,2.0,1,14,0,Afternoon
3460,200208931,04/13/2020 12:00:00 AM,04/13/2020 12:00:00 AM,1415,2,Rampart,275,1,230,"ASSAULT WITH DEADLY WEAPON, AGGRAVATED ASSAULT",0601 1236 1822 0445 0432,59,F,H,404,DEPARTMENT STORE,500.0,UNKNOWN WEAPON/OTHER WEAPON,IC,Invest Cont,230,,,1600 W  OLYMPIC                      BL,34.0492,-118.2742,2020.0,4.0,13.0,0.0,0.0,2.0,0,14,15,Afternoon
3461,200218762,12/19/2020 12:00:00 AM,12/18/2020 12:00:00 AM,1700,2,Rampart,241,1,510,VEHICLE - STOLEN,,0,Unknown,,101,STREET,,,IC,Invest Cont,510,,,LA FAYETTE PARK,34.0671,-118.2806,2020.0,12.0,18.0,4.0,0.0,4.0,0,17,0,Afternoon
3462,200315967,08/18/2020 12:00:00 AM,08/18/2020 12:00:00 AM,1905,3,Southwest,361,2,626,INTIMATE PARTNER - SIMPLE ASSAULT,2000 1814 0913 0416 0446 2004 1310,29,F,B,101,STREET,400.0,"STRONG-ARM (HANDS, FIST, FEET OR BODILY FORCE)",IC,Invest Cont,626,,,3900    GIBRALTAR                    AV,34.0161,-118.3546,2020.0,8.0,18.0,1.0,0.0,3.0,0,19,5,Evening
3463,201112058,07/30/2020 12:00:00 AM,07/30/2020 12:00:00 AM,1230,11,Northeast,1149,2,745,VANDALISM - MISDEAMEANOR ($399 OR UNDER),0329 0913,29,F,H,502,"MULTI-UNIT DWELLING (APARTMENT, DUPLEX, ETC)",,,AO,Adult Other,745,,,200 N  AVE 55,34.1074,-118.1978,2020.0,7.0,30.0,3.0,0.0,3.0,0,12,30,Morning
3465,200213534,08-08-2020 00:00,07/15/2020 12:00:00 AM,1700,2,Rampart,217,2,354,THEFT OF IDENTITY,0100 0928,35,M,H,502,"MULTI-UNIT DWELLING (APARTMENT, DUPLEX, ETC)",,,IC,Invest Cont,354,,,1000 N  BONNIE BRAE                  ST,34.0759,-118.263,2020.0,7.0,15.0,2.0,0.0,3.0,0,17,0,Afternoon
3468,200619728,12/27/2020 12:00:00 AM,12/27/2020 12:00:00 AM,402,6,Hollywood,678,1,310,BURGLARY,0601 0329 0344,0,X,X,203,OTHER BUSINESS,500.0,UNKNOWN WEAPON/OTHER WEAPON,IC,Invest Cont,310,,,800 N  WESTERN                      AV,34.0848,-118.3091,2020.0,12.0,27.0,6.0,0.0,4.0,1,4,2,Night
3470,200118146,09/18/2020 12:00:00 AM,09/18/2020 12:00:00 AM,920,1,Central,185,1,330,BURGLARY FROM VEHICLE,0344 0352 1607 1822,29,F,W,101,STREET,,,IC,Invest Cont,330,,,900 S  BROADWAY,34.0419,-118.2564,2020.0,9.0,18.0,4.0,0.0,3.0,0,9,20,Morning
3473,200715889,11-11-2020 00:00,09/22/2020 12:00:00 AM,1500,7,Wilshire,743,1,440,THEFT PLAIN - PETTY ($950 & UNDER),344,52,M,W,707,GARAGE/CARPORT,,,IC,Invest Cont,440,,,5800 W  8TH                          ST,34.0607,-118.3557,2020.0,9.0,22.0,1.0,0.0,3.0,0,15,0,Afternoon
3476,200111997,05/21/2020 12:00:00 AM,05/21/2020 12:00:00 AM,30,1,Central,156,2,624,BATTERY - SIMPLE ASSAULT,0416 0401,33,M,B,502,"MULTI-UNIT DWELLING (APARTMENT, DUPLEX, ETC)",400.0,"STRONG-ARM (HANDS, FIST, FEET OR BODILY FORCE)",IC,Invest Cont,624,,,400 E  5TH                          ST,34.0446,-118.245,2020.0,5.0,21.0,3.0,0.0,2.0,0,0,30,Night
3479,200909105,04/29/2020 12:00:00 AM,04/29/2020 12:00:00 AM,500,9,Van Nuys,984,2,354,THEFT OF IDENTITY,0930 1822,47,M,W,502,"MULTI-UNIT DWELLING (APARTMENT, DUPLEX, ETC)",,,IC,Invest Cont,354,,,14600    DICKENS                      ST,34.1504,-118.4517,2020.0,4.0,29.0,2.0,0.0,2.0,0,5,0,Night
3481,200118672,09/29/2020 12:00:00 AM,09/29/2020 12:00:00 AM,830,1,Central,192,1,210,ROBBERY,1420 0421 1822 1402 2004 0344,25,M,A,502,"MULTI-UNIT DWELLING (APARTMENT, DUPLEX, ETC)",511.0,VERBAL THREAT,IC,Invest Cont,210,998.0,,1300 S  FIGUEROA                     ST,34.0363,-118.2672,2020.0,9.0,29.0,1.0,0.0,3.0,0,8,30,Morning
3482,200912535,07/19/2020 12:00:00 AM,07/16/2020 12:00:00 AM,1730,9,Van Nuys,985,1,510,VEHICLE - STOLEN,,0,Unknown,,123,PARKING UNDERGROUND/BUILDING,,,AO,Adult Other,510,,,14000    MOORPARK                     ST,34.1504,-118.438,2020.0,7.0,16.0,3.0,0.0,3.0,0,17,30,Afternoon
3484,201010955,05/29/2020 12:00:00 AM,05/28/2020 12:00:00 AM,1200,10,West Valley,1091,2,649,DOCUMENT FORGERY / STOLEN FELONY,1822 0929,48,M,W,501,SINGLE FAMILY DWELLING,,,IC,Invest Cont,649,,,4400    ROMERO                       DR,34.1505,-118.5575,2020.0,5.0,28.0,3.0,0.0,2.0,0,12,0,Morning
3485,200206299,02/15/2020 12:00:00 AM,02/15/2020 12:00:00 AM,2200,2,Rampart,265,2,624,BATTERY - SIMPLE ASSAULT,0444 0429 1822 1206,36,M,H,102,SIDEWALK,400.0,"STRONG-ARM (HANDS, FIST, FEET OR BODILY FORCE)",IC,Invest Cont,624,,,8TH                          ST,34.0549,-118.2778,2020.0,2.0,15.0,5.0,0.0,1.0,1,22,0,Evening
3487,200710748,06/20/2020 12:00:00 AM,06/20/2020 12:00:00 AM,2030,7,Wilshire,765,2,888,TRESPASSING,1402 2024 1414,19,M,O,402,MARKET,,,IC,Invest Cont,888,998.0,,4800    VENICE                       BL,34.0466,-118.3414,2020.0,6.0,20.0,5.0,0.0,2.0,1,20,30,Evening
3488,200515850,10/27/2020 12:00:00 AM,10/26/2020 12:00:00 AM,2030,5,Harbor,589,1,510,VEHICLE - STOLEN,,0,Unknown,,707,GARAGE/CARPORT,,,IC,Invest Cont,510,,,400 W  39TH                         ST,33.7087,-118.2863,2020.0,10.0,26.0,0.0,0.0,4.0,0,20,30,Evening
3490,201107866,03/31/2020 12:00:00 AM,03/29/2020 12:00:00 AM,1850,11,Northeast,1139,2,624,BATTERY - SIMPLE ASSAULT,0416 1822 0417,39,M,H,108,PARKING LOT,400.0,"STRONG-ARM (HANDS, FIST, FEET OR BODILY FORCE)",AO,Adult Other,624,,,200 S  AVENUE 59,34.1086,-118.1898,2020.0,3.0,29.0,6.0,0.0,1.0,1,18,50,Afternoon
3491,201209122,03/14/2020 12:00:00 AM,03/13/2020 12:00:00 AM,2200,12,77th Street,1258,1,420,THEFT FROM MOTOR VEHICLE - PETTY ($950 & UNDER),0605 1300 0344 1822,23,F,H,101,STREET,,,IC,Invest Cont,420,,,7400 S  MAIN                         ST,33.9728,-118.2739,2020.0,3.0,13.0,4.0,0.0,1.0,0,22,0,Evening
3492,200910410,06-02-2020 00:00,05/30/2020 12:00:00 AM,1600,9,Van Nuys,914,1,510,VEHICLE - STOLEN,,0,Unknown,,101,STREET,,,IC,Invest Cont,510,,,CEDROS                       AV,34.1976,-118.4531,2020.0,5.0,30.0,5.0,0.0,2.0,1,16,0,Afternoon
3493,200409074,05/20/2020 12:00:00 AM,05/13/2020 12:00:00 AM,1700,4,Hollenbeck,497,1,341,"THEFT-GRAND ($950.01 & OVER)EXCPT,GUNS,FOWL,LIVESTK,PROD",325,0,X,X,203,OTHER BUSINESS,,,IC,Invest Cont,341,,,3400 E  14TH                         ST,34.0173,-118.2066,2020.0,5.0,13.0,2.0,0.0,2.0,0,17,0,Afternoon
3495,200708727,04/28/2020 12:00:00 AM,04/27/2020 12:00:00 AM,1715,7,Wilshire,732,1,310,BURGLARY,1606 0344,36,M,H,503,HOTEL,,,IC,Invest Cont,310,,,6300    WILSHIRE                     BL,34.0665,-118.3662,2020.0,4.0,27.0,0.0,0.0,2.0,0,17,15,Afternoon
3496,200910648,06-05-2020 00:00,05/27/2020 12:00:00 AM,2000,9,Van Nuys,937,2,740,"VANDALISM - FELONY ($400 & OVER, ALL CHURCH VANDALISMS)",329,30,F,H,502,"MULTI-UNIT DWELLING (APARTMENT, DUPLEX, ETC)",,,IC,Invest Cont,740,,,13800    VICTORY                      BL,34.1867,-118.4334,2020.0,5.0,27.0,2.0,0.0,2.0,0,20,0,Evening
3497,201214818,06/17/2020 12:00:00 AM,06/17/2020 12:00:00 AM,50,12,77th Street,1266,1,110,CRIMINAL HOMICIDE,0906 1822 1407 1100 0430,19,M,B,101,STREET,106.0,UNKNOWN FIREARM,AA,Adult Arrest,110,998.0,,500 W  81ST                         ST,33.9655,-118.2827,2020.0,6.0,17.0,2.0,0.0,2.0,0,0,50,Night
3498,201206379,02-03-2020 00:00,01/31/2020 12:00:00 AM,1900,12,77th Street,1273,1,510,VEHICLE - STOLEN,,0,Unknown,,104,DRIVEWAY,,,IC,Invest Cont,510,,,9100    LA SALLE                     AV,33.9546,-118.3057,2020.0,1.0,31.0,4.0,0.0,1.0,0,19,0,Evening
3499,200914085,08/28/2020 12:00:00 AM,08/28/2020 12:00:00 AM,500,9,Van Nuys,929,1,210,ROBBERY,0344 0417 0444 0429 1822 1202,62,F,O,101,STREET,400.0,"STRONG-ARM (HANDS, FIST, FEET OR BODILY FORCE)",IC,Invest Cont,210,,,VICTORY                      BL,34.1867,-118.4225,2020.0,8.0,28.0,4.0,0.0,3.0,0,5,0,Night
3501,200606778,02/21/2020 12:00:00 AM,02/21/2020 12:00:00 AM,1521,6,Hollywood,669,1,440,THEFT PLAIN - PETTY ($950 & UNDER),0344 0394,39,M,W,119,"PORCH, RESIDENTIAL",,,IC,Invest Cont,440,,,5200    LEXINGTON                    AV,34.0933,-118.3025,2020.0,2.0,21.0,4.0,0.0,1.0,0,15,21,Afternoon
3502,201214634,06/14/2020 12:00:00 AM,06/14/2020 12:00:00 AM,250,12,77th Street,1211,2,888,TRESPASSING,1501,37,F,B,501,SINGLE FAMILY DWELLING,,,IC,Invest Cont,888,,,5100    BRYNHURST                    AV,33.9941,-118.3333,2020.0,6.0,14.0,6.0,0.0,2.0,1,2,50,Night
3505,200112418,05/31/2020 12:00:00 AM,05/29/2020 12:00:00 AM,2222,1,Central,145,2,624,BATTERY - SIMPLE ASSAULT,0416 1822 1609,33,M,W,101,STREET,400.0,"STRONG-ARM (HANDS, FIST, FEET OR BODILY FORCE)",IC,Invest Cont,624,,,4TH,34.0482,-118.2472,2020.0,5.0,29.0,4.0,0.0,2.0,0,22,22,Evening
3507,200205397,01/29/2020 12:00:00 AM,01/28/2020 12:00:00 AM,1934,2,Rampart,265,2,624,BATTERY - SIMPLE ASSAULT,0416 0446 1822,43,M,H,210,RESTAURANT/FAST FOOD,400.0,"STRONG-ARM (HANDS, FIST, FEET OR BODILY FORCE)",IC,Invest Cont,624,,,2100 W  8TH                          ST,34.0549,-118.2778,2020.0,1.0,28.0,1.0,0.0,1.0,0,19,34,Evening
3509,200320171,11-10-2020 00:00,10/24/2020 12:00:00 AM,1700,3,Southwest,301,1,210,ROBBERY,0913 0337 0416 0445 0344 0334 1817 0369,56,M,H,102,SIDEWALK,312.0,PIPE/METAL PIPE,IC,Invest Cont,210,,,WASHINGTON                   BL,34.0334,-118.3639,2020.0,10.0,24.0,5.0,0.0,4.0,1,17,0,Afternoon
3510,200111706,05/14/2020 12:00:00 AM,03/25/2020 12:00:00 AM,1500,1,Central,166,1,440,THEFT PLAIN - PETTY ($950 & UNDER),2032 0344,56,M,B,517,MISSIONS/SHELTERS,,,IC,Invest Cont,440,,,600 S  SAN PEDRO                    ST,34.0421,-118.2469,2020.0,3.0,25.0,2.0,0.0,1.0,0,15,0,Afternoon
3511,200320769,11/23/2020 12:00:00 AM,11/21/2020 12:00:00 AM,1200,3,Southwest,331,1,510,VEHICLE - STOLEN,,0,Unknown,,101,STREET,,,IC,Invest Cont,510,,,3000    VINEYARD                     AV,34.0276,-118.3472,2020.0,11.0,21.0,5.0,0.0,4.0,1,12,0,Morning
3513,200105200,01/18/2020 12:00:00 AM,01/17/2020 12:00:00 AM,2300,1,Central,185,1,510,VEHICLE - STOLEN,,0,Unknown,,101,STREET,,,IC,Invest Cont,510,,,1000 S  BROADWAY,34.0409,-118.2574,2020.0,1.0,17.0,4.0,0.0,1.0,0,23,0,Evening
3514,201109762,05/26/2020 12:00:00 AM,05/25/2020 12:00:00 AM,2000,11,Northeast,1162,1,310,BURGLARY,344,51,M,W,501,SINGLE FAMILY DWELLING,,,AA,Adult Arrest,310,,,4600    LEXINGTON                    AV,34.0935,-118.2893,2020.0,5.0,25.0,0.0,0.0,2.0,0,20,0,Evening
3518,201211732,04/21/2020 12:00:00 AM,03/26/2020 12:00:00 AM,1400,12,77th Street,1205,1,310,BURGLARY,0344 1822,35,F,H,501,SINGLE FAMILY DWELLING,,,IC,Invest Cont,310,,,5100 S  NORMANDIE                    AV,33.9969,-118.3002,2020.0,3.0,26.0,3.0,0.0,1.0,0,14,0,Afternoon
3519,200712340,08-02-2020 00:00,06/19/2020 12:00:00 AM,100,7,Wilshire,759,1,440,THEFT PLAIN - PETTY ($950 & UNDER),1822 0344,32,M,K,119,"PORCH, RESIDENTIAL",,,IC,Invest Cont,440,,,W  PICO                         BL,34.0478,-118.3267,2020.0,6.0,19.0,4.0,0.0,2.0,0,1,0,Night
3520,200911204,06/18/2020 12:00:00 AM,06/17/2020 12:00:00 AM,2000,9,Van Nuys,984,1,510,VEHICLE - STOLEN,,0,Unknown,,101,STREET,,,IC,Invest Cont,510,,,14500    BENEFIT                      ST,34.1491,-118.4491,2020.0,6.0,17.0,2.0,0.0,2.0,0,20,0,Evening
3524,200800777,08/21/2020 12:00:00 AM,08/21/2020 12:00:00 AM,1430,8,West LA,883,2,354,THEFT OF IDENTITY,1822 1402,25,M,O,102,SIDEWALK,,,IC,Invest Cont,354,998.0,,COTNER,34.0393,-118.4397,2020.0,8.0,21.0,4.0,0.0,3.0,0,14,30,Afternoon
3525,201113269,07/25/2020 12:00:00 AM,07/25/2020 12:00:00 AM,2104,11,Northeast,1107,2,930,CRIMINAL THREATS - NO WEAPON DISPLAYED,0913 0421,60,F,H,501,SINGLE FAMILY DWELLING,511.0,VERBAL THREAT,AO,Adult Other,930,,,6000    BURWOOD                      AV,34.1268,-118.1887,2020.0,7.0,25.0,5.0,0.0,3.0,1,21,4,Evening
3529,200320466,11/16/2020 12:00:00 AM,11/16/2020 12:00:00 AM,914,3,Southwest,374,2,624,BATTERY - SIMPLE ASSAULT,1822 0416,19,F,B,101,STREET,400.0,"STRONG-ARM (HANDS, FIST, FEET OR BODILY FORCE)",IC,Invest Cont,624,,,2ND                          AV,34.0146,-118.3193,2020.0,11.0,16.0,0.0,0.0,4.0,0,9,14,Morning
3530,200218003,11/30/2020 12:00:00 AM,11/30/2020 12:00:00 AM,55,2,Rampart,265,2,626,INTIMATE PARTNER - SIMPLE ASSAULT,2000 1814 0416 0446 2034 0913,38,F,H,502,"MULTI-UNIT DWELLING (APARTMENT, DUPLEX, ETC)",400.0,"STRONG-ARM (HANDS, FIST, FEET OR BODILY FORCE)",IC,Invest Cont,626,,,700 S  WESTLAKE                     AV,34.0557,-118.2758,2020.0,11.0,30.0,0.0,0.0,4.0,0,0,55,Night
3531,200112251,05/25/2020 12:00:00 AM,05/25/2020 12:00:00 AM,1525,1,Central,152,1,230,"ASSAULT WITH DEADLY WEAPON, AGGRAVATED ASSAULT",1202 0447 0431 0913,71,M,O,102,SIDEWALK,512.0,MACE/PEPPER SPRAY,IC,Invest Cont,230,,,500 S  OLIVE                        ST,34.0495,-118.2529,2020.0,5.0,25.0,0.0,0.0,2.0,0,15,25,Afternoon
3534,200406704,03-09-2020 00:00,02/20/2020 12:00:00 AM,930,4,Hollenbeck,427,1,440,THEFT PLAIN - PETTY ($950 & UNDER),344,29,M,H,502,"MULTI-UNIT DWELLING (APARTMENT, DUPLEX, ETC)",,,IC,Invest Cont,440,,,4600    HUNTINGTON DR,34.0853,-118.186,2020.0,2.0,20.0,3.0,0.0,1.0,0,9,30,Morning
3535,201000821,08/18/2020 12:00:00 AM,08/18/2020 12:00:00 AM,2250,10,West Valley,1033,2,753,DISCHARGE FIREARMS/SHOTS FIRED,1100 1822 1402 1420 1407,0,M,W,501,SINGLE FAMILY DWELLING,106.0,UNKNOWN FIREARM,IC,Invest Cont,753,998.0,,6100    TAMPA                        AV,34.1813,-118.5534,2020.0,8.0,18.0,1.0,0.0,3.0,0,22,50,Evening
3537,200407868,04/15/2020 12:00:00 AM,04/15/2020 12:00:00 AM,1800,4,Hollenbeck,489,2,626,INTIMATE PARTNER - SIMPLE ASSAULT,2000 1813 0400 0913,40,M,H,502,"MULTI-UNIT DWELLING (APARTMENT, DUPLEX, ETC)",400.0,"STRONG-ARM (HANDS, FIST, FEET OR BODILY FORCE)",AO,Adult Other,626,,,2900    THE MALL                     ST,34.0245,-118.2143,2020.0,4.0,15.0,2.0,0.0,2.0,0,18,0,Afternoon
3539,201211384,04/22/2020 12:00:00 AM,04/22/2020 12:00:00 AM,1535,12,77th Street,1258,1,236,INTIMATE PARTNER - AGGRAVATED ASSAULT,0400 2000 1814 0408 0419 1822,23,F,H,502,"MULTI-UNIT DWELLING (APARTMENT, DUPLEX, ETC)",400.0,"STRONG-ARM (HANDS, FIST, FEET OR BODILY FORCE)",AA,Adult Arrest,236,,,200 W  78TH                         ST,33.9689,-118.2756,2020.0,4.0,22.0,2.0,0.0,2.0,0,15,35,Afternoon
3540,200414918,11/15/2020 12:00:00 AM,11/13/2020 12:00:00 AM,1330,4,Hollenbeck,429,1,440,THEFT PLAIN - PETTY ($950 & UNDER),0394 0344,36,M,H,710,OTHER PREMISE,,,IC,Invest Cont,440,,,3500    LIFUR                        AV,34.0863,-118.1676,2020.0,11.0,13.0,4.0,0.0,4.0,0,13,30,Afternoon
3542,201205875,01/27/2020 12:00:00 AM,01/27/2020 12:00:00 AM,1400,12,77th Street,1232,1,230,"ASSAULT WITH DEADLY WEAPON, AGGRAVATED ASSAULT",1822 2024 0334 0431,59,M,B,108,PARKING LOT,512.0,MACE/PEPPER SPRAY,IC,Invest Cont,230,,,CRENSHAW,33.989,-118.3308,2020.0,1.0,27.0,0.0,0.0,1.0,0,14,0,Afternoon
3543,200907921,03/28/2020 12:00:00 AM,03/25/2020 12:00:00 AM,1200,9,Van Nuys,941,2,624,BATTERY - SIMPLE ASSAULT,0416 1202,61,F,H,108,PARKING LOT,500.0,UNKNOWN WEAPON/OTHER WEAPON,IC,Invest Cont,624,,,5600    VAN NUYS                     BL,34.1721,-118.4485,2020.0,3.0,25.0,2.0,0.0,1.0,0,12,0,Morning
3544,200122553,12/19/2020 12:00:00 AM,12/19/2020 12:00:00 AM,1612,1,Central,191,1,440,THEFT PLAIN - PETTY ($950 & UNDER),0344 1822 2032,28,M,H,203,OTHER BUSINESS,,,IC,Invest Cont,440,,,1700 S  FIGUEROA                     ST,34.0362,-118.2709,2020.0,12.0,19.0,5.0,0.0,4.0,1,16,12,Afternoon
3547,200613236,07/29/2020 12:00:00 AM,07/29/2020 12:00:00 AM,1030,6,Hollywood,667,2,860,BATTERY WITH SEXUAL CONTACT,1822 0400 0448 0522,0,F,H,101,STREET,400.0,"STRONG-ARM (HANDS, FIST, FEET OR BODILY FORCE)",IC,Invest Cont,860,,,1200 N  BEACHWOOD                    DR,34.0926,-118.3212,2020.0,7.0,29.0,2.0,0.0,3.0,0,10,30,Morning
3548,201117063,12/29/2020 12:00:00 AM,12/28/2020 12:00:00 AM,1700,11,Northeast,1124,1,510,VEHICLE - STOLEN,,0,Unknown,,101,STREET,,,IC,Invest Cont,510,,,CHAPMAN                      ST,34.121,-118.2441,2020.0,12.0,28.0,0.0,0.0,4.0,0,17,0,Afternoon
3549,201205521,01/22/2020 12:00:00 AM,01/22/2020 12:00:00 AM,630,12,77th Street,1245,2,626,INTIMATE PARTNER - SIMPLE ASSAULT,0400 0416 2000 1814 0913,65,M,B,501,SINGLE FAMILY DWELLING,500.0,UNKNOWN WEAPON/OTHER WEAPON,AO,Adult Other,626,,,1200 W  64TH                         ST,33.9814,-118.2958,2020.0,1.0,22.0,2.0,0.0,1.0,0,6,30,Night
3551,200307531,02/27/2020 12:00:00 AM,02/27/2020 12:00:00 AM,359,3,Southwest,329,2,740,"VANDALISM - FELONY ($400 & OVER, ALL CHURCH VANDALISMS)",2021 0329,0,X,X,502,"MULTI-UNIT DWELLING (APARTMENT, DUPLEX, ETC)",,,IC,Invest Cont,740,,,500 W  27TH                         ST,34.0268,-118.2753,2020.0,2.0,27.0,3.0,0.0,1.0,0,3,59,Night
3553,200905364,01/30/2020 12:00:00 AM,01/28/2020 12:00:00 AM,1450,9,Van Nuys,998,2,649,DOCUMENT FORGERY / STOLEN FELONY,0377 1822,25,M,H,602,BANK,,,IC,Invest Cont,649,,,12900    VENTURA                      BL,34.1451,-118.4137,2020.0,1.0,28.0,1.0,0.0,1.0,0,14,50,Afternoon
3554,200212656,07/16/2020 12:00:00 AM,07/16/2020 12:00:00 AM,852,2,Rampart,201,2,901,VIOLATION OF RESTRAINING ORDER,2038,37,F,W,502,"MULTI-UNIT DWELLING (APARTMENT, DUPLEX, ETC)",,,AO,Adult Other,901,,,900 N  MARIPOSA                     AV,34.0868,-118.2991,2020.0,7.0,16.0,3.0,0.0,3.0,0,8,52,Morning
3557,201112609,08/18/2020 12:00:00 AM,08/16/2020 12:00:00 AM,2235,11,Northeast,1177,2,664,"BUNCO, PETTY THEFT",701,21,M,B,301,GAS STATION,,,IC,Invest Cont,664,,,2600 N  FIGUEROA                     ST,34.0884,-118.2258,2020.0,8.0,16.0,6.0,0.0,3.0,1,22,35,Evening
3558,201222889,10/19/2020 12:00:00 AM,10/19/2020 12:00:00 AM,1915,12,77th Street,1257,2,753,DISCHARGE FIREARMS/SHOTS FIRED,1402 1407 1100 0906,0,X,X,101,STREET,106.0,UNKNOWN FIREARM,IC,Invest Cont,753,,,76TH                         ST,33.9693,-118.285,2020.0,10.0,19.0,0.0,0.0,4.0,0,19,15,Evening
3561,200905375,02-01-2020 00:00,01/31/2020 12:00:00 AM,2210,9,Van Nuys,906,2,624,BATTERY - SIMPLE ASSAULT,444,22,F,W,108,PARKING LOT,400.0,"STRONG-ARM (HANDS, FIST, FEET OR BODILY FORCE)",IC,Invest Cont,624,,,7200    VAN NUYS                     BL,34.2012,-118.4487,2020.0,1.0,31.0,4.0,0.0,1.0,0,22,10,Evening
3562,200307870,03-04-2020 00:00,02/16/2020 12:00:00 AM,800,3,Southwest,311,2,354,THEFT OF IDENTITY,0930 1822,61,M,H,301,GAS STATION,,,IC,Invest Cont,354,,,1800    MOUNTAIN VIEW                AV,34.0291,-118.3669,2020.0,2.0,16.0,6.0,0.0,1.0,1,8,0,Morning
3563,200508747,04/27/2020 12:00:00 AM,04/26/2020 12:00:00 AM,1800,5,Harbor,511,1,510,VEHICLE - STOLEN,,0,Unknown,,103,ALLEY,,,IC,Invest Cont,510,,,253RD                        ST,33.7948,-118.3043,2020.0,4.0,26.0,6.0,0.0,2.0,1,18,0,Afternoon
3564,200116883,08/24/2020 12:00:00 AM,08/24/2020 12:00:00 AM,2245,1,Central,124,1,231,ASSAULT WITH DEADLY WEAPON ON POLICE OFFICER,1501 0400 1212 1822,0,M,W,726,POLICE FACILITY,500.0,UNKNOWN WEAPON/OTHER WEAPON,IC,Invest Cont,231,,,100 W  1ST                          ST,34.0522,-118.2434,2020.0,8.0,24.0,0.0,0.0,3.0,0,22,45,Evening
3567,201012508,08/28/2020 12:00:00 AM,08/28/2020 12:00:00 AM,500,10,West Valley,1004,1,510,VEHICLE - STOLEN,,0,Unknown,,101,STREET,,,IC,Invest Cont,510,,,7600    RESEDA                       BL,34.2084,-118.536,2020.0,8.0,28.0,4.0,0.0,3.0,0,5,0,Night
3569,201106414,02/23/2020 12:00:00 AM,02/23/2020 12:00:00 AM,1535,11,Northeast,1176,2,624,BATTERY - SIMPLE ASSAULT,0400 0416 0913,26,M,H,501,SINGLE FAMILY DWELLING,400.0,"STRONG-ARM (HANDS, FIST, FEET OR BODILY FORCE)",IC,Invest Cont,624,,,1100    CRYSTAL                      ST,34.092,-118.2344,2020.0,2.0,23.0,6.0,0.0,1.0,1,15,35,Afternoon
3571,201016196,12/17/2020 12:00:00 AM,12/17/2020 12:00:00 AM,700,10,West Valley,1015,2,740,"VANDALISM - FELONY ($400 & OVER, ALL CHURCH VANDALISMS)",1822 0329,0,M,W,230,DAY CARE/ADULTS*,,,IC,Invest Cont,740,,,18300    SHERMAN                      WY,34.2012,-118.5247,2020.0,12.0,17.0,3.0,0.0,4.0,0,7,0,Morning
3572,200313339,06/27/2020 12:00:00 AM,06/27/2020 12:00:00 AM,1400,3,Southwest,337,2,624,BATTERY - SIMPLE ASSAULT,0903 2055 0342 1822 1516 2024 0319 0416 0429 0340,55,M,H,108,PARKING LOT,400.0,"STRONG-ARM (HANDS, FIST, FEET OR BODILY FORCE)",IC,Invest Cont,624,,,1400 W  JEFFERSON                    BL,34.0255,-118.2972,2020.0,6.0,27.0,5.0,0.0,2.0,1,14,0,Afternoon
3574,201113100,08/31/2020 12:00:00 AM,08/31/2020 12:00:00 AM,1740,11,Northeast,1177,1,510,VEHICLE - STOLEN,,0,Unknown,,108,PARKING LOT,,,IC,Invest Cont,510,,,2000 N  FIGUEROA                     ST,34.0884,-118.2258,2020.0,8.0,31.0,0.0,0.0,3.0,0,17,40,Afternoon
3577,200113793,06/22/2020 12:00:00 AM,06/21/2020 12:00:00 AM,100,1,Central,176,1,230,"ASSAULT WITH DEADLY WEAPON, AGGRAVATED ASSAULT",0416 0408 1822,39,M,W,502,"MULTI-UNIT DWELLING (APARTMENT, DUPLEX, ETC)",400.0,"STRONG-ARM (HANDS, FIST, FEET OR BODILY FORCE)",IC,Invest Cont,230,,,700 S  LOS ANGELES                  ST,34.0433,-118.2504,2020.0,6.0,21.0,6.0,0.0,2.0,1,1,0,Night
3578,200119889,10/23/2020 12:00:00 AM,10/23/2020 12:00:00 AM,1800,1,Central,127,2,745,VANDALISM - MISDEAMEANOR ($399 OR UNDER),329,0,M,O,726,POLICE FACILITY,,,IC,Invest Cont,745,,,100 N  LOS ANGELES                  ST,34.0515,-118.2424,2020.0,10.0,23.0,4.0,0.0,4.0,0,18,0,Afternoon
3579,200405848,02/16/2020 12:00:00 AM,02/16/2020 12:00:00 AM,1330,4,Hollenbeck,428,2,745,VANDALISM - MISDEAMEANOR ($399 OR UNDER),329,49,F,H,501,SINGLE FAMILY DWELLING,,,IC,Invest Cont,745,,,3100    BUDAU                        AV,34.0808,-118.1738,2020.0,2.0,16.0,6.0,0.0,1.0,1,13,30,Afternoon
3580,200612949,07/22/2020 12:00:00 AM,07/22/2020 12:00:00 AM,500,6,Hollywood,631,2,624,BATTERY - SIMPLE ASSAULT,0400 0416 0445 0342 1822,26,F,W,101,STREET,400.0,"STRONG-ARM (HANDS, FIST, FEET OR BODILY FORCE)",IC,Invest Cont,624,,,1500    BLUE JAY                     WY,34.0995,-118.3867,2020.0,7.0,22.0,2.0,0.0,3.0,0,5,0,Night
3584,200818015,12/29/2020 12:00:00 AM,12/29/2020 12:00:00 AM,330,8,West LA,886,1,330,BURGLARY FROM VEHICLE,1822 1309 0216 1420 0321 0377 0344,33,F,O,101,STREET,,,IC,Invest Cont,330,,,2700    MONTE MAR                    TR,34.044,-118.4017,2020.0,12.0,29.0,1.0,0.0,4.0,0,3,30,Night
3585,200707745,03/26/2020 12:00:00 AM,03/25/2020 12:00:00 AM,1500,7,Wilshire,702,1,510,VEHICLE - STOLEN,,0,Unknown,,101,STREET,,,IC,Invest Cont,510,,,600 N  GARDNER                      ST,34.0818,-118.3532,2020.0,3.0,25.0,2.0,0.0,1.0,0,15,0,Afternoon
3586,201107718,03/25/2020 12:00:00 AM,03/25/2020 12:00:00 AM,700,11,Northeast,1139,1,510,VEHICLE - STOLEN,,0,Unknown,,101,STREET,,,IC,Invest Cont,510,,,6300    ARROYO GLEN                  ST,34.1128,-118.1845,2020.0,3.0,25.0,2.0,0.0,1.0,0,7,0,Morning
3588,201223546,10/29/2020 12:00:00 AM,10/28/2020 12:00:00 AM,1500,12,77th Street,1253,1,440,THEFT PLAIN - PETTY ($950 & UNDER),0344 1822,29,F,W,502,"MULTI-UNIT DWELLING (APARTMENT, DUPLEX, ETC)",,,IC,Invest Cont,440,,,1800 W  78TH                         ST,33.9691,-118.3096,2020.0,10.0,28.0,2.0,0.0,4.0,0,15,0,Afternoon
3589,200308524,03/13/2020 12:00:00 AM,03/13/2020 12:00:00 AM,1530,3,Southwest,395,1,236,INTIMATE PARTNER - AGGRAVATED ASSAULT,2000 1813 0408 0447 0913,36,F,H,501,SINGLE FAMILY DWELLING,400.0,"STRONG-ARM (HANDS, FIST, FEET OR BODILY FORCE)",AO,Adult Other,236,,,1900 W  41ST                         ST,34.0099,-118.3171,2020.0,3.0,13.0,4.0,0.0,1.0,0,15,30,Afternoon
3590,201305190,01/22/2020 12:00:00 AM,01/22/2020 12:00:00 AM,900,13,Newton,1377,1,510,VEHICLE - STOLEN,,0,Unknown,,101,STREET,,,IC,Invest Cont,510,,,57TH                         ST,33.9913,-118.2422,2020.0,1.0,22.0,2.0,0.0,1.0,0,9,0,Morning
3591,200511278,07-01-2020 00:00,06/29/2020 12:00:00 AM,1200,5,Harbor,562,1,420,THEFT FROM MOTOR VEHICLE - PETTY ($950 & UNDER),,0,Unknown,,101,STREET,,,IC,Invest Cont,420,,,1500    LE GRANDE                    TR,33.7298,-118.3067,2020.0,6.0,29.0,0.0,0.0,2.0,0,12,0,Morning
3593,200707672,03/21/2020 12:00:00 AM,03/21/2020 12:00:00 AM,2055,7,Wilshire,782,2,626,INTIMATE PARTNER - SIMPLE ASSAULT,2000 0416 1814,47,F,W,102,SIDEWALK,400.0,"STRONG-ARM (HANDS, FIST, FEET OR BODILY FORCE)",AO,Adult Other,626,,,VENICE                       BL,34.0368,-118.3754,2020.0,3.0,21.0,5.0,0.0,1.0,1,20,55,Evening
3596,201113645,09/15/2020 12:00:00 AM,09/15/2020 12:00:00 AM,730,11,Northeast,1171,2,745,VANDALISM - MISDEAMEANOR ($399 OR UNDER),1202 1822 0329,76,M,W,102,SIDEWALK,,,IC,Invest Cont,745,,,1600    ROTARY                       DR,34.0885,-118.2714,2020.0,9.0,15.0,1.0,0.0,3.0,0,7,30,Morning
3602,200812307,07/24/2020 12:00:00 AM,07/23/2020 12:00:00 AM,2130,8,West LA,835,2,745,VANDALISM - MISDEAMEANOR ($399 OR UNDER),1822 0344,0,X,X,708,CHURCH/CHAPEL (CHANGED 03-03 FROM CHURCH/TEMPLE),,,IC,Invest Cont,745,,,1900    WESTWOOD                     BL,34.047,-118.4344,2020.0,7.0,23.0,3.0,0.0,3.0,0,21,30,Evening
3605,200317348,09/14/2020 12:00:00 AM,09/14/2020 12:00:00 AM,2130,3,Southwest,326,2,901,VIOLATION OF RESTRAINING ORDER,0913 2038 0561 0340,57,M,H,501,SINGLE FAMILY DWELLING,,,IC,Invest Cont,901,,,2600 S  HARVARD                      BL,34.0322,-118.3067,2020.0,9.0,14.0,0.0,0.0,3.0,0,21,30,Evening
3607,200914883,09/19/2020 12:00:00 AM,09/18/2020 12:00:00 AM,2110,9,Van Nuys,914,2,624,BATTERY - SIMPLE ASSAULT,416,40,F,B,502,"MULTI-UNIT DWELLING (APARTMENT, DUPLEX, ETC)",400.0,"STRONG-ARM (HANDS, FIST, FEET OR BODILY FORCE)",IC,Invest Cont,624,,,14600    VANOWEN                      ST,34.1976,-118.4574,2020.0,9.0,18.0,4.0,0.0,3.0,0,21,10,Evening
3608,201221350,09/25/2020 12:00:00 AM,09/25/2020 12:00:00 AM,30,12,77th Street,1249,2,626,INTIMATE PARTNER - SIMPLE ASSAULT,2000 0416 1814 0448 0419 1813,26,F,H,501,SINGLE FAMILY DWELLING,400.0,"STRONG-ARM (HANDS, FIST, FEET OR BODILY FORCE)",AA,Adult Arrest,626,,,6900 S  FIGUEROA                     ST,33.9769,-118.2827,2020.0,9.0,25.0,4.0,0.0,3.0,0,0,30,Night
3609,200717221,12/18/2020 12:00:00 AM,12/17/2020 12:00:00 AM,2210,7,Wilshire,743,1,210,ROBBERY,0416 0344,58,M,H,101,STREET,305.0,FIXED OBJECT,IC,Invest Cont,210,,,8TH,34.0592,-118.3575,2020.0,12.0,17.0,3.0,0.0,4.0,0,22,10,Evening
3610,200206908,02/26/2020 12:00:00 AM,02/25/2020 12:00:00 AM,1500,2,Rampart,281,2,627,CHILD ABUSE (PHYSICAL) - SIMPLE ASSAULT,0913 1251 1258 0416 0556,7,M,H,502,"MULTI-UNIT DWELLING (APARTMENT, DUPLEX, ETC)",301.0,BELT FLAILING INSTRUMENT/CHAIN,AO,Adult Other,627,,,1200 S  LAKE                         ST,34.0493,-118.2828,2020.0,2.0,25.0,1.0,0.0,1.0,0,15,0,Afternoon
3611,200316325,08/26/2020 12:00:00 AM,08/25/2020 12:00:00 AM,1200,3,Southwest,361,1,420,THEFT FROM MOTOR VEHICLE - PETTY ($950 & UNDER),,0,Unknown,,108,PARKING LOT,,,IC,Invest Cont,420,,,4000    NICOLET                      AV,34.0171,-118.3531,2020.0,8.0,25.0,1.0,0.0,3.0,0,12,0,Morning
3613,200516940,11/20/2020 12:00:00 AM,11/20/2020 12:00:00 AM,2100,5,Harbor,526,2,626,INTIMATE PARTNER - SIMPLE ASSAULT,0329 0444 0448 1813 2000 0913,25,F,H,501,SINGLE FAMILY DWELLING,400.0,"STRONG-ARM (HANDS, FIST, FEET OR BODILY FORCE)",AA,Adult Arrest,626,,,300 W  OPP                          ST,33.7827,-118.2662,2020.0,11.0,20.0,4.0,0.0,4.0,0,21,0,Evening
3614,200506139,02/20/2020 12:00:00 AM,01/22/2020 12:00:00 AM,1,5,Harbor,585,2,649,DOCUMENT FORGERY / STOLEN FELONY,0923 1822,29,F,W,502,"MULTI-UNIT DWELLING (APARTMENT, DUPLEX, ETC)",,,IC,Invest Cont,649,,,700 W  19TH                         ST,33.727,-118.2924,2020.0,1.0,22.0,2.0,0.0,1.0,0,0,1,Night
3615,201007556,03/26/2020 12:00:00 AM,03/20/2020 12:00:00 AM,1700,10,West Valley,1018,1,310,BURGLARY,0344 9999 1822 1275,0,M,W,702,OFFICE BUILDING/OFFICE,,,IC,Invest Cont,310,,,7600    GLORIA                       AV,34.2085,-118.4793,2020.0,3.0,20.0,4.0,0.0,1.0,0,17,0,Afternoon
3620,200317977,09/28/2020 12:00:00 AM,09/25/2020 12:00:00 AM,1500,3,Southwest,358,1,310,BURGLARY,1822 1601,19,X,X,508,FRAT HOUSE/SORORITY/DORMITORY,,,AA,Adult Arrest,310,,,3700    MCCLINTOCK                   AV,34.0193,-118.2908,2020.0,9.0,25.0,4.0,0.0,3.0,0,15,0,Afternoon
3621,200504956,01/23/2020 12:00:00 AM,01/23/2020 12:00:00 AM,210,5,Harbor,562,1,330,BURGLARY FROM VEHICLE,1606 0913 0344 1300 1402,55,M,W,101,STREET,,,AO,Adult Other,330,998.0,,1200    AVERILL                      AV,33.7334,-118.3078,2020.0,1.0,23.0,3.0,0.0,1.0,0,2,10,Night
3622,200100630,02/25/2020 12:00:00 AM,02/25/2020 12:00:00 AM,2250,1,Central,155,2,623,BATTERY POLICE (SIMPLE),1212 0401 2004 1414,25,M,B,102,SIDEWALK,400.0,"STRONG-ARM (HANDS, FIST, FEET OR BODILY FORCE)",AA,Adult Arrest,623,,,6TH                          ST,34.0439,-118.2479,2020.0,2.0,25.0,1.0,0.0,1.0,0,22,50,Evening
3626,200917352,11/17/2020 12:00:00 AM,11/16/2020 12:00:00 AM,1700,9,Van Nuys,923,1,230,"ASSAULT WITH DEADLY WEAPON, AGGRAVATED ASSAULT",2033 1822 0411,18,M,H,102,SIDEWALK,223.0,UNKNOWN TYPE CUTTING INSTRUMENT,IC,Invest Cont,230,,,15000    VICTORY                      BL,34.1903,-118.4574,2020.0,11.0,16.0,0.0,0.0,4.0,0,17,0,Afternoon
3627,200913001,08-01-2020 00:00,07/30/2020 12:00:00 AM,1800,9,Van Nuys,933,1,330,BURGLARY FROM VEHICLE,1300 0344 0358,46,F,O,123,PARKING UNDERGROUND/BUILDING,,,IC,Invest Cont,330,,,14600    ERWIN                        ST,34.1836,-118.4531,2020.0,7.0,30.0,3.0,0.0,3.0,0,18,0,Afternoon
3628,200110908,04/24/2020 12:00:00 AM,04/24/2020 12:00:00 AM,105,1,Central,118,2,745,VANDALISM - MISDEAMEANOR ($399 OR UNDER),0329 1822 1202,84,F,H,502,"MULTI-UNIT DWELLING (APARTMENT, DUPLEX, ETC)",,,IC,Invest Cont,745,,,200    LEROY                        ST,34.0649,-118.2289,2020.0,4.0,24.0,4.0,0.0,2.0,0,1,5,Night
3629,200504814,01/19/2020 12:00:00 AM,01/19/2020 12:00:00 AM,2000,5,Harbor,558,1,251,SHOTS FIRED AT INHABITED DWELLING,1100 1822,0,X,X,502,"MULTI-UNIT DWELLING (APARTMENT, DUPLEX, ETC)",106.0,UNKNOWN FIREARM,IC,Invest Cont,251,,,600 N  HARBOR                       BL,33.7485,-118.2803,2020.0,1.0,19.0,6.0,0.0,1.0,1,20,0,Evening
3630,201207317,02/16/2020 12:00:00 AM,01/25/2020 12:00:00 AM,1600,12,77th Street,1266,1,310,BURGLARY,1603 0344 1202,61,F,B,501,SINGLE FAMILY DWELLING,,,IC,Invest Cont,310,,,900 W  79TH                         ST,33.9678,-118.2893,2020.0,1.0,25.0,5.0,0.0,1.0,1,16,0,Afternoon
3631,200407140,03/20/2020 12:00:00 AM,03/20/2020 12:00:00 AM,32,4,Hollenbeck,448,2,888,TRESPASSING,2004,41,F,H,108,PARKING LOT,,,IC,Invest Cont,888,,,1400    MURCHISON                    ST,34.0579,-118.1968,2020.0,3.0,20.0,4.0,0.0,1.0,0,0,32,Night
3632,200615449,09/15/2020 12:00:00 AM,09/15/2020 12:00:00 AM,2030,6,Hollywood,669,1,761,BRANDISH WEAPON,0334 1402 1822,41,M,H,102,SIDEWALK,207.0,OTHER KNIFE,AO,Adult Other,761,,,5100    SANTA MONICA                 BL,34.0929,-118.3048,2020.0,9.0,15.0,1.0,0.0,3.0,0,20,30,Evening
3634,200209007,04/15/2020 12:00:00 AM,04/15/2020 12:00:00 AM,2015,2,Rampart,248,2,624,BATTERY - SIMPLE ASSAULT,1822 1257 0400 0429,2,M,B,502,"MULTI-UNIT DWELLING (APARTMENT, DUPLEX, ETC)",400.0,"STRONG-ARM (HANDS, FIST, FEET OR BODILY FORCE)",IC,Invest Cont,624,,,300    COLUMBIA                     AV,34.0594,-118.2644,2020.0,4.0,15.0,2.0,0.0,2.0,0,20,15,Evening
3635,200706585,02/23/2020 12:00:00 AM,02/23/2020 12:00:00 AM,115,7,Wilshire,702,1,310,BURGLARY,0344 1609,37,M,W,501,SINGLE FAMILY DWELLING,,,IC,Invest Cont,310,,,800 N  CURSON                       AV,34.0854,-118.3553,2020.0,2.0,23.0,6.0,0.0,1.0,1,1,15,Night
3636,201226451,12/15/2020 12:00:00 AM,12/15/2020 12:00:00 AM,755,12,77th Street,1269,1,230,"ASSAULT WITH DEADLY WEAPON, AGGRAVATED ASSAULT",1100 1402 1407 0430 1822 1309 0906,21,M,B,101,STREET,102.0,HAND GUN,IC,Invest Cont,230,,,400 E  82ND                         ST,33.9646,-118.2673,2020.0,12.0,15.0,1.0,0.0,4.0,0,7,55,Morning
3637,201111909,07/28/2020 12:00:00 AM,07/27/2020 12:00:00 AM,1500,11,Northeast,1124,1,510,VEHICLE - STOLEN,,0,Unknown,,101,STREET,,,IC,Invest Cont,510,,,3000 W  AVENUE 34,34.1173,-118.2389,2020.0,7.0,27.0,0.0,0.0,3.0,0,15,0,Afternoon
3638,200618587,11/27/2020 12:00:00 AM,11/26/2020 12:00:00 AM,1700,6,Hollywood,676,2,624,BATTERY - SIMPLE ASSAULT,0400 0416,39,M,H,102,SIDEWALK,400.0,"STRONG-ARM (HANDS, FIST, FEET OR BODILY FORCE)",IC,Invest Cont,624,,,700    VINE                         ST,34.0835,-118.3266,2020.0,11.0,26.0,3.0,0.0,4.0,0,17,0,Afternoon
3641,200619808,12/30/2020 12:00:00 AM,12/29/2020 12:00:00 AM,2200,6,Hollywood,656,1,510,VEHICLE - STOLEN,,0,Unknown,,101,STREET,,,IC,Invest Cont,510,,,5900    BARTON                       AV,34.088,-118.3223,2020.0,12.0,29.0,1.0,0.0,4.0,0,22,0,Evening
3642,201007362,03/18/2020 12:00:00 AM,03/17/2020 12:00:00 AM,2000,10,West Valley,1017,1,420,THEFT FROM MOTOR VEHICLE - PETTY ($950 & UNDER),0344 1822,46,M,W,101,STREET,,,AO,Adult Other,420,,,16900    WYANDOTTE                    ST,34.203,-118.5033,2020.0,3.0,17.0,1.0,0.0,1.0,0,20,0,Evening
3643,200414127,10/22/2020 12:00:00 AM,10/22/2020 12:00:00 AM,510,4,Hollenbeck,448,1,230,"ASSAULT WITH DEADLY WEAPON, AGGRAVATED ASSAULT",0334 0445 0416 1822,36,M,H,502,"MULTI-UNIT DWELLING (APARTMENT, DUPLEX, ETC)",207.0,OTHER KNIFE,IC,Invest Cont,230,,,1500 N  INDIANA                      ST,34.0591,-118.1965,2020.0,10.0,22.0,3.0,0.0,4.0,0,5,10,Night
3646,200407234,03/24/2020 12:00:00 AM,01/28/2020 12:00:00 AM,1200,4,Hollenbeck,453,1,440,THEFT PLAIN - PETTY ($950 & UNDER),344,43,F,W,701,HOSPITAL,,,IC,Invest Cont,440,,,1700 E  CESAR E CHAVEZ               AV,34.0512,-118.2176,2020.0,1.0,28.0,1.0,0.0,1.0,0,12,0,Morning
3647,200914343,09-04-2020 00:00,08/30/2020 12:00:00 AM,1030,9,Van Nuys,915,2,930,CRIMINAL THREATS - NO WEAPON DISPLAYED,1912 1906,51,F,B,501,SINGLE FAMILY DWELLING,511.0,VERBAL THREAT,AO,Adult Other,930,,,6900    HAZELTINE                    AV,34.1976,-118.4443,2020.0,8.0,30.0,6.0,0.0,3.0,1,10,30,Morning
3648,201220996,09/20/2020 12:00:00 AM,09/19/2020 12:00:00 AM,1630,12,77th Street,1209,1,210,ROBBERY,0419 1240 1311 1822 0342 0344 0330 0916,31,F,H,101,STREET,400.0,"STRONG-ARM (HANDS, FIST, FEET OR BODILY FORCE)",IC,Invest Cont,210,,,47TH                         ST,34.001,-118.2815,2020.0,9.0,19.0,5.0,0.0,3.0,1,16,30,Afternoon
3649,200900710,05/24/2020 12:00:00 AM,05/24/2020 12:00:00 AM,430,9,Van Nuys,946,2,354,THEFT OF IDENTITY,0100 1822 0930,32,F,W,501,SINGLE FAMILY DWELLING,,,IC,Invest Cont,354,,,13700    OXNARD                       ST,34.1794,-118.4312,2020.0,5.0,24.0,6.0,0.0,2.0,1,4,30,Night
3650,200210268,05/17/2020 12:00:00 AM,05/16/2020 12:00:00 AM,2200,2,Rampart,201,1,420,THEFT FROM MOTOR VEHICLE - PETTY ($950 & UNDER),,0,Unknown,,101,STREET,,,IC,Invest Cont,420,,,900 N  KENMORE                      AV,34.088,-118.297,2020.0,5.0,16.0,5.0,0.0,2.0,1,22,0,Evening
3651,201006468,02/24/2020 12:00:00 AM,02/23/2020 12:00:00 AM,1911,10,West Valley,1088,1,310,BURGLARY,0344 1606 0352 0321 1822,35,M,B,501,SINGLE FAMILY DWELLING,,,IC,Invest Cont,310,,,4700    LOUISE                       AV,34.1549,-118.5092,2020.0,2.0,23.0,6.0,0.0,1.0,1,19,11,Evening
3652,200612853,07/20/2020 12:00:00 AM,07/20/2020 12:00:00 AM,900,6,Hollywood,636,2,624,BATTERY - SIMPLE ASSAULT,2004 0400 0444 0429 1814 1218 2000,28,F,O,503,HOTEL,400.0,"STRONG-ARM (HANDS, FIST, FEET OR BODILY FORCE)",AO,Adult Other,624,626.0,,1800 N  CAHUENGA                     BL,34.1039,-118.3297,2020.0,7.0,20.0,0.0,0.0,3.0,0,9,0,Morning
3654,200416136,12/21/2020 12:00:00 AM,12/21/2020 12:00:00 AM,1010,4,Hollenbeck,499,1,210,ROBBERY,1822 0342 0344 0302 0334 1309 0355 0326 1100 0450,22,M,H,101,STREET,102.0,HAND GUN,IC,Invest Cont,210,,,1400    MIRASOL                      ST,34.0177,-118.1995,2020.0,12.0,21.0,0.0,0.0,4.0,0,10,10,Morning
3655,201109915,05/29/2020 12:00:00 AM,05/29/2020 12:00:00 AM,2115,11,Northeast,1178,2,624,BATTERY - SIMPLE ASSAULT,0431 0400 0416 0913 0361,37,M,H,101,STREET,400.0,"STRONG-ARM (HANDS, FIST, FEET OR BODILY FORCE)",IC,Invest Cont,624,,,3200    GRANADA                      ST,34.0959,-118.2289,2020.0,5.0,29.0,4.0,0.0,2.0,0,21,15,Evening
3656,201308944,04-01-2020 00:00,03/27/2020 12:00:00 AM,1000,13,Newton,1383,1,330,BURGLARY FROM VEHICLE,1601 0344 0329,34,F,H,101,STREET,,,IC,Invest Cont,330,,,100 W  59TH                         PL,33.9861,-118.2739,2020.0,3.0,27.0,4.0,0.0,1.0,0,10,0,Morning
3657,200314589,07/23/2020 12:00:00 AM,07/22/2020 12:00:00 AM,2200,3,Southwest,395,1,510,VEHICLE - STOLEN,,0,Unknown,,101,STREET,,,AA,Adult Arrest,510,,,1800 W  VERNON                       AV,34.0073,-118.3108,2020.0,7.0,22.0,2.0,0.0,3.0,0,22,0,Evening
3658,200311599,05/20/2020 12:00:00 AM,05/20/2020 12:00:00 AM,630,3,Southwest,398,2,624,BATTERY - SIMPLE ASSAULT,1817 0417 0416 1202,60,M,B,501,SINGLE FAMILY DWELLING,400.0,"STRONG-ARM (HANDS, FIST, FEET OR BODILY FORCE)",AO,Adult Other,624,,,600 W  42ND                         ST,34.0071,-118.2842,2020.0,5.0,20.0,2.0,0.0,2.0,0,6,30,Night
3659,200917728,11/27/2020 12:00:00 AM,11/26/2020 12:00:00 AM,1035,9,Van Nuys,985,1,442,SHOPLIFTING - PETTY THEFT ($950 & UNDER),325,0,X,X,402,MARKET,,,AA,Adult Arrest,442,,,4500    VAN NUYS                     BL,34.1531,-118.4487,2020.0,11.0,26.0,3.0,0.0,4.0,0,10,35,Morning
3660,200111798,05/17/2020 12:00:00 AM,05/16/2020 12:00:00 AM,1545,1,Central,153,1,761,BRANDISH WEAPON,2004 1822 0443 0910 2003 1266 0334,25,M,H,902,MTA - RED LINE - PERSHING SQUARE,200.0,KNIFE WITH BLADE 6INCHES OR LESS,IC,Invest Cont,761,,,5TH,34.0488,-118.2518,2020.0,5.0,16.0,5.0,0.0,2.0,1,15,45,Afternoon
3661,201207833,02/25/2020 12:00:00 AM,02/25/2020 12:00:00 AM,2100,12,77th Street,1211,1,230,"ASSAULT WITH DEADLY WEAPON, AGGRAVATED ASSAULT",1822 0400 0411 0906,24,M,B,102,SIDEWALK,223.0,UNKNOWN TYPE CUTTING INSTRUMENT,IC,Invest Cont,230,,,SLAUSON                      AV,33.9891,-118.3247,2020.0,2.0,25.0,1.0,0.0,1.0,0,21,0,Evening
3664,200400646,02/28/2020 12:00:00 AM,02/28/2020 12:00:00 AM,1350,4,Hollenbeck,415,2,624,BATTERY - SIMPLE ASSAULT,0400 0416 0913 1202,60,M,H,210,RESTAURANT/FAST FOOD,400.0,"STRONG-ARM (HANDS, FIST, FEET OR BODILY FORCE)",IC,Invest Cont,624,,,3100 N  BROADWAY,34.0762,-118.2119,2020.0,2.0,28.0,4.0,0.0,1.0,0,13,50,Afternoon
3665,200619490,12/20/2020 12:00:00 AM,12/20/2020 12:00:00 AM,2320,6,Hollywood,615,1,310,BURGLARY,0329 1307 1609 0344 1822,53,M,O,501,SINGLE FAMILY DWELLING,500.0,UNKNOWN WEAPON/OTHER WEAPON,IC,Invest Cont,310,,,6300    INNSDALE                     DR,34.13,-118.327,2020.0,12.0,20.0,6.0,0.0,4.0,1,23,20,Evening
3666,201104658,01/16/2020 12:00:00 AM,01/15/2020 12:00:00 AM,2230,11,Northeast,1173,1,330,BURGLARY FROM VEHICLE,0386 0344 0358,29,M,H,101,STREET,500.0,UNKNOWN WEAPON/OTHER WEAPON,IC,Invest Cont,330,,,2200    LAKE SHORE                   AV,34.0924,-118.2532,2020.0,1.0,15.0,2.0,0.0,1.0,0,22,30,Evening
3669,200717219,12/17/2020 12:00:00 AM,12/17/2020 12:00:00 AM,2225,7,Wilshire,752,2,624,BATTERY - SIMPLE ASSAULT,0416 0444 0408,31,F,W,101,STREET,400.0,"STRONG-ARM (HANDS, FIST, FEET OR BODILY FORCE)",IC,Invest Cont,624,,,1000 S  ORLANDO                      AV,34.0588,-118.3738,2020.0,12.0,17.0,3.0,0.0,4.0,0,22,25,Evening
3672,201215247,06/23/2020 12:00:00 AM,06/23/2020 12:00:00 AM,2200,12,77th Street,1203,2,624,BATTERY - SIMPLE ASSAULT,0913 0416 0446 0419,47,F,H,501,SINGLE FAMILY DWELLING,400.0,"STRONG-ARM (HANDS, FIST, FEET OR BODILY FORCE)",IC,Invest Cont,624,,,1600 W  47TH                         ST,34.001,-118.3068,2020.0,6.0,23.0,1.0,0.0,2.0,0,22,0,Evening
3674,200316181,08/21/2020 12:00:00 AM,08/20/2020 12:00:00 AM,1030,3,Southwest,393,1,330,BURGLARY FROM VEHICLE,1822 1606 0344 0385 1300,19,X,X,103,ALLEY,,,IC,Invest Cont,330,,,4300    LEIMERT                      BL,34.0053,-118.3296,2020.0,8.0,20.0,3.0,0.0,3.0,0,10,30,Morning
3676,200415331,11/27/2020 12:00:00 AM,11/27/2020 12:00:00 AM,1315,4,Hollenbeck,454,1,210,ROBBERY,1822 0446,25,F,H,101,STREET,400.0,"STRONG-ARM (HANDS, FIST, FEET OR BODILY FORCE)",IC,Invest Cont,210,,,3RD                          ST,34.0451,-118.2184,2020.0,11.0,27.0,4.0,0.0,4.0,0,13,15,Afternoon
3679,201205016,01/14/2020 12:00:00 AM,01/13/2020 12:00:00 AM,900,12,77th Street,1249,2,740,"VANDALISM - FELONY ($400 & OVER, ALL CHURCH VANDALISMS)",0329 1307,42,F,B,122,"VEHICLE, PASSENGER/TRUCK",,,IC,Invest Cont,740,,,6500    DENVER                       AV,33.9806,-118.2838,2020.0,1.0,13.0,0.0,0.0,1.0,0,9,0,Morning
3681,200115598,07/30/2020 12:00:00 AM,07/30/2020 12:00:00 AM,800,1,Central,153,2,625,OTHER ASSAULT,0416 1822,48,M,H,102,SIDEWALK,400.0,"STRONG-ARM (HANDS, FIST, FEET OR BODILY FORCE)",IC,Invest Cont,625,,,600 S  SPRING                       ST,34.0467,-118.252,2020.0,7.0,30.0,3.0,0.0,3.0,0,8,0,Morning
3682,201012066,08/15/2020 12:00:00 AM,08/14/2020 12:00:00 AM,2100,10,West Valley,1065,2,740,"VANDALISM - FELONY ($400 & OVER, ALL CHURCH VANDALISMS)",0913 0329 0321 0359 0212 1420 2003 0603 1817,0,M,O,507,CONDOMINIUM/TOWNHOUSE,,,AA,Adult Arrest,740,,,5400    ZELZAH                       AV,34.1686,-118.522,2020.0,8.0,14.0,4.0,0.0,3.0,0,21,0,Evening
3684,201217533,07/30/2020 12:00:00 AM,07/30/2020 12:00:00 AM,122,12,77th Street,1203,2,890,FAILURE TO YIELD,1309 1501,19,X,X,101,STREET,,,JA,Juv Arrest,890,,,WESTERN                      AV,34.0001,-118.3089,2020.0,7.0,30.0,3.0,0.0,3.0,0,1,22,Night
3685,200511811,07/14/2020 12:00:00 AM,07/14/2020 12:00:00 AM,1,5,Harbor,514,2,745,VANDALISM - MISDEAMEANOR ($399 OR UNDER),329,0,X,X,247,CAR WASH,,,IC,Invest Cont,745,,,1200 W  PACIFIC COAST                HY,33.7904,-118.278,2020.0,7.0,14.0,1.0,0.0,3.0,0,0,1,Night
3687,200707236,03-09-2020 00:00,02/23/2020 12:00:00 AM,2130,7,Wilshire,711,2,624,BATTERY - SIMPLE ASSAULT,0400 0444 1822,28,F,W,203,OTHER BUSINESS,400.0,"STRONG-ARM (HANDS, FIST, FEET OR BODILY FORCE)",IC,Invest Cont,624,,,400 N  FAIRFAX                      AV,34.0782,-118.3695,2020.0,2.0,23.0,6.0,0.0,1.0,1,21,30,Evening
3690,200608750,04-02-2020 00:00,03/17/2020 12:00:00 AM,1628,6,Hollywood,636,1,341,"THEFT-GRAND ($950.01 & OVER)EXCPT,GUNS,FOWL,LIVESTK,PROD",0344 0394,27,F,B,102,SIDEWALK,,,IC,Invest Cont,341,,,1700 N  MC CADDEN                    PL,34.1016,-118.3374,2020.0,3.0,17.0,1.0,0.0,1.0,0,16,28,Afternoon
3692,200613160,07/27/2020 12:00:00 AM,07/25/2020 12:00:00 AM,1900,6,Hollywood,625,1,480,BIKE - STOLEN,344,51,M,W,707,GARAGE/CARPORT,,,IC,Invest Cont,480,,,2000    GLENCOE                      WY,34.1072,-118.3395,2020.0,7.0,25.0,5.0,0.0,3.0,1,19,0,Evening
3693,201004884,01/22/2020 12:00:00 AM,01/22/2020 12:00:00 AM,230,10,West Valley,1024,1,330,BURGLARY FROM VEHICLE,1420 0216 0344,35,M,H,101,STREET,,,IC,Invest Cont,330,,,6900    GEYSER                       AV,34.1957,-118.5426,2020.0,1.0,22.0,2.0,0.0,1.0,0,2,30,Night
3697,200614753,08/31/2020 12:00:00 AM,08/31/2020 12:00:00 AM,830,6,Hollywood,656,2,624,BATTERY - SIMPLE ASSAULT,0400 0416 1300 1822 1402,43,M,H,101,STREET,400.0,"STRONG-ARM (HANDS, FIST, FEET OR BODILY FORCE)",IC,Invest Cont,624,998.0,,6000    ELEANOR                      AV,34.0898,-118.3244,2020.0,8.0,31.0,0.0,0.0,3.0,0,8,30,Morning
3698,201209696,03/24/2020 12:00:00 AM,03/23/2020 12:00:00 AM,1530,12,77th Street,1248,1,341,"THEFT-GRAND ($950.01 & OVER)EXCPT,GUNS,FOWL,LIVESTK,PROD",0394 0344 0349 1822,29,F,B,501,SINGLE FAMILY DWELLING,,,IC,Invest Cont,341,,,900 W  62ND                         PL,33.9828,-118.2892,2020.0,3.0,23.0,0.0,0.0,1.0,0,15,30,Afternoon
3699,201109221,05-10-2020 00:00,04/24/2020 12:00:00 AM,1500,11,Northeast,1118,2,354,THEFT OF IDENTITY,0930 1822,31,F,H,501,SINGLE FAMILY DWELLING,,,IC,Invest Cont,354,,,5600    YORK                         BL,34.1194,-118.1967,2020.0,4.0,24.0,4.0,0.0,2.0,0,15,0,Afternoon
3700,200411824,08/17/2020 12:00:00 AM,04/15/2020 12:00:00 AM,1200,4,Hollenbeck,424,1,310,BURGLARY,0344 1607 1402,44,F,H,221,PUBLIC STORAGE,,,IC,Invest Cont,310,998.0,,4000 N  MISSION                      RD,34.0739,-118.1965,2020.0,4.0,15.0,2.0,0.0,2.0,0,12,0,Morning
3704,201226574,09/23/2020 12:00:00 AM,09/22/2020 12:00:00 AM,1205,12,77th Street,1283,2,354,THEFT OF IDENTITY,930,55,F,B,501,SINGLE FAMILY DWELLING,,,IC,Invest Cont,354,,,1500 W  94TH                         ST,33.9511,-118.3047,2020.0,9.0,22.0,1.0,0.0,3.0,0,12,5,Morning
3708,201210077,03/31/2020 12:00:00 AM,03/31/2020 12:00:00 AM,2030,12,77th Street,1211,2,623,BATTERY POLICE (SIMPLE),1212 0400,27,M,H,101,STREET,400.0,"STRONG-ARM (HANDS, FIST, FEET OR BODILY FORCE)",AO,Adult Other,623,,,CRENSHAW                     BL,33.989,-118.3307,2020.0,3.0,31.0,1.0,0.0,1.0,0,20,30,Evening
3709,201013814,09/30/2020 12:00:00 AM,09/30/2020 12:00:00 AM,840,10,West Valley,1037,2,888,TRESPASSING,2004 1822,0,M,O,158,TRANSIENT ENCAMPMENT,,,AA,Adult Arrest,888,,,WHITE OAK,34.1866,-118.5185,2020.0,9.0,30.0,2.0,0.0,3.0,0,8,40,Morning
3710,201112651,08/15/2020 12:00:00 AM,08/15/2020 12:00:00 AM,1800,11,Northeast,1181,1,230,"ASSAULT WITH DEADLY WEAPON, AGGRAVATED ASSAULT",1822 0411 0416,53,M,H,102,SIDEWALK,218.0,OTHER CUTTING INSTRUMENT,IC,Invest Cont,230,,,SUNSET,34.0808,-118.2655,2020.0,8.0,15.0,5.0,0.0,3.0,1,18,0,Afternoon
3712,200510076,05/29/2020 12:00:00 AM,05/28/2020 12:00:00 AM,2000,5,Harbor,523,1,420,THEFT FROM MOTOR VEHICLE - PETTY ($950 & UNDER),0344 0385 1300 1202,67,M,B,101,STREET,,,IC,Invest Cont,420,,,700    FIGUEROA                     ST,33.7613,-118.2819,2020.0,5.0,28.0,3.0,0.0,2.0,0,20,0,Evening
3713,200910338,05/31/2020 12:00:00 AM,05/30/2020 12:00:00 AM,2000,9,Van Nuys,952,1,510,VEHICLE - STOLEN,,0,Unknown,,101,STREET,,,IC,Invest Cont,510,,,5200    WILLIS                       AV,34.1649,-118.4553,2020.0,5.0,30.0,5.0,0.0,2.0,1,20,0,Evening
3714,200405754,02/14/2020 12:00:00 AM,02/14/2020 12:00:00 AM,1430,4,Hollenbeck,463,2,903,CONTEMPT OF COURT,2038,27,M,H,704,ELEMENTARY SCHOOL,,,IC,Invest Cont,903,,,1900 E  2ND                          ST,34.0457,-118.218,2020.0,2.0,14.0,4.0,0.0,1.0,0,14,30,Afternoon
3715,200112165,05/26/2020 12:00:00 AM,05/25/2020 12:00:00 AM,2250,1,Central,156,1,230,"ASSAULT WITH DEADLY WEAPON, AGGRAVATED ASSAULT",1218 2004 2033 0445 1414 1402 0411 0603 0907 0913,51,F,B,502,"MULTI-UNIT DWELLING (APARTMENT, DUPLEX, ETC)",201.0,KNIFE WITH BLADE OVER 6 INCHES IN LENGTH,AA,Adult Arrest,230,998.0,,500    SAN JULIAN                   ST,34.0446,-118.245,2020.0,5.0,25.0,0.0,0.0,2.0,0,22,50,Evening
3716,200107629,02/22/2020 12:00:00 AM,02/22/2020 12:00:00 AM,645,1,Central,147,2,740,"VANDALISM - FELONY ($400 & OVER, ALL CHURCH VANDALISMS)",0329 1822 0417 0603,0,X,X,702,OFFICE BUILDING/OFFICE,400.0,"STRONG-ARM (HANDS, FIST, FEET OR BODILY FORCE)",AO,Adult Other,740,,,400 E  5TH                          ST,34.0453,-118.2443,2020.0,2.0,22.0,5.0,0.0,1.0,1,6,45,Night
3718,200305246,01/23/2020 12:00:00 AM,01/22/2020 12:00:00 AM,2200,3,Southwest,355,1,236,INTIMATE PARTNER - AGGRAVATED ASSAULT,1409 1415 0943 1402 1259 1822,17,F,B,101,STREET,400.0,"STRONG-ARM (HANDS, FIST, FEET OR BODILY FORCE)",AA,Adult Arrest,236,998.0,,35TH,34.0247,-118.3089,2020.0,1.0,22.0,2.0,0.0,1.0,0,22,0,Evening
3719,200711859,07/21/2020 12:00:00 AM,07/21/2020 12:00:00 AM,30,7,Wilshire,734,1,510,VEHICLE - STOLEN,,0,Unknown,,101,STREET,,,IC,Invest Cont,510,,,HAUSER                       BL,34.0699,-118.3511,2020.0,7.0,21.0,1.0,0.0,3.0,0,0,30,Night
3721,201110646,06/20/2020 12:00:00 AM,06/20/2020 12:00:00 AM,1725,11,Northeast,1127,2,901,VIOLATION OF RESTRAINING ORDER,2038,65,F,H,501,SINGLE FAMILY DWELLING,,,AO,Adult Other,901,,,400    NEWLAND                      ST,34.1202,-118.185,2020.0,6.0,20.0,5.0,0.0,2.0,1,17,25,Afternoon
3722,200517768,12/13/2020 12:00:00 AM,12/13/2020 12:00:00 AM,300,5,Harbor,522,2,626,INTIMATE PARTNER - SIMPLE ASSAULT,0913 0444 1206 1813 2000 2002,31,M,H,502,"MULTI-UNIT DWELLING (APARTMENT, DUPLEX, ETC)",400.0,"STRONG-ARM (HANDS, FIST, FEET OR BODILY FORCE)",AO,Adult Other,626,,,600 N  WILMINGTON                   BL,33.7764,-118.2739,2020.0,12.0,13.0,6.0,0.0,4.0,1,3,0,Night
3723,200511913,07/16/2020 12:00:00 AM,07/16/2020 12:00:00 AM,340,5,Harbor,514,1,420,THEFT FROM MOTOR VEHICLE - PETTY ($950 & UNDER),1300 0344 0321,29,M,H,101,STREET,,,IC,Invest Cont,420,,,1300 W  CRUCES                       ST,33.7917,-118.2799,2020.0,7.0,16.0,3.0,0.0,3.0,0,3,40,Night
3725,201111639,07/19/2020 12:00:00 AM,07/18/2020 12:00:00 AM,2200,11,Northeast,1132,1,330,BURGLARY FROM VEHICLE,1307 0344,48,M,W,707,GARAGE/CARPORT,,,IC,Invest Cont,330,,,3800    LOS FELIZ                    BL,34.1146,-118.2756,2020.0,7.0,18.0,5.0,0.0,3.0,1,22,0,Evening
3727,201226513,12/16/2020 12:00:00 AM,12/16/2020 12:00:00 AM,1220,12,77th Street,1253,1,250,"SHOTS FIRED AT MOVING VEHICLE, TRAIN OR AIRCRAFT",1100 1300 1402,19,M,B,101,STREET,106.0,UNKNOWN FIREARM,IC,Invest Cont,250,,,77TH                         ST,33.97,-118.3134,2020.0,12.0,16.0,2.0,0.0,4.0,0,12,20,Morning
3730,201305295,01/24/2020 12:00:00 AM,01/23/2020 12:00:00 AM,1030,13,Newton,1385,1,510,VEHICLE - STOLEN,,0,Unknown,,101,STREET,,,IC,Invest Cont,510,,,60TH                         ST,33.9852,-118.2696,2020.0,1.0,23.0,3.0,0.0,1.0,0,10,30,Morning
3733,200817799,12/20/2020 12:00:00 AM,11/29/2020 12:00:00 AM,1054,8,West LA,841,1,440,THEFT PLAIN - PETTY ($950 & UNDER),394,32,M,W,502,"MULTI-UNIT DWELLING (APARTMENT, DUPLEX, ETC)",,,IC,Invest Cont,440,,,1300    CENTINELA                    AV,34.039,-118.4682,2020.0,11.0,29.0,6.0,0.0,4.0,1,10,54,Morning
3735,200109640,03/25/2020 12:00:00 AM,03/25/2020 12:00:00 AM,400,1,Central,158,1,820,ORAL COPULATION,1402 2034 1601 1218 2004 1415 1822 2060,52,M,B,102,SIDEWALK,400.0,"STRONG-ARM (HANDS, FIST, FEET OR BODILY FORCE)",IC,Invest Cont,820,998.0,,CENTRAL                      AV,34.0381,-118.2401,2020.0,3.0,25.0,2.0,0.0,1.0,0,4,0,Night
3737,201104723,01/18/2020 12:00:00 AM,01/18/2020 12:00:00 AM,1855,11,Northeast,1151,2,888,TRESPASSING,2004 1501,31,F,B,101,STREET,,,IC,Invest Cont,888,,,KENMORE                      AV,34.0981,-118.2972,2020.0,1.0,18.0,5.0,0.0,1.0,1,18,55,Afternoon
3739,201105986,02/14/2020 12:00:00 AM,02/13/2020 12:00:00 AM,2330,11,Northeast,1162,1,330,BURGLARY FROM VEHICLE,1300 1307 0344,23,M,H,101,STREET,,,IC,Invest Cont,330,,,4200 W  SUNSET                       BL,34.0938,-118.2818,2020.0,2.0,13.0,3.0,0.0,1.0,0,23,30,Evening
3740,201004484,01/13/2020 12:00:00 AM,01/13/2020 12:00:00 AM,230,10,West Valley,1024,1,331,THEFT FROM MOTOR VEHICLE - GRAND ($950.01 AND OVER),0386 1606 0321,41,M,H,104,DRIVEWAY,,,IC,Invest Cont,331,,,6900    RHEA                         AV,34.1957,-118.5415,2020.0,1.0,13.0,0.0,0.0,1.0,0,2,30,Night
3741,200510898,06/22/2020 12:00:00 AM,06/21/2020 12:00:00 AM,1645,5,Harbor,557,2,745,VANDALISM - MISDEAMEANOR ($399 OR UNDER),1300 0329 1307 1822,45,M,H,122,"VEHICLE, PASSENGER/TRUCK",,,IC,Invest Cont,745,,,600 W  4TH                          ST,33.7406,-118.2901,2020.0,6.0,21.0,6.0,0.0,2.0,1,16,45,Afternoon
3743,200916225,10/21/2020 12:00:00 AM,10/20/2020 12:00:00 AM,1930,9,Van Nuys,937,1,330,BURGLARY FROM VEHICLE,0344 1300,29,M,H,108,PARKING LOT,,,IC,Invest Cont,330,,,6300    WOODMAN                      AV,34.1836,-118.4355,2020.0,10.0,20.0,1.0,0.0,4.0,0,19,30,Evening
3744,200305565,01/27/2020 12:00:00 AM,01/27/2020 12:00:00 AM,1441,3,Southwest,321,1,210,ROBBERY,0416 0446 1402 0325 0945,0,X,X,403,DRUG STORE,400.0,"STRONG-ARM (HANDS, FIST, FEET OR BODILY FORCE)",IC,Invest Cont,210,,,5100    OBAMA                        BL,34.0238,-118.3669,2020.0,1.0,27.0,0.0,0.0,1.0,0,14,41,Afternoon
3746,200304997,01/17/2020 12:00:00 AM,01/15/2020 12:00:00 AM,200,3,Southwest,393,1,440,THEFT PLAIN - PETTY ($950 & UNDER),1822 0344,39,F,A,501,SINGLE FAMILY DWELLING,,,IC,Invest Cont,440,,,3300 W  MARTIN LUTHER KING           BL,34.0109,-118.33,2020.0,1.0,15.0,2.0,0.0,1.0,0,2,0,Night
3748,200100791,05/18/2020 12:00:00 AM,05/18/2020 12:00:00 AM,1,1,Central,182,1,230,"ASSAULT WITH DEADLY WEAPON, AGGRAVATED ASSAULT",1402 1407 1100 0450 1822 1414 1307,26,M,B,101,STREET,109.0,SEMI-AUTOMATIC PISTOL,IC,Invest Cont,230,998.0,,900 S  FIGUEROA                     ST,34.0462,-118.2628,2020.0,5.0,18.0,0.0,0.0,2.0,0,0,1,Night
3749,200807646,03/24/2020 12:00:00 AM,01/20/2020 12:00:00 AM,700,8,West LA,857,1,341,"THEFT-GRAND ($950.01 & OVER)EXCPT,GUNS,FOWL,LIVESTK,PROD",1803 0913 0352 0377 1202,93,F,O,502,"MULTI-UNIT DWELLING (APARTMENT, DUPLEX, ETC)",,,IC,Invest Cont,341,,,1100 S  ELM                          DR,34.0571,-118.3949,2020.0,1.0,20.0,0.0,0.0,1.0,0,7,0,Morning
3750,200709575,05/24/2020 12:00:00 AM,05/24/2020 12:00:00 AM,318,7,Wilshire,749,1,510,VEHICLE - STOLEN,,0,Unknown,,101,STREET,,,IC,Invest Cont,510,,,900 S  LUCERNE                      BL,34.0576,-118.3265,2020.0,5.0,24.0,6.0,0.0,2.0,1,3,18,Night
3751,200813685,09-03-2020 00:00,08/29/2020 12:00:00 AM,2300,8,West LA,882,1,480,BIKE - STOLEN,0344 0346,29,F,W,140,BALCONY*,,,IC,Invest Cont,480,,,BUTLER                       AV,34.0408,-118.4479,2020.0,8.0,29.0,5.0,0.0,3.0,1,23,0,Evening
3754,200213962,08/19/2020 12:00:00 AM,08/19/2020 12:00:00 AM,2325,2,Rampart,212,1,230,"ASSAULT WITH DEADLY WEAPON, AGGRAVATED ASSAULT",1309 1822 0450,34,M,H,102,SIDEWALK,109.0,SEMI-AUTOMATIC PISTOL,IC,Invest Cont,230,,,600 N  COMMONWEALTH                 AV,34.0818,-118.2856,2020.0,8.0,19.0,2.0,0.0,3.0,0,23,25,Evening
3755,200511192,06/29/2020 12:00:00 AM,06/28/2020 12:00:00 AM,2130,5,Harbor,557,1,510,VEHICLE - STOLEN,,0,Unknown,,101,STREET,,,IC,Invest Cont,510,,,700 W  2ND                          ST,33.7424,-118.2946,2020.0,6.0,28.0,6.0,0.0,2.0,1,21,30,Evening
3756,200208266,03/26/2020 12:00:00 AM,03/26/2020 12:00:00 AM,1940,2,Rampart,248,2,623,BATTERY POLICE (SIMPLE),1212 2004 0356,0,X,X,101,STREET,500.0,UNKNOWN WEAPON/OTHER WEAPON,IC,Invest Cont,623,,,LUCAS                        AV,34.0548,-118.2638,2020.0,3.0,26.0,3.0,0.0,1.0,0,19,40,Evening
3758,200210815,05/30/2020 12:00:00 AM,05/30/2020 12:00:00 AM,1545,2,Rampart,231,2,930,CRIMINAL THREATS - NO WEAPON DISPLAYED,1259 0443 0421 2040 1816 0371 0906 0913 1817,16,F,B,502,"MULTI-UNIT DWELLING (APARTMENT, DUPLEX, ETC)",511.0,VERBAL THREAT,IC,Invest Cont,930,,,100 N  OCCIDENTAL                   BL,34.0721,-118.2818,2020.0,5.0,30.0,5.0,0.0,2.0,1,15,45,Afternoon
3759,201007336,03/18/2020 12:00:00 AM,03/18/2020 12:00:00 AM,400,10,West Valley,1047,1,520,VEHICLE - ATTEMPT STOLEN,1309 1822 1300 1402 0330,51,M,W,501,SINGLE FAMILY DWELLING,500.0,UNKNOWN WEAPON/OTHER WEAPON,AO,Adult Other,520,,,5900    SHOSHONE                     AV,34.1777,-118.5166,2020.0,3.0,18.0,2.0,0.0,1.0,0,4,0,Night
3761,200216572,10/23/2020 12:00:00 AM,10/14/2020 12:00:00 AM,1,2,Rampart,238,2,354,THEFT OF IDENTITY,0930 1822 1202,71,F,H,501,SINGLE FAMILY DWELLING,,,IC,Invest Cont,354,,,1400 W  COURT                        ST,34.0648,-118.2583,2020.0,10.0,14.0,2.0,0.0,4.0,0,0,1,Night
3762,201104821,01/20/2020 12:00:00 AM,01/20/2020 12:00:00 AM,1245,11,Northeast,1151,1,440,THEFT PLAIN - PETTY ($950 & UNDER),0325 0344 2004,0,X,X,402,MARKET,,,IC,Invest Cont,440,,,1600 N  VERMONT                      AV,34.0986,-118.2962,2020.0,1.0,20.0,0.0,0.0,1.0,0,12,45,Morning
3763,200416059,12/18/2020 12:00:00 AM,12/17/2020 12:00:00 AM,2325,4,Hollenbeck,414,1,230,"ASSAULT WITH DEADLY WEAPON, AGGRAVATED ASSAULT",0913 1300 0416,19,F,H,101,STREET,307.0,VEHICLE,AO,Adult Other,230,,,AVENUE 33,34.0833,-118.211,2020.0,12.0,17.0,3.0,0.0,4.0,0,23,25,Evening
3764,200814228,09/17/2020 12:00:00 AM,09/17/2020 12:00:00 AM,1745,8,West LA,836,1,480,BIKE - STOLEN,0397 1202 1420 0344 1602 0202,61,M,W,123,PARKING UNDERGROUND/BUILDING,,,IC,Invest Cont,480,,,10500    SANTA MONICA                 BL,34.0548,-118.4276,2020.0,9.0,17.0,3.0,0.0,3.0,0,17,45,Afternoon
3766,200410944,07/19/2020 12:00:00 AM,07/18/2020 12:00:00 AM,1200,4,Hollenbeck,465,1,310,BURGLARY,0344 1606,46,M,W,504,OTHER RESIDENCE,,,IC,Invest Cont,310,,,3200 E  4TH                          ST,34.0357,-118.2007,2020.0,7.0,18.0,5.0,0.0,3.0,1,12,0,Morning
3767,200121703,11/30/2020 12:00:00 AM,11/30/2020 12:00:00 AM,145,1,Central,101,2,626,INTIMATE PARTNER - SIMPLE ASSAULT,0913 2000 1813 0416 0446,29,F,B,101,STREET,400.0,"STRONG-ARM (HANDS, FIST, FEET OR BODILY FORCE)",AA,Adult Arrest,626,,,BEAUDRY,34.0655,-118.2489,2020.0,11.0,30.0,0.0,0.0,4.0,0,1,45,Night
3774,200322343,12/28/2020 12:00:00 AM,12/28/2020 12:00:00 AM,800,3,Southwest,397,2,624,BATTERY - SIMPLE ASSAULT,0360 1202 0416 0446,76,F,B,502,"MULTI-UNIT DWELLING (APARTMENT, DUPLEX, ETC)",400.0,"STRONG-ARM (HANDS, FIST, FEET OR BODILY FORCE)",IC,Invest Cont,624,,,1000 W  42ND                         PL,34.0064,-118.2916,2020.0,12.0,28.0,0.0,0.0,4.0,0,8,0,Morning
3775,201214844,06/18/2020 12:00:00 AM,06/17/2020 12:00:00 AM,2330,12,77th Street,1249,1,210,ROBBERY,0344 1300 0302 0355 1310 0416 0445,18,M,H,101,STREET,102.0,HAND GUN,IC,Invest Cont,210,,,66TH,33.9798,-118.2827,2020.0,6.0,17.0,2.0,0.0,2.0,0,23,30,Evening
3776,200817809,12/21/2020 12:00:00 AM,12/21/2020 12:00:00 AM,1730,8,West LA,839,1,341,"THEFT-GRAND ($950.01 & OVER)EXCPT,GUNS,FOWL,LIVESTK,PROD",0344 1822,64,F,A,727,SHOPPING MALL (COMMON AREA),,,IC,Invest Cont,341,,,10200    SANTA MONICA                 BL,34.06,-118.42,2020.0,12.0,21.0,0.0,0.0,4.0,0,17,30,Afternoon
3777,200310513,04/27/2020 12:00:00 AM,04/26/2020 12:00:00 AM,2130,3,Southwest,318,1,821,SODOMY/SEXUAL CONTACT B/W PENIS OF ONE PERS TO ANUS OTH,0519 0305 0408 0416 0446 1822 2034 0522 0532,40,F,H,101,STREET,400.0,"STRONG-ARM (HANDS, FIST, FEET OR BODILY FORCE)",IC,Invest Cont,821,,,JULIET                       ST,34.0348,-118.2876,2020.0,4.0,26.0,6.0,0.0,2.0,1,21,30,Evening
3778,201105169,01/28/2020 12:00:00 AM,01/27/2020 12:00:00 AM,1230,11,Northeast,1129,1,331,THEFT FROM MOTOR VEHICLE - GRAND ($950.01 AND OVER),0344 0327,0,X,X,301,GAS STATION,,,IC,Invest Cont,331,,,6400    YORK                         BL,34.1144,-118.1815,2020.0,1.0,27.0,0.0,0.0,1.0,0,12,30,Morning
3779,201209869,03/27/2020 12:00:00 AM,03/27/2020 12:00:00 AM,1620,12,77th Street,1253,1,210,ROBBERY,0334 0337 0443 1822 0216 0202 0206,0,X,X,210,RESTAURANT/FAST FOOD,102.0,HAND GUN,IC,Invest Cont,210,,,7800 S  WESTERN                      AV,33.9691,-118.309,2020.0,3.0,27.0,4.0,0.0,1.0,0,16,20,Afternoon
3780,200907533,03/17/2020 12:00:00 AM,03/16/2020 12:00:00 AM,1330,9,Van Nuys,985,1,440,THEFT PLAIN - PETTY ($950 & UNDER),344,38,F,W,402,MARKET,,,IC,Invest Cont,440,,,VENTURA                      BL,34.1494,-118.4394,2020.0,3.0,16.0,0.0,0.0,1.0,0,13,30,Afternoon
3782,200100965,08/23/2020 12:00:00 AM,08/23/2020 12:00:00 AM,2000,1,Central,174,2,888,TRESPASSING,2004 1501,0,X,X,502,"MULTI-UNIT DWELLING (APARTMENT, DUPLEX, ETC)",,,IC,Invest Cont,888,998.0,,700 S  LOS ANGELES                  ST,34.0426,-118.2528,2020.0,8.0,23.0,6.0,0.0,3.0,1,20,0,Evening
3783,200100717,03/29/2020 12:00:00 AM,03/29/2020 12:00:00 AM,2020,1,Central,124,1,350,"THEFT, PERSON",2024 1402 2004 1822 0432 0344 0355 1218,24,M,H,101,STREET,511.0,VERBAL THREAT,AO,Adult Other,350,,,LOS ANGELES                  ST,34.0534,-118.2409,2020.0,3.0,29.0,6.0,0.0,1.0,1,20,20,Evening
3785,201308340,03/18/2020 12:00:00 AM,03/18/2020 12:00:00 AM,253,13,Newton,1331,1,310,BURGLARY,0329 1402,0,M,H,720,JUNIOR HIGH SCHOOL,,,IC,Invest Cont,310,,,100 W  30TH                         ST,34.0218,-118.2707,2020.0,3.0,18.0,2.0,0.0,1.0,0,2,53,Night
3786,201219306,08/25/2020 12:00:00 AM,08/25/2020 12:00:00 AM,1300,12,77th Street,1269,1,230,"ASSAULT WITH DEADLY WEAPON, AGGRAVATED ASSAULT",0913 1309 0445 0334,51,M,H,101,STREET,207.0,OTHER KNIFE,IC,Invest Cont,230,,,600 E  81ST                         ST,33.9656,-118.2651,2020.0,8.0,25.0,1.0,0.0,3.0,0,13,0,Afternoon
3789,201012129,08/17/2020 12:00:00 AM,08/16/2020 12:00:00 AM,1842,10,West Valley,1012,1,420,THEFT FROM MOTOR VEHICLE - PETTY ($950 & UNDER),1822 0344 1300 1414 1420 1606,0,M,O,108,PARKING LOT,,,IC,Invest Cont,420,,,18700    SHERMAN                      WY,34.2012,-118.5392,2020.0,8.0,16.0,6.0,0.0,3.0,1,18,42,Afternoon
3790,200711131,06/30/2020 12:00:00 AM,06/30/2020 12:00:00 AM,2100,7,Wilshire,783,1,230,"ASSAULT WITH DEADLY WEAPON, AGGRAVATED ASSAULT",1822 1402 1414 0302,22,M,B,502,"MULTI-UNIT DWELLING (APARTMENT, DUPLEX, ETC)",102.0,HAND GUN,AO,Adult Other,230,998.0,,2400 S  RIDGELEY                     DR,34.0387,-118.3594,2020.0,6.0,30.0,1.0,0.0,2.0,0,21,0,Evening
3791,200100818,05/31/2020 12:00:00 AM,05/30/2020 12:00:00 AM,100,1,Central,162,2,745,VANDALISM - MISDEAMEANOR ($399 OR UNDER),0329 1822,0,M,W,122,"VEHICLE, PASSENGER/TRUCK",,,IC,Invest Cont,745,,,8TH,34.0469,-118.2595,2020.0,5.0,30.0,5.0,0.0,2.0,1,1,0,Night
3792,200312070,05/29/2020 12:00:00 AM,05/29/2020 12:00:00 AM,1125,3,Southwest,362,2,900,VIOLATION OF COURT ORDER,2000 1814 2038 1906,33,M,B,502,"MULTI-UNIT DWELLING (APARTMENT, DUPLEX, ETC)",,,AO,Adult Other,900,,,4500    AUGUST                       ST,34.016,-118.3473,2020.0,5.0,29.0,4.0,0.0,2.0,0,11,25,Morning
3794,200209534,04/28/2020 12:00:00 AM,04/27/2020 12:00:00 AM,1400,2,Rampart,279,1,510,VEHICLE - STOLEN,,0,Unknown,,101,STREET,,,IC,Invest Cont,510,,,GRATTAN,34.0488,-118.2733,2020.0,4.0,27.0,0.0,0.0,2.0,0,14,0,Afternoon
3798,200711032,06/25/2020 12:00:00 AM,06/24/2020 12:00:00 AM,2230,7,Wilshire,713,1,330,BURGLARY FROM VEHICLE,1300 1601 1609 0344,28,F,W,707,GARAGE/CARPORT,,,IC,Invest Cont,330,,,ORANGE GROVE                 AV,34.0782,-118.3604,2020.0,6.0,24.0,2.0,0.0,2.0,0,22,30,Evening
3800,200610202,05/13/2020 12:00:00 AM,05/13/2020 12:00:00 AM,1430,6,Hollywood,666,1,761,BRANDISH WEAPON,0334 0312 1822,21,M,H,102,SIDEWALK,102.0,HAND GUN,IC,Invest Cont,761,,,1100 N  HUDSON                       AV,34.0907,-118.3324,2020.0,5.0,13.0,2.0,0.0,2.0,0,14,30,Afternoon
3801,200300853,10/23/2020 12:00:00 AM,10/23/2020 12:00:00 AM,1435,3,Southwest,393,2,753,DISCHARGE FIREARMS/SHOTS FIRED,1822 1407 1100,19,X,X,102,SIDEWALK,102.0,HAND GUN,IC,Invest Cont,753,,,4200 S  NORTON                       AV,34.008,-118.3324,2020.0,10.0,23.0,4.0,0.0,4.0,0,14,35,Afternoon
3802,200611898,06/24/2020 12:00:00 AM,06/18/2020 12:00:00 AM,1600,6,Hollywood,621,1,330,BURGLARY FROM VEHICLE,1300 1601 0344 1605,66,F,O,104,DRIVEWAY,,,IC,Invest Cont,330,,,2700    LAUREL CANYON                BL,34.1171,-118.3843,2020.0,6.0,18.0,3.0,0.0,2.0,0,16,0,Afternoon
3803,201005142,01/28/2020 12:00:00 AM,01/18/2020 12:00:00 AM,1300,10,West Valley,1097,2,627,CHILD ABUSE (PHYSICAL) - SIMPLE ASSAULT,0552 0416 1258 0417 1414,6,M,W,501,SINGLE FAMILY DWELLING,400.0,"STRONG-ARM (HANDS, FIST, FEET OR BODILY FORCE)",AA,Adult Arrest,627,,,3800    HAYVENHURST                  AV,34.1396,-118.4971,2020.0,1.0,18.0,5.0,0.0,1.0,1,13,0,Afternoon
3804,200210405,05/20/2020 12:00:00 AM,05/20/2020 12:00:00 AM,530,2,Rampart,265,2,626,INTIMATE PARTNER - SIMPLE ASSAULT,2000 1813 0416 0446 1218 0400 1606 1302 1310 0913,25,F,B,101,STREET,400.0,"STRONG-ARM (HANDS, FIST, FEET OR BODILY FORCE)",IC,Invest Cont,626,,,8TH                          ST,34.0549,-118.2778,2020.0,5.0,20.0,2.0,0.0,2.0,0,5,30,Night
3807,200306754,02/15/2020 12:00:00 AM,02/15/2020 12:00:00 AM,710,3,Southwest,353,1,350,"THEFT, PERSON",1822 0344 0910 2049 2051,60,F,B,801,MTA BUS,400.0,"STRONG-ARM (HANDS, FIST, FEET OR BODILY FORCE)",IC,Invest Cont,350,,,CRENSHAW,34.0182,-118.3351,2020.0,2.0,15.0,5.0,0.0,1.0,1,7,10,Morning
3810,200215100,09/16/2020 12:00:00 AM,09/15/2020 12:00:00 AM,2200,2,Rampart,217,1,520,VEHICLE - ATTEMPT STOLEN,1300 1822 1202,72,M,H,101,STREET,,,IC,Invest Cont,520,,,400 N  BURLINGTON                   AV,34.0691,-118.2646,2020.0,9.0,15.0,1.0,0.0,3.0,0,22,0,Evening
3811,200409421,05/29/2020 12:00:00 AM,05/28/2020 12:00:00 AM,1600,4,Hollenbeck,471,1,310,BURGLARY,325,0,X,X,203,OTHER BUSINESS,,,IC,Invest Cont,310,,,600 S  MISSION                      RD,34.0386,-118.2263,2020.0,5.0,28.0,3.0,0.0,2.0,0,16,0,Afternoon
3812,200217716,11/21/2020 12:00:00 AM,11/21/2020 12:00:00 AM,1630,2,Rampart,295,1,310,BURGLARY,0344 1607 0377 0321 0329,35,M,B,502,"MULTI-UNIT DWELLING (APARTMENT, DUPLEX, ETC)",,,IC,Invest Cont,310,,,1200 W  WASHINGTON                   BL,34.0423,-118.2804,2020.0,11.0,21.0,5.0,0.0,4.0,1,16,30,Afternoon
3814,201110410,06/14/2020 12:00:00 AM,06/13/2020 12:00:00 AM,1600,11,Northeast,1189,2,624,BATTERY - SIMPLE ASSAULT,0444 0913 0602 1202 1701 0360,77,F,H,501,SINGLE FAMILY DWELLING,400.0,"STRONG-ARM (HANDS, FIST, FEET OR BODILY FORCE)",AA,Adult Arrest,624,,,3400    MARMION                      WY,34.0864,-118.2155,2020.0,6.0,13.0,5.0,0.0,2.0,1,16,0,Afternoon
3815,200714385,09/30/2020 12:00:00 AM,05/28/2020 12:00:00 AM,800,7,Wilshire,702,1,420,THEFT FROM MOTOR VEHICLE - PETTY ($950 & UNDER),,0,Unknown,,101,STREET,,,IC,Invest Cont,420,,,700 N  GENESEE                      AV,34.0838,-118.3584,2020.0,5.0,28.0,3.0,0.0,2.0,0,8,0,Morning
3817,200112294,05/28/2020 12:00:00 AM,05/28/2020 12:00:00 AM,1030,1,Central,111,2,626,INTIMATE PARTNER - SIMPLE ASSAULT,2000 1813 0408 0416 0913,56,M,B,502,"MULTI-UNIT DWELLING (APARTMENT, DUPLEX, ETC)",400.0,"STRONG-ARM (HANDS, FIST, FEET OR BODILY FORCE)",AO,Adult Other,626,,,600 N  SPRING                       ST,34.0582,-118.2387,2020.0,5.0,28.0,3.0,0.0,2.0,0,10,30,Morning
3818,201213125,05/19/2020 12:00:00 AM,05/14/2020 12:00:00 AM,2130,12,77th Street,1249,2,627,CHILD ABUSE (PHYSICAL) - SIMPLE ASSAULT,1251 1259 0416 0913 0556,17,F,B,501,SINGLE FAMILY DWELLING,400.0,"STRONG-ARM (HANDS, FIST, FEET OR BODILY FORCE)",AA,Adult Arrest,627,,,6400    BONSALLO                     AV,33.9813,-118.286,2020.0,5.0,14.0,3.0,0.0,2.0,0,21,30,Evening
3820,200209624,04/30/2020 12:00:00 AM,04/30/2020 12:00:00 AM,1850,2,Rampart,201,2,624,BATTERY - SIMPLE ASSAULT,0416 0602 0360 0913 2001,31,M,H,502,"MULTI-UNIT DWELLING (APARTMENT, DUPLEX, ETC)",400.0,"STRONG-ARM (HANDS, FIST, FEET OR BODILY FORCE)",IC,Invest Cont,624,,,900 N  MARIPOSA                     AV,34.0869,-118.299,2020.0,4.0,30.0,3.0,0.0,2.0,0,18,50,Afternoon
3822,200105954,01/29/2020 12:00:00 AM,01/28/2020 12:00:00 AM,700,1,Central,101,1,510,VEHICLE - STOLEN,,0,Unknown,,108,PARKING LOT,,,IC,Invest Cont,510,,,900    CENTENNIAL                   ST,34.0669,-118.2458,2020.0,1.0,28.0,1.0,0.0,1.0,0,7,0,Morning
3823,201014441,10/25/2020 12:00:00 AM,10/25/2020 12:00:00 AM,300,10,West Valley,1061,2,745,VANDALISM - MISDEAMEANOR ($399 OR UNDER),0329 0913,0,M,W,505,MOTEL,,,IC,Invest Cont,745,,,19100 W  VENTURA                      BL,34.1726,-118.5522,2020.0,10.0,25.0,6.0,0.0,4.0,1,3,0,Night
3824,201207385,02/18/2020 12:00:00 AM,02/18/2020 12:00:00 AM,1030,12,77th Street,1269,1,761,BRANDISH WEAPON,2000 0913 1814 1309 0443 0334 0444,22,F,B,502,"MULTI-UNIT DWELLING (APARTMENT, DUPLEX, ETC)",102.0,HAND GUN,AO,Adult Other,761,930.0,,700 E  80TH                         ST,33.9665,-118.263,2020.0,2.0,18.0,1.0,0.0,1.0,0,10,30,Morning
3825,200212992,07/25/2020 12:00:00 AM,07/25/2020 12:00:00 AM,930,2,Rampart,235,1,648,ARSON,1822 0329 1309 1402,0,M,O,719,MEDICAL/DENTAL OFFICES,,,IC,Invest Cont,648,,,100 S  ALVARADO                     ST,34.0677,-118.2731,2020.0,7.0,25.0,5.0,0.0,3.0,1,9,30,Morning
3827,200114899,07/16/2020 12:00:00 AM,07/16/2020 12:00:00 AM,845,1,Central,152,1,440,THEFT PLAIN - PETTY ($950 & UNDER),1202 1822 0329 2032 0910 0344,60,M,W,835,7TH AND METRO CENTER (NOT LINE SPECIFIC),,,IC,Invest Cont,440,,,600 S  FIGUEROA                     ST,34.0505,-118.2588,2020.0,7.0,16.0,3.0,0.0,3.0,0,8,45,Morning
3828,200716363,11/24/2020 12:00:00 AM,11/24/2020 12:00:00 AM,1025,7,Wilshire,782,2,624,BATTERY - SIMPLE ASSAULT,0400 0416,39,M,H,102,SIDEWALK,400.0,"STRONG-ARM (HANDS, FIST, FEET OR BODILY FORCE)",IC,Invest Cont,624,,,WASHINGTON,34.0359,-118.3667,2020.0,11.0,24.0,1.0,0.0,4.0,0,10,25,Morning
3829,201227099,12/25/2020 12:00:00 AM,12/24/2020 12:00:00 AM,1800,12,77th Street,1211,1,510,VEHICLE - STOLEN,,0,Unknown,,108,PARKING LOT,,,IC,Invest Cont,510,,,3400 W  52ND                         ST,33.9949,-118.3322,2020.0,12.0,24.0,3.0,0.0,4.0,0,18,0,Afternoon
3831,201227319,12/29/2020 12:00:00 AM,12/29/2020 12:00:00 AM,1000,12,77th Street,1248,2,624,BATTERY - SIMPLE ASSAULT,1822 0400 0447,23,F,H,101,STREET,400.0,"STRONG-ARM (HANDS, FIST, FEET OR BODILY FORCE)",IC,Invest Cont,624,,,HOOVER                       ST,33.9828,-118.2871,2020.0,12.0,29.0,1.0,0.0,4.0,0,10,0,Morning
3835,201205682,01/24/2020 12:00:00 AM,01/22/2020 12:00:00 AM,1200,12,77th Street,1213,2,354,THEFT OF IDENTITY,0100 0928 1822,31,M,B,501,SINGLE FAMILY DWELLING,,,IC,Invest Cont,354,,,5500    CIMARRON                     ST,33.9925,-118.316,2020.0,1.0,22.0,2.0,0.0,1.0,0,12,0,Morning
3836,200210493,05/22/2020 12:00:00 AM,05/21/2020 12:00:00 AM,1700,2,Rampart,269,1,330,BURGLARY FROM VEHICLE,0344 0329 1307 1609,19,X,X,101,STREET,,,IC,Invest Cont,330,,,7TH                          ST,34.0527,-118.2685,2020.0,5.0,21.0,3.0,0.0,2.0,0,17,0,Afternoon
3844,200717484,12/25/2020 12:00:00 AM,12/25/2020 12:00:00 AM,2300,7,Wilshire,775,2,626,INTIMATE PARTNER - SIMPLE ASSAULT,2000 0913 1814 0446 0416,31,F,B,710,OTHER PREMISE,400.0,"STRONG-ARM (HANDS, FIST, FEET OR BODILY FORCE)",IC,Invest Cont,626,,,4600    PICKFORD                     ST,34.0405,-118.3396,2020.0,12.0,25.0,4.0,0.0,4.0,0,23,0,Evening
3845,200514704,09/30/2020 12:00:00 AM,09/30/2020 12:00:00 AM,1500,5,Harbor,506,2,745,VANDALISM - MISDEAMEANOR ($399 OR UNDER),329,27,F,W,514,GROUP HOME,,,AO,Adult Other,745,,,21200    HOBART                       BL,33.8355,-118.3077,2020.0,9.0,30.0,2.0,0.0,3.0,0,15,0,Afternoon
3846,201217154,07/24/2020 12:00:00 AM,07/24/2020 12:00:00 AM,2150,12,77th Street,1249,1,220,ATTEMPTED ROBBERY,1822 0400 0416 0448 0446 0302 0342,22,M,H,101,STREET,400.0,"STRONG-ARM (HANDS, FIST, FEET OR BODILY FORCE)",IC,Invest Cont,220,,,GAGE                         AV,33.9824,-118.2827,2020.0,7.0,24.0,4.0,0.0,3.0,0,21,50,Evening
3847,200510007,05/28/2020 12:00:00 AM,05/27/2020 12:00:00 AM,1502,5,Harbor,519,1,510,VEHICLE - STOLEN,,0,Unknown,,108,PARKING LOT,,,AA,Adult Arrest,510,,,1300 E  LOMITA                       BL,33.7997,-118.254,2020.0,5.0,27.0,2.0,0.0,2.0,0,15,2,Afternoon
3848,200206807,02/25/2020 12:00:00 AM,02/24/2020 12:00:00 AM,1245,2,Rampart,219,1,210,ROBBERY,0906 1817 0913 0305 0352 0432 0308 0334 0216 0327,18,M,H,102,SIDEWALK,102.0,HAND GUN,AO,Adult Other,210,,,1100    BELLEVUE                     AV,34.0653,-118.2492,2020.0,2.0,24.0,0.0,0.0,1.0,0,12,45,Morning
3849,201116139,11/28/2020 12:00:00 AM,11/28/2020 12:00:00 AM,840,11,Northeast,1137,1,421,THEFT FROM MOTOR VEHICLE - ATTEMPT,1402 0385,37,M,H,101,STREET,,,AA,Adult Arrest,421,998.0,,AVE 53,34.1109,-118.2016,2020.0,11.0,28.0,5.0,0.0,4.0,1,8,40,Morning
3850,200314909,07/29/2020 12:00:00 AM,07/29/2020 12:00:00 AM,1500,3,Southwest,362,2,662,"BUNCO, GRAND THEFT",0100 0344 0701 0800 1822 1916,48,F,B,502,"MULTI-UNIT DWELLING (APARTMENT, DUPLEX, ETC)",,,IC,Invest Cont,662,,,4600 W  MARTIN LUTHER KING JR        BL,34.0195,-118.3489,2020.0,7.0,29.0,2.0,0.0,3.0,0,15,0,Afternoon
3852,200710859,06/24/2020 12:00:00 AM,05/30/2020 12:00:00 AM,2200,7,Wilshire,714,1,310,BURGLARY,1609 0358 0344 0342 1822 1309,0,X,X,203,OTHER BUSINESS,,,IC,Invest Cont,310,,,7300    BEVERLY                      BL,34.0782,-118.3509,2020.0,5.0,30.0,5.0,0.0,2.0,1,22,0,Evening
3853,200205434,01/28/2020 12:00:00 AM,01/21/2020 12:00:00 AM,1700,2,Rampart,236,2,745,VANDALISM - MISDEAMEANOR ($399 OR UNDER),0329 1307,37,M,H,122,"VEHICLE, PASSENGER/TRUCK",,,IC,Invest Cont,745,,,MOUNTAIN VIEW,34.0689,-118.2677,2020.0,1.0,21.0,1.0,0.0,1.0,0,17,0,Afternoon
3856,201107832,03/27/2020 12:00:00 AM,03/27/2020 12:00:00 AM,700,11,Northeast,1147,1,440,THEFT PLAIN - PETTY ($950 & UNDER),394,42,F,W,501,SINGLE FAMILY DWELLING,,,IC,Invest Cont,440,,,3700    SAN RAFAEL                   AV,34.1019,-118.2264,2020.0,3.0,27.0,4.0,0.0,1.0,0,7,0,Morning
3857,200307112,02/20/2020 12:00:00 AM,02/18/2020 12:00:00 AM,2000,3,Southwest,308,1,480,BIKE - STOLEN,0344 1251,23,M,A,501,SINGLE FAMILY DWELLING,,,IC,Invest Cont,480,,,2100    OAK                          ST,34.0347,-118.2792,2020.0,2.0,18.0,1.0,0.0,1.0,0,20,0,Evening
3859,200306832,02/17/2020 12:00:00 AM,02/17/2020 12:00:00 AM,1700,3,Southwest,377,1,510,VEHICLE - STOLEN,,0,Unknown,,101,STREET,,,IC,Invest Cont,510,,,3900 S  BUDLONG                      AV,34.0145,-118.298,2020.0,2.0,17.0,0.0,0.0,1.0,0,17,0,Afternoon
3860,201108370,04/15/2020 12:00:00 AM,04/15/2020 12:00:00 AM,130,11,Northeast,1142,1,330,BURGLARY FROM VEHICLE,0344 1307 0358,28,M,A,502,"MULTI-UNIT DWELLING (APARTMENT, DUPLEX, ETC)",500.0,UNKNOWN WEAPON/OTHER WEAPON,IC,Invest Cont,330,,,4600    WELCH                        PL,34.1062,-118.2901,2020.0,4.0,15.0,2.0,0.0,2.0,0,1,30,Night
3861,201309676,04/21/2020 12:00:00 AM,04/20/2020 12:00:00 AM,1715,13,Newton,1351,1,442,SHOPLIFTING - PETTY THEFT ($950 & UNDER),2004 0325,19,F,H,402,MARKET,,,IC,Invest Cont,442,,,4000 S  BROADWAY,34.0111,-118.2784,2020.0,4.0,20.0,0.0,0.0,2.0,0,17,15,Afternoon
3864,201105106,01/26/2020 12:00:00 AM,01/25/2020 12:00:00 AM,2300,11,Northeast,1132,1,480,BIKE - STOLEN,344,34,M,F,501,SINGLE FAMILY DWELLING,,,IC,Invest Cont,480,,,3100    RIVERSIDE                    DR,34.1128,-118.2679,2020.0,1.0,25.0,5.0,0.0,1.0,1,23,0,Evening
3866,200205431,01/29/2020 12:00:00 AM,01/28/2020 12:00:00 AM,1730,2,Rampart,251,1,331,THEFT FROM MOTOR VEHICLE - GRAND ($950.01 AND OVER),0344 1601,46,M,H,101,STREET,,,IC,Invest Cont,331,,,600 S  RAMPART                      BL,34.0624,-118.2813,2020.0,1.0,28.0,1.0,0.0,1.0,0,17,30,Afternoon
3867,200909460,05-08-2020 00:00,04/18/2020 12:00:00 AM,1200,9,Van Nuys,916,1,341,"THEFT-GRAND ($950.01 & OVER)EXCPT,GUNS,FOWL,LIVESTK,PROD",344,46,M,B,108,PARKING LOT,,,IC,Invest Cont,341,,,13900    VANOWEN                      ST,34.1976,-118.4356,2020.0,4.0,18.0,5.0,0.0,2.0,1,12,0,Morning
3868,200110602,04/16/2020 12:00:00 AM,04/16/2020 12:00:00 AM,1650,1,Central,164,2,624,BATTERY - SIMPLE ASSAULT,0429 1822 0416 0417,24,M,W,103,ALLEY,400.0,"STRONG-ARM (HANDS, FIST, FEET OR BODILY FORCE)",IC,Invest Cont,624,,,7TH,34.0446,-118.2507,2020.0,4.0,16.0,3.0,0.0,2.0,0,16,50,Afternoon
3869,200306874,02/18/2020 12:00:00 AM,02/17/2020 12:00:00 AM,1817,3,Southwest,358,1,310,BURGLARY,0344 0342 0216 2024 0329,19,X,X,108,PARKING LOT,,,JA,Juv Arrest,310,,,600 W  34TH                         ST,34.0212,-118.2805,2020.0,2.0,17.0,0.0,0.0,1.0,0,18,17,Afternoon
3871,200412195,08/27/2020 12:00:00 AM,08/27/2020 12:00:00 AM,445,4,Hollenbeck,449,1,510,VEHICLE - STOLEN,,0,Unknown,,101,STREET,,,IC,Invest Cont,510,,,1000    SENTINEL                     AV,34.0493,-118.1953,2020.0,8.0,27.0,3.0,0.0,3.0,0,4,45,Night
3872,200320536,11/18/2020 12:00:00 AM,11/17/2020 12:00:00 AM,2000,3,Southwest,393,1,510,VEHICLE - STOLEN,,0,Unknown,,101,STREET,,,IC,Invest Cont,510,,,4000    CREED                        AV,34.0105,-118.325,2020.0,11.0,17.0,1.0,0.0,4.0,0,20,0,Evening
3873,200110411,04/13/2020 12:00:00 AM,04/13/2020 12:00:00 AM,1115,1,Central,111,1,230,"ASSAULT WITH DEADLY WEAPON, AGGRAVATED ASSAULT",0334 0302 0443 0913 1309 0329 1414 1402,21,M,W,503,HOTEL,105.0,SAWED OFF RIFLE/SHOTGUN,AA,Adult Arrest,230,,,900 N  BROADWAY,34.0615,-118.2412,2020.0,4.0,13.0,0.0,0.0,2.0,0,11,15,Morning
3874,200608406,03/28/2020 12:00:00 AM,03/27/2020 12:00:00 AM,2345,6,Hollywood,666,2,660,COUNTERFEIT,1402 1822,0,X,X,210,RESTAURANT/FAST FOOD,,,IC,Invest Cont,660,998.0,,1400    VINE                         ST,34.0962,-118.3266,2020.0,3.0,27.0,4.0,0.0,1.0,0,23,45,Evening
3875,201219001,08/21/2020 12:00:00 AM,08/21/2020 12:00:00 AM,1550,12,77th Street,1218,2,624,BATTERY - SIMPLE ASSAULT,0416 0444 0913 0360,18,M,B,501,SINGLE FAMILY DWELLING,400.0,"STRONG-ARM (HANDS, FIST, FEET OR BODILY FORCE)",AO,Adult Other,624,,,800 W  56TH                         ST,33.9914,-118.2909,2020.0,8.0,21.0,4.0,0.0,3.0,0,15,50,Afternoon
3876,201112900,08/26/2020 12:00:00 AM,08/26/2020 12:00:00 AM,330,11,Northeast,1144,2,740,"VANDALISM - FELONY ($400 & OVER, ALL CHURCH VANDALISMS)",329,34,M,W,101,STREET,,,IC,Invest Cont,740,,,2000    GRIFFITH PARK                BL,34.0977,-118.2739,2020.0,8.0,26.0,2.0,0.0,3.0,0,3,30,Night
3877,201116868,12/22/2020 12:00:00 AM,12/21/2020 12:00:00 AM,1800,11,Northeast,1169,1,510,VEHICLE - STOLEN,,0,Unknown,,101,STREET,,,IC,Invest Cont,510,,,4900 N  FIGUEROA                     ST,34.1027,-118.2029,2020.0,12.0,21.0,0.0,0.0,4.0,0,18,0,Afternoon
3878,201218751,08/17/2020 12:00:00 AM,08/17/2020 12:00:00 AM,1703,12,77th Street,1207,2,740,"VANDALISM - FELONY ($400 & OVER, ALL CHURCH VANDALISMS)",1822 0329,37,F,B,501,SINGLE FAMILY DWELLING,,,IC,Invest Cont,740,,,900 W  50TH                         ST,33.9979,-118.2884,2020.0,8.0,17.0,0.0,0.0,3.0,0,17,3,Afternoon
3879,201012222,08/19/2020 12:00:00 AM,08/17/2020 12:00:00 AM,130,10,West Valley,1025,2,745,VANDALISM - MISDEAMEANOR ($399 OR UNDER),0329 1822 1275,29,F,H,506,ABANDONED BUILDING ABANDONED HOUSE,,,IC,Invest Cont,745,,,6800    LINDLEY                      AV,34.1939,-118.5273,2020.0,8.0,17.0,0.0,0.0,3.0,0,1,30,Night
3880,201226969,12/23/2020 12:00:00 AM,12/19/2020 12:00:00 AM,2150,12,77th Street,1253,1,330,BURGLARY FROM VEHICLE,1300 0344 0329,31,F,B,101,STREET,,,IC,Invest Cont,330,,,2000 W  78TH                         PL,33.9682,-118.3156,2020.0,12.0,19.0,5.0,0.0,4.0,1,21,50,Evening
3883,200713392,08/29/2020 12:00:00 AM,08/28/2020 12:00:00 AM,1900,7,Wilshire,729,1,330,BURGLARY FROM VEHICLE,1822 1300 0344,40,F,W,101,STREET,,,IC,Invest Cont,330,,,100 N  ARDEN                        BL,34.073,-118.326,2020.0,8.0,28.0,4.0,0.0,3.0,0,19,0,Evening
3884,201305004,01/18/2020 12:00:00 AM,01/17/2020 12:00:00 AM,1400,13,Newton,1346,2,664,"BUNCO, PETTY THEFT",0701 0344,41,M,H,501,SINGLE FAMILY DWELLING,,,IC,Invest Cont,664,,,1200 E  43RD                         PL,34.0048,-118.2543,2020.0,1.0,17.0,4.0,0.0,1.0,0,14,0,Afternoon
3886,201013317,09/22/2020 12:00:00 AM,09/22/2020 12:00:00 AM,1325,10,West Valley,1043,2,888,TRESPASSING,1236 1420 0603 0202 1823 1275 2028 0913 1309,0,M,O,502,"MULTI-UNIT DWELLING (APARTMENT, DUPLEX, ETC)",,,IC,Invest Cont,888,,,5900    RESEDA                       BL,34.1769,-118.5384,2020.0,9.0,22.0,1.0,0.0,3.0,0,13,25,Afternoon
3890,200407371,03/29/2020 12:00:00 AM,03/28/2020 12:00:00 AM,1300,4,Hollenbeck,417,1,510,VEHICLE - STOLEN,,0,Unknown,,101,STREET,,,IC,Invest Cont,510,,,2500    COMMODORE                    ST,34.0759,-118.1952,2020.0,3.0,28.0,5.0,0.0,1.0,1,13,0,Afternoon
3891,201201004,11/26/2020 12:00:00 AM,11/26/2020 12:00:00 AM,2040,12,77th Street,1218,1,230,"ASSAULT WITH DEADLY WEAPON, AGGRAVATED ASSAULT",1310 1100 1402 1407 1822 0302 0450 1309 1313,40,M,H,101,STREET,102.0,HAND GUN,IC,Invest Cont,230,998.0,,900 W  53RD                         ST,33.9942,-118.2884,2020.0,11.0,26.0,3.0,0.0,4.0,0,20,40,Evening
3893,200118078,09/17/2020 12:00:00 AM,09/17/2020 12:00:00 AM,30,1,Central,182,1,510,VEHICLE - STOLEN,,0,Unknown,,101,STREET,,,IC,Invest Cont,510,,,1000 S  HOPE                         ST,34.0423,-118.263,2020.0,9.0,17.0,3.0,0.0,3.0,0,0,30,Night
3894,200711670,07/15/2020 12:00:00 AM,07/15/2020 12:00:00 AM,1947,7,Wilshire,769,2,886,DISTURBING THE PEACE,1300 1309 0340 0913,32,M,A,101,STREET,,,AO,Adult Other,886,,,3700 W  PICO                         BL,34.0473,-118.3213,2020.0,7.0,15.0,2.0,0.0,3.0,0,19,47,Evening
3895,200116606,08/19/2020 12:00:00 AM,08/19/2020 12:00:00 AM,2140,1,Central,152,2,624,BATTERY - SIMPLE ASSAULT,1822 0448 0444 0419 0910 2048,0,F,H,903,MTA - RED LINE - 7TH AND METRO CENTER,400.0,"STRONG-ARM (HANDS, FIST, FEET OR BODILY FORCE)",IC,Invest Cont,624,,,600 S  FIGUEROA                     ST,34.0505,-118.2588,2020.0,8.0,19.0,2.0,0.0,3.0,0,21,40,Evening
3896,200505254,01/29/2020 12:00:00 AM,01/29/2020 12:00:00 AM,1430,5,Harbor,563,1,820,ORAL COPULATION,1251 1258 0448 0419 2024 0507 0913 1409 1824,13,F,H,720,JUNIOR HIGH SCHOOL,400.0,"STRONG-ARM (HANDS, FIST, FEET OR BODILY FORCE)",IC,Invest Cont,812,820.0,998.0,1500 S  CABRILLO                     AV,33.7306,-118.2946,2020.0,1.0,29.0,2.0,0.0,1.0,0,14,30,Afternoon
3900,200411756,08/14/2020 12:00:00 AM,08/14/2020 12:00:00 AM,1545,4,Hollenbeck,461,2,740,"VANDALISM - FELONY ($400 & OVER, ALL CHURCH VANDALISMS)",0329 2004 1300,68,F,H,101,STREET,,,AA,Adult Arrest,740,,,GLADYS                       ST,34.045,-118.2256,2020.0,8.0,14.0,4.0,0.0,3.0,0,15,45,Afternoon
3901,201300754,05/25/2020 12:00:00 AM,05/22/2020 12:00:00 AM,1800,13,Newton,1354,1,330,BURGLARY FROM VEHICLE,0329 0344 1402,46,M,H,101,STREET,,,IC,Invest Cont,330,998.0,,4000    WOODLAWN                     AV,34.0112,-118.2728,2020.0,5.0,22.0,4.0,0.0,2.0,0,18,0,Afternoon
3903,201305606,01/29/2020 12:00:00 AM,01/28/2020 12:00:00 AM,1557,13,Newton,1313,1,330,BURGLARY FROM VEHICLE,0344 1300,34,F,O,108,PARKING LOT,,,IC,Invest Cont,330,,,1200 E  WASHINGTON                   BL,34.025,-118.2515,2020.0,1.0,28.0,1.0,0.0,1.0,0,15,57,Afternoon
3904,200908833,04/23/2020 12:00:00 AM,04/22/2020 12:00:00 AM,1200,9,Van Nuys,919,1,510,VEHICLE - STOLEN,,0,Unknown,,101,STREET,,,IC,Invest Cont,510,,,6700    SUNNYSLOPE                   AV,34.1922,-118.4268,2020.0,4.0,22.0,2.0,0.0,2.0,0,12,0,Morning
3906,200715319,10/26/2020 12:00:00 AM,10/25/2020 12:00:00 AM,2100,7,Wilshire,773,1,330,BURGLARY FROM VEHICLE,1402 1822 1300 0344,82,F,O,104,DRIVEWAY,,,IC,Invest Cont,330,998.0,,1800    COCHRAN                      PL,34.0414,-118.3556,2020.0,10.0,25.0,6.0,0.0,4.0,1,21,0,Evening
3907,200818050,12/30/2020 12:00:00 AM,12/16/2020 12:00:00 AM,1700,8,West LA,849,1,330,BURGLARY FROM VEHICLE,1822 0344,32,M,H,707,GARAGE/CARPORT,,,IC,Invest Cont,330,,,1000 S  WOOSTER                      ST,34.0571,-118.3825,2020.0,12.0,16.0,2.0,0.0,4.0,0,17,0,Afternoon
3910,201010350,06/24/2020 12:00:00 AM,06/24/2020 12:00:00 AM,2330,10,West Valley,1008,1,230,"ASSAULT WITH DEADLY WEAPON, AGGRAVATED ASSAULT",1816 0906 0561 1414 0400 0416 0445 0913,55,M,H,501,SINGLE FAMILY DWELLING,508.0,MARTIAL ARTS WEAPONS,AA,Adult Arrest,230,,,7600    BALBOA                       BL,34.2084,-118.5012,2020.0,6.0,24.0,2.0,0.0,2.0,0,23,30,Evening
3912,201108403,04/16/2020 12:00:00 AM,02/27/2020 12:00:00 AM,1235,11,Northeast,1139,1,341,"THEFT-GRAND ($950.01 & OVER)EXCPT,GUNS,FOWL,LIVESTK,PROD",1602 0344,30,M,W,506,ABANDONED BUILDING ABANDONED HOUSE,,,IC,Invest Cont,341,,,OMAHA                        ST,34.1054,-118.1894,2020.0,2.0,27.0,3.0,0.0,1.0,0,12,35,Morning
3914,200110758,04/20/2020 12:00:00 AM,04/20/2020 12:00:00 AM,1000,1,Central,182,1,341,"THEFT-GRAND ($950.01 & OVER)EXCPT,GUNS,FOWL,LIVESTK,PROD",1309 0344 1900 1414 1822,26,M,A,707,GARAGE/CARPORT,,,IC,Invest Cont,341,,,1200 S  FIGUEROA                     ST,34.0423,-118.2666,2020.0,4.0,20.0,0.0,0.0,2.0,0,10,0,Morning
3920,200816593,11/18/2020 12:00:00 AM,11/17/2020 12:00:00 AM,930,8,West LA,824,1,420,THEFT FROM MOTOR VEHICLE - PETTY ($950 & UNDER),0358 0385 0344 0346,24,M,W,108,PARKING LOT,,,IC,Invest Cont,420,,,ENTRADA                      DR,34.0288,-118.5174,2020.0,11.0,17.0,1.0,0.0,4.0,0,9,30,Morning
3923,200717407,12/23/2020 12:00:00 AM,12/23/2020 12:00:00 AM,1630,7,Wilshire,722,1,341,"THEFT-GRAND ($950.01 & OVER)EXCPT,GUNS,FOWL,LIVESTK,PROD",344,31,M,W,203,OTHER BUSINESS,,,IC,Invest Cont,341,,,8400    BEVERLY                      BL,34.0761,-118.3737,2020.0,12.0,23.0,2.0,0.0,4.0,0,16,30,Afternoon
3925,200110873,04/23/2020 12:00:00 AM,04/13/2020 12:00:00 AM,2315,1,Central,111,1,230,"ASSAULT WITH DEADLY WEAPON, AGGRAVATED ASSAULT",0913 0302 1259 0329,15,F,B,503,HOTEL,104.0,SHOTGUN,AA,Adult Arrest,230,,,900 N  BROADWAY,34.0615,-118.2412,2020.0,4.0,13.0,0.0,0.0,2.0,0,23,15,Evening
3926,201112703,08/20/2020 12:00:00 AM,08/19/2020 12:00:00 AM,1900,11,Northeast,1136,1,310,BURGLARY,1608 0344,31,M,W,501,SINGLE FAMILY DWELLING,,,IC,Invest Cont,310,,,4700    BALTIMORE                    ST,34.1182,-118.2129,2020.0,8.0,19.0,2.0,0.0,3.0,0,19,0,Evening
3927,201227115,12/25/2020 12:00:00 AM,12/25/2020 12:00:00 AM,2030,12,77th Street,1208,2,626,INTIMATE PARTNER - SIMPLE ASSAULT,1813 1814 0448 0416 0356 2000,27,F,H,101,STREET,400.0,"STRONG-ARM (HANDS, FIST, FEET OR BODILY FORCE)",IC,Invest Cont,626,,,51ST                         ST,33.9965,-118.2827,2020.0,12.0,25.0,4.0,0.0,4.0,0,20,30,Evening
3928,201107906,04-01-2020 00:00,03/28/2020 12:00:00 AM,2300,11,Northeast,1142,1,520,VEHICLE - ATTEMPT STOLEN,1300 0344,58,F,H,707,GARAGE/CARPORT,,,IC,Invest Cont,520,,,1900    RODNEY                       DR,34.1054,-118.2889,2020.0,3.0,28.0,5.0,0.0,1.0,1,23,0,Evening
3929,200911346,06/21/2020 12:00:00 AM,06/21/2020 12:00:00 AM,45,9,Van Nuys,935,1,230,"ASSAULT WITH DEADLY WEAPON, AGGRAVATED ASSAULT",0913 1414 1402 0411,26,M,H,502,"MULTI-UNIT DWELLING (APARTMENT, DUPLEX, ETC)",207.0,OTHER KNIFE,AO,Adult Other,230,998.0,,14200    FRIAR                        ST,34.1857,-118.4421,2020.0,6.0,21.0,6.0,0.0,2.0,1,0,45,Night
3932,200322152,12/23/2020 12:00:00 AM,12/23/2020 12:00:00 AM,1145,3,Southwest,308,2,740,"VANDALISM - FELONY ($400 & OVER, ALL CHURCH VANDALISMS)",1822 0329 1307 1202,63,M,B,122,"VEHICLE, PASSENGER/TRUCK",400.0,"STRONG-ARM (HANDS, FIST, FEET OR BODILY FORCE)",AO,Adult Other,740,,,BUCKINGHAM                   RD,34.0347,-118.2809,2020.0,12.0,23.0,2.0,0.0,4.0,0,11,45,Morning
3934,200812091,07/20/2020 12:00:00 AM,07/17/2020 12:00:00 AM,1630,8,West LA,806,1,310,BURGLARY,0344 1822 0397 1602,0,X,X,118,CONSTRUCTION SITE,,,IC,Invest Cont,310,,,900    BEL AIR                      RD,34.0894,-118.4418,2020.0,7.0,17.0,4.0,0.0,3.0,0,16,30,Afternoon
3939,200613263,07/30/2020 12:00:00 AM,07/29/2020 12:00:00 AM,2000,6,Hollywood,669,1,510,VEHICLE - STOLEN,,0,Unknown,,101,STREET,,,IC,Invest Cont,510,,,5200    VIRGINIA                     AV,34.092,-118.3046,2020.0,7.0,29.0,2.0,0.0,3.0,0,20,0,Evening
3940,200616672,10/14/2020 12:00:00 AM,10/14/2020 12:00:00 AM,930,6,Hollywood,647,1,510,VEHICLE - STOLEN,,0,Unknown,,108,PARKING LOT,,,IC,Invest Cont,510,,,6000 W  HOLLYWOOD                    BL,34.1017,-118.3188,2020.0,10.0,14.0,2.0,0.0,4.0,0,9,30,Morning
3941,200706227,02/17/2020 12:00:00 AM,02/17/2020 12:00:00 AM,1015,7,Wilshire,724,1,341,"THEFT-GRAND ($950.01 & OVER)EXCPT,GUNS,FOWL,LIVESTK,PROD",344,47,M,O,109,PARK/PLAYGROUND,,,IC,Invest Cont,341,,,7600    BEVERLY                      BL,34.0761,-118.3555,2020.0,2.0,17.0,0.0,0.0,1.0,0,10,15,Morning
3944,200311485,05/18/2020 12:00:00 AM,05/16/2020 12:00:00 AM,1800,3,Southwest,395,1,510,VEHICLE - STOLEN,0104 0344 1300,19,X,X,108,PARKING LOT,,,IC,Invest Cont,510,,,4100 S  WESTERN                      AV,34.0099,-118.3089,2020.0,5.0,16.0,5.0,0.0,2.0,1,18,0,Afternoon
3945,201014070,10/15/2020 12:00:00 AM,10/13/2020 12:00:00 AM,2300,10,West Valley,1029,2,740,"VANDALISM - FELONY ($400 & OVER, ALL CHURCH VANDALISMS)",0329 1300 1822,29,F,W,108,PARKING LOT,,,IC,Invest Cont,740,,,7100    WOODLEY                      AV,34.1994,-118.4837,2020.0,10.0,13.0,1.0,0.0,4.0,0,23,0,Evening
3946,200619612,12/23/2020 12:00:00 AM,12/23/2020 12:00:00 AM,1700,6,Hollywood,646,1,341,"THEFT-GRAND ($950.01 & OVER)EXCPT,GUNS,FOWL,LIVESTK,PROD",0344 0329 1402,30,F,O,210,RESTAURANT/FAST FOOD,,,IC,Invest Cont,341,,,6400    SELMA                        AV,34.0998,-118.33,2020.0,12.0,23.0,2.0,0.0,4.0,0,17,0,Afternoon
3947,200310265,04/22/2020 12:00:00 AM,04/22/2020 12:00:00 AM,5,3,Southwest,326,1,121,"RAPE, FORCIBLE",1262 2034 0913,20,F,H,502,"MULTI-UNIT DWELLING (APARTMENT, DUPLEX, ETC)",400.0,"STRONG-ARM (HANDS, FIST, FEET OR BODILY FORCE)",IC,Invest Cont,121,,,2600 S  HOBART                       BL,34.0327,-118.3078,2020.0,4.0,22.0,2.0,0.0,2.0,0,0,5,Night
3948,200911684,06/28/2020 12:00:00 AM,06/27/2020 12:00:00 AM,1930,9,Van Nuys,971,1,330,BURGLARY FROM VEHICLE,0358 1307 0344,44,F,B,123,PARKING UNDERGROUND/BUILDING,,,IC,Invest Cont,330,,,4600 N  SEPULVEDA                    BL,34.1538,-118.4662,2020.0,6.0,27.0,5.0,0.0,2.0,1,19,30,Evening
3950,200906775,03-02-2020 00:00,02/23/2020 12:00:00 AM,1336,9,Van Nuys,955,1,343,SHOPLIFTING-GRAND THEFT ($950.01 & OVER),344,0,X,X,202,LIQUOR STORE,,,IC,Invest Cont,343,,,14400    MAGNOLIA                     BL,34.1668,-118.4445,2020.0,2.0,23.0,6.0,0.0,1.0,1,13,36,Afternoon
3951,200306794,02/17/2020 12:00:00 AM,02/17/2020 12:00:00 AM,145,3,Southwest,311,2,626,INTIMATE PARTNER - SIMPLE ASSAULT,2000 1814 0448 0344 1251,21,F,H,101,STREET,400.0,"STRONG-ARM (HANDS, FIST, FEET OR BODILY FORCE)",IC,Invest Cont,626,,,5400    CARLIN                       ST,34.0305,-118.3615,2020.0,2.0,17.0,0.0,0.0,1.0,0,1,45,Night
3953,200316456,08/28/2020 12:00:00 AM,08/28/2020 12:00:00 AM,2020,3,Southwest,337,1,230,"ASSAULT WITH DEADLY WEAPON, AGGRAVATED ASSAULT",1309 1310 1822 0207 0302 0334 1251 0605 0906,20,M,B,101,STREET,102.0,HAND GUN,IC,Invest Cont,230,,,3000    HALLDALE                     AV,34.026,-118.3028,2020.0,8.0,28.0,4.0,0.0,3.0,0,20,20,Evening
3955,200814505,09/24/2020 12:00:00 AM,09/15/2020 12:00:00 AM,800,8,West LA,847,2,354,THEFT OF IDENTITY,1822 0100 0928,70,F,W,502,"MULTI-UNIT DWELLING (APARTMENT, DUPLEX, ETC)",,,IC,Invest Cont,354,,,10300    BELLWOOD                     AV,34.0515,-118.418,2020.0,9.0,15.0,1.0,0.0,3.0,0,8,0,Morning
3956,200507574,03/24/2020 12:00:00 AM,03/24/2020 12:00:00 AM,1,5,Harbor,555,2,740,"VANDALISM - FELONY ($400 & OVER, ALL CHURCH VANDALISMS)",0329 1300,37,M,W,122,"VEHICLE, PASSENGER/TRUCK",,,IC,Invest Cont,740,,,800 W  SEPULVEDA                    ST,33.7456,-118.2945,2020.0,3.0,24.0,1.0,0.0,1.0,0,0,1,Night
3957,200911608,06/26/2020 12:00:00 AM,06/20/2020 12:00:00 AM,300,9,Van Nuys,926,2,354,THEFT OF IDENTITY,0377 0930 1822,32,F,B,502,"MULTI-UNIT DWELLING (APARTMENT, DUPLEX, ETC)",,,IC,Invest Cont,354,,,14400    KITTRIDGE                    ST,34.1907,-118.4479,2020.0,6.0,20.0,5.0,0.0,2.0,1,3,0,Night
3958,200120184,10/28/2020 12:00:00 AM,10/27/2020 12:00:00 AM,2200,1,Central,163,2,740,"VANDALISM - FELONY ($400 & OVER, ALL CHURCH VANDALISMS)",1300 1609 0329 1822 1414,0,X,X,122,"VEHICLE, PASSENGER/TRUCK",,,IC,Invest Cont,740,,,8TH,34.0437,-118.2547,2020.0,10.0,27.0,1.0,0.0,4.0,0,22,0,Evening
3960,200211726,06/23/2020 12:00:00 AM,06/23/2020 12:00:00 AM,2226,2,Rampart,212,1,310,BURGLARY,1822 0342 0349,0,X,X,502,"MULTI-UNIT DWELLING (APARTMENT, DUPLEX, ETC)",,,IC,Invest Cont,310,,,300 N  JUANITA                      AV,34.0764,-118.2905,2020.0,6.0,23.0,1.0,0.0,2.0,0,22,26,Evening
3964,200315740,08/14/2020 12:00:00 AM,08/13/2020 12:00:00 AM,1500,3,Southwest,319,1,220,ATTEMPTED ROBBERY,0104 0329 0416 0445 1822,19,X,X,210,RESTAURANT/FAST FOOD,500.0,UNKNOWN WEAPON/OTHER WEAPON,IC,Invest Cont,220,,,2500 S  FIGUEROA                     ST,34.0289,-118.2756,2020.0,8.0,13.0,3.0,0.0,3.0,0,15,0,Afternoon
3968,201208091,02/28/2020 12:00:00 AM,02/28/2020 12:00:00 AM,1430,12,77th Street,1207,2,740,"VANDALISM - FELONY ($400 & OVER, ALL CHURCH VANDALISMS)",0329 0342 1309 1822 1307,35,F,B,501,SINGLE FAMILY DWELLING,,,IC,Invest Cont,740,,,800 W  50TH                         PL,33.997,-118.2871,2020.0,2.0,28.0,4.0,0.0,1.0,0,14,30,Afternoon
3970,201308758,03/27/2020 12:00:00 AM,03/27/2020 12:00:00 AM,1230,13,Newton,1371,1,330,BURGLARY FROM VEHICLE,1300 0329 1609 1307 0344,36,M,H,101,STREET,,,IC,Invest Cont,330,,,5700 S  MAIN                         ST,33.9924,-118.2772,2020.0,3.0,27.0,4.0,0.0,1.0,0,12,30,Morning
3973,200906073,02/15/2020 12:00:00 AM,02/15/2020 12:00:00 AM,1045,9,Van Nuys,937,2,940,EXTORTION,1501,52,M,H,502,"MULTI-UNIT DWELLING (APARTMENT, DUPLEX, ETC)",,,IC,Invest Cont,940,,,6200    HAZELTINE                    AV,34.1827,-118.44,2020.0,2.0,15.0,5.0,0.0,1.0,1,10,45,Morning
3974,201213175,05/20/2020 12:00:00 AM,05/19/2020 12:00:00 AM,900,12,77th Street,1259,1,510,VEHICLE - STOLEN,,0,Unknown,,101,STREET,,,IC,Invest Cont,510,,,78TH                         ST,33.9688,-118.2684,2020.0,5.0,19.0,1.0,0.0,2.0,0,9,0,Morning
3984,201217037,07/23/2020 12:00:00 AM,07/23/2020 12:00:00 AM,725,12,77th Street,1253,1,220,ATTEMPTED ROBBERY,0400 0416 1278 1822,30,M,H,101,STREET,400.0,"STRONG-ARM (HANDS, FIST, FEET OR BODILY FORCE)",IC,Invest Cont,220,,,W  75TH                         ST,33.9718,-118.309,2020.0,7.0,23.0,3.0,0.0,3.0,0,7,25,Morning
3985,201215454,06/27/2020 12:00:00 AM,06/27/2020 12:00:00 AM,1330,12,77th Street,1245,1,230,"ASSAULT WITH DEADLY WEAPON, AGGRAVATED ASSAULT",0903 0913 2036 1239 1215 1240 0908 2054 1539 1218,20,F,B,101,STREET,307.0,VEHICLE,IC,Invest Cont,230,,,WESTERN                      AV,33.9789,-118.2981,2020.0,6.0,27.0,5.0,0.0,2.0,1,13,30,Afternoon
3986,201114087,09/28/2020 12:00:00 AM,09/28/2020 12:00:00 AM,1230,11,Northeast,1136,2,624,BATTERY - SIMPLE ASSAULT,0400 0416 1822,64,M,W,502,"MULTI-UNIT DWELLING (APARTMENT, DUPLEX, ETC)",400.0,"STRONG-ARM (HANDS, FIST, FEET OR BODILY FORCE)",IC,Invest Cont,624,,,4100    EAGLE ROCK                   BL,34.1209,-118.227,2020.0,9.0,28.0,0.0,0.0,3.0,0,12,30,Morning
3989,201308743,03/25/2020 12:00:00 AM,03/25/2020 12:00:00 AM,1200,13,Newton,1321,2,740,"VANDALISM - FELONY ($400 & OVER, ALL CHURCH VANDALISMS)",0329 1609,25,F,B,122,"VEHICLE, PASSENGER/TRUCK",,,IC,Invest Cont,740,,,2300 S  GRAND                        AV,34.0291,-118.2706,2020.0,3.0,25.0,2.0,0.0,1.0,0,12,0,Morning
3990,200517961,12/18/2020 12:00:00 AM,12/18/2020 12:00:00 AM,1200,5,Harbor,589,2,932,PEEPING TOM,1202,63,F,H,709,PUBLIC RESTROOM(INDOORS-INSIDE),,,IC,Invest Cont,932,,,200    WATCHORN WALK,33.7215,-118.2826,2020.0,12.0,18.0,4.0,0.0,4.0,0,12,0,Morning
3991,200606239,02/16/2020 12:00:00 AM,01/30/2020 12:00:00 AM,1625,6,Hollywood,638,1,442,SHOPLIFTING - PETTY THEFT ($950 & UNDER),0325 1822,0,X,X,405,CLOTHING STORE,,,IC,Invest Cont,442,,,5500    HOLLYWOOD                    BL,34.1038,-118.3151,2020.0,1.0,30.0,3.0,0.0,1.0,0,16,25,Afternoon
3993,201218459,08/13/2020 12:00:00 AM,08/13/2020 12:00:00 AM,355,12,77th Street,1215,2,626,INTIMATE PARTNER - SIMPLE ASSAULT,2000,38,F,B,501,SINGLE FAMILY DWELLING,,,AO,Adult Other,626,,,1400 W  53RD                         ST,33.9941,-118.3002,2020.0,8.0,13.0,3.0,0.0,3.0,0,3,55,Night
3994,200209454,04/27/2020 12:00:00 AM,04/26/2020 12:00:00 AM,2000,2,Rampart,261,1,236,INTIMATE PARTNER - AGGRAVATED ASSAULT,0913 2000 1814 0448 0400 0408,34,F,A,502,"MULTI-UNIT DWELLING (APARTMENT, DUPLEX, ETC)",400.0,"STRONG-ARM (HANDS, FIST, FEET OR BODILY FORCE)",IC,Invest Cont,236,,,700 S  CORONADO                     ST,34.0589,-118.2821,2020.0,4.0,26.0,6.0,0.0,2.0,1,20,0,Evening
3996,201219019,08/20/2020 12:00:00 AM,08/20/2020 12:00:00 AM,1610,12,77th Street,1269,1,761,BRANDISH WEAPON,1822 0334 0400 2004,0,M,B,101,STREET,215.0,MACHETE,IC,Invest Cont,761,,,MANCHESTER                   AV,33.9601,-118.2629,2020.0,8.0,20.0,3.0,0.0,3.0,0,16,10,Afternoon
4001,200109835,03/30/2020 12:00:00 AM,03/30/2020 12:00:00 AM,1040,1,Central,138,1,230,"ASSAULT WITH DEADLY WEAPON, AGGRAVATED ASSAULT",2060 2000 1218 1402 2004 1813 0913 0334 0445 1414,28,M,B,101,STREET,312.0,PIPE/METAL PIPE,AO,Adult Other,230,998.0,,300    CROCKER                      ST,34.0464,-118.2402,2020.0,3.0,30.0,0.0,0.0,1.0,0,10,40,Morning
4002,201000976,11/19/2020 12:00:00 AM,11/19/2020 12:00:00 AM,1355,10,West Valley,1033,1,320,"BURGLARY, ATTEMPTED",1822 1402 0314 1606 1414,47,M,O,501,SINGLE FAMILY DWELLING,,,AA,Adult Arrest,320,,,6100    TAMPA                        AV,34.1813,-118.5534,2020.0,11.0,19.0,3.0,0.0,4.0,0,13,55,Afternoon
4003,201011046,07/16/2020 12:00:00 AM,07/16/2020 12:00:00 AM,1758,10,West Valley,1001,1,510,VEHICLE - STOLEN,,0,Unknown,,101,STREET,,,IC,Invest Cont,510,,,7700    MELVIN                       AV,34.2103,-118.5603,2020.0,7.0,16.0,3.0,0.0,3.0,0,17,58,Afternoon
4005,201110658,06/21/2020 12:00:00 AM,06/20/2020 12:00:00 AM,1400,11,Northeast,1109,1,510,VEHICLE - STOLEN,,0,Unknown,,101,STREET,,,IC,Invest Cont,510,,,1800    LAS FLORES                   DR,34.1413,-118.2062,2020.0,6.0,20.0,5.0,0.0,2.0,1,14,0,Afternoon
4008,200904802,01/19/2020 12:00:00 AM,01/19/2020 12:00:00 AM,430,9,Van Nuys,914,1,210,ROBBERY,0416 0446 1822 0605 0344,19,M,H,101,STREET,400.0,"STRONG-ARM (HANDS, FIST, FEET OR BODILY FORCE)",IC,Invest Cont,210,,,14800    VANOWEN                      ST,34.1976,-118.4574,2020.0,1.0,19.0,6.0,0.0,1.0,1,4,30,Night
4009,200514645,09/29/2020 12:00:00 AM,09/25/2020 12:00:00 AM,1315,5,Harbor,525,1,440,THEFT PLAIN - PETTY ($950 & UNDER),0344 1202,60,M,O,203,OTHER BUSINESS,,,IC,Invest Cont,440,,,500 N  MARINE                       AV,33.7756,-118.2634,2020.0,9.0,25.0,4.0,0.0,3.0,0,13,15,Afternoon
4010,200815851,10/29/2020 12:00:00 AM,10/27/2020 12:00:00 AM,1630,8,West LA,842,1,331,THEFT FROM MOTOR VEHICLE - GRAND ($950.01 AND OVER),0344 1822 0385 1602,39,M,W,108,PARKING LOT,,,IC,Invest Cont,331,,,11800    WILSHIRE                     BL,34.0482,-118.4625,2020.0,10.0,27.0,1.0,0.0,4.0,0,16,30,Afternoon
4012,200610318,05/17/2020 12:00:00 AM,05/16/2020 12:00:00 AM,1145,6,Hollywood,639,2,626,INTIMATE PARTNER - SIMPLE ASSAULT,0400 1300 1822,0,M,W,122,"VEHICLE, PASSENGER/TRUCK",400.0,"STRONG-ARM (HANDS, FIST, FEET OR BODILY FORCE)",AO,Adult Other,626,,,1800 N  WESTERN                      AV,34.1036,-118.3093,2020.0,5.0,16.0,5.0,0.0,2.0,1,11,45,Morning
4014,200705219,01/26/2020 12:00:00 AM,01/26/2020 12:00:00 AM,1420,7,Wilshire,723,2,624,BATTERY - SIMPLE ASSAULT,0416 1218,57,M,W,102,SIDEWALK,400.0,"STRONG-ARM (HANDS, FIST, FEET OR BODILY FORCE)",IC,Invest Cont,624,,,FAIRFAX                      AV,34.0708,-118.3614,2020.0,1.0,26.0,6.0,0.0,1.0,1,14,20,Afternoon
4016,200716459,11/27/2020 12:00:00 AM,11/27/2020 12:00:00 AM,1204,7,Wilshire,753,1,440,THEFT PLAIN - PETTY ($950 & UNDER),1822 0344 0394,70,M,W,510,NURSING/CONVALESCENT/RETIREMENT HOME,,,IC,Invest Cont,440,,,W  OLYMPIC                      BL,34.0582,-118.3639,2020.0,11.0,27.0,4.0,0.0,4.0,0,12,4,Morning
4017,200319320,10/24/2020 12:00:00 AM,10/21/2020 12:00:00 AM,1500,3,Southwest,363,1,510,VEHICLE - STOLEN,,0,Unknown,,103,ALLEY,,,IC,Invest Cont,510,,,4000    WEST                         BL,34.0107,-118.3467,2020.0,10.0,21.0,2.0,0.0,4.0,0,15,0,Afternoon
4019,201209962,03/28/2020 12:00:00 AM,03/28/2020 12:00:00 AM,1930,12,77th Street,1218,1,350,"THEFT, PERSON",2000 0344 1814 0319 0444 0416 0432 0913,27,F,B,502,"MULTI-UNIT DWELLING (APARTMENT, DUPLEX, ETC)",400.0,"STRONG-ARM (HANDS, FIST, FEET OR BODILY FORCE)",AO,Adult Other,350,,,700 W  56TH                         ST,33.9915,-118.2842,2020.0,3.0,28.0,5.0,0.0,1.0,1,19,30,Evening
4021,200905327,01/31/2020 12:00:00 AM,01/30/2020 12:00:00 AM,2330,9,Van Nuys,906,2,946,OTHER MISCELLANEOUS CRIME,0392 2004,0,X,X,101,STREET,,,IC,Invest Cont,946,,,7300    VAN NUYS                     BL,34.203,-118.4488,2020.0,1.0,30.0,3.0,0.0,1.0,0,23,30,Evening
4022,201306732,02/19/2020 12:00:00 AM,02/19/2020 12:00:00 AM,15,13,Newton,1322,2,740,"VANDALISM - FELONY ($400 & OVER, ALL CHURCH VANDALISMS)",0329 0311 1413,21,M,H,203,OTHER BUSINESS,,,AO,Adult Other,740,998.0,,SAN PEDRO                    ST,34.0242,-118.2623,2020.0,2.0,19.0,2.0,0.0,1.0,0,0,15,Night
4023,200213510,08-08-2020 00:00,07/31/2020 12:00:00 AM,2200,2,Rampart,241,1,420,THEFT FROM MOTOR VEHICLE - PETTY ($950 & UNDER),0344 0377,21,M,H,707,GARAGE/CARPORT,,,IC,Invest Cont,420,,,400 S  OCCIDENTAL                   BL,34.0659,-118.2834,2020.0,7.0,31.0,4.0,0.0,3.0,0,22,0,Evening
4025,200709459,05/21/2020 12:00:00 AM,05/19/2020 12:00:00 AM,1200,7,Wilshire,734,2,626,INTIMATE PARTNER - SIMPLE ASSAULT,2000 1813 0408 0416,46,F,W,502,"MULTI-UNIT DWELLING (APARTMENT, DUPLEX, ETC)",400.0,"STRONG-ARM (HANDS, FIST, FEET OR BODILY FORCE)",AO,Adult Other,626,,,500 S  BURNSIDE                     AV,34.0662,-118.3506,2020.0,5.0,19.0,1.0,0.0,2.0,0,12,0,Morning
4027,200615509,09/17/2020 12:00:00 AM,08/24/2020 12:00:00 AM,1700,6,Hollywood,644,1,420,THEFT FROM MOTOR VEHICLE - PETTY ($950 & UNDER),,0,Unknown,,141,CEMETARY*,,,IC,Invest Cont,420,,,1300 N  MARTEL                       AV,34.0944,-118.3507,2020.0,8.0,24.0,0.0,0.0,3.0,0,17,0,Afternoon
4028,200516796,11/15/2020 12:00:00 AM,11/15/2020 12:00:00 AM,1,5,Harbor,557,2,740,"VANDALISM - FELONY ($400 & OVER, ALL CHURCH VANDALISMS)",0329 1300,57,F,W,122,"VEHICLE, PASSENGER/TRUCK",,,IC,Invest Cont,740,,,800 W  3RD                          ST,33.7415,-118.295,2020.0,11.0,15.0,6.0,0.0,4.0,1,0,1,Night
4029,200211525,06/18/2020 12:00:00 AM,06/18/2020 12:00:00 AM,1915,2,Rampart,218,1,350,"THEFT, PERSON",0342 0344 1822,77,F,W,109,PARK/PLAYGROUND,400.0,"STRONG-ARM (HANDS, FIST, FEET OR BODILY FORCE)",IC,Invest Cont,350,,,PARK                         AV,34.0754,-118.2595,2020.0,6.0,18.0,3.0,0.0,2.0,0,19,15,Evening
4032,200911620,06/26/2020 12:00:00 AM,06/25/2020 12:00:00 AM,2300,9,Van Nuys,989,1,330,BURGLARY FROM VEHICLE,0344 1300,23,M,W,123,PARKING UNDERGROUND/BUILDING,,,IC,Invest Cont,330,,,13300    WOODBRIDGE                   ST,34.1475,-118.4225,2020.0,6.0,25.0,3.0,0.0,2.0,0,23,0,Evening
4033,200121581,11/26/2020 12:00:00 AM,11/25/2020 12:00:00 AM,1500,1,Central,159,2,745,VANDALISM - MISDEAMEANOR ($399 OR UNDER),0329 0397,0,X,X,116,OTHER/OUTSIDE,,,IC,Invest Cont,745,,,600    MESQUIT                      ST,34.0365,-118.2292,2020.0,11.0,25.0,2.0,0.0,4.0,0,15,0,Afternoon
4034,201012537,08/29/2020 12:00:00 AM,08/29/2020 12:00:00 AM,30,10,West Valley,1015,2,740,"VANDALISM - FELONY ($400 & OVER, ALL CHURCH VANDALISMS)",0329 1822,53,M,H,122,"VEHICLE, PASSENGER/TRUCK",400.0,"STRONG-ARM (HANDS, FIST, FEET OR BODILY FORCE)",IC,Invest Cont,740,,,7500    YARMOUTH                     AV,34.2068,-118.5197,2020.0,8.0,29.0,5.0,0.0,3.0,1,0,30,Night
4035,201221579,09/28/2020 12:00:00 AM,09/28/2020 12:00:00 AM,1727,12,77th Street,1256,1,230,"ASSAULT WITH DEADLY WEAPON, AGGRAVATED ASSAULT",0416 1822,61,M,H,103,ALLEY,101.0,REVOLVER,IC,Invest Cont,230,,,FLORENCE,33.9727,-118.285,2020.0,9.0,28.0,0.0,0.0,3.0,0,17,27,Afternoon
4036,201300688,04/25/2020 12:00:00 AM,04/25/2020 12:00:00 AM,255,13,Newton,1303,1,310,BURGLARY,2018 1402 0907 2024 1607 0329 0358 0344,0,X,X,418,,,,AA,Adult Arrest,310,998.0,,1200    PALOMA                       ST,34.0312,-118.2478,2020.0,4.0,25.0,5.0,0.0,2.0,1,2,55,Night
4037,200813030,08/17/2020 12:00:00 AM,08/16/2020 12:00:00 AM,1200,8,West LA,857,1,310,BURGLARY,1822 1609 0344,0,X,X,157,"VEHICLE STORAGE LOT (CARS, TRUCKS, RV'S, BOATS, TRAILERS, ETC.)",,,IC,Invest Cont,310,,,1100 S  BEVERLY                      DR,34.0564,-118.3962,2020.0,8.0,16.0,6.0,0.0,3.0,1,12,0,Morning
4040,200615549,09/18/2020 12:00:00 AM,09/18/2020 12:00:00 AM,1400,6,Hollywood,639,1,341,"THEFT-GRAND ($950.01 & OVER)EXCPT,GUNS,FOWL,LIVESTK,PROD",0344 0377 1822 0209,34,F,W,406,OTHER STORE,,,IC,Invest Cont,341,,,5100 W  HOLLYWOOD                    BL,34.1036,-118.3049,2020.0,9.0,18.0,4.0,0.0,3.0,0,14,0,Afternoon
4041,200307347,02/24/2020 12:00:00 AM,02/23/2020 12:00:00 AM,2300,3,Southwest,393,1,440,THEFT PLAIN - PETTY ($950 & UNDER),1202 0344,62,M,B,119,"PORCH, RESIDENTIAL",,,IC,Invest Cont,440,,,4300    GARTHWAITE                   AV,34.0057,-118.3278,2020.0,2.0,23.0,6.0,0.0,1.0,1,23,0,Evening
4042,200414106,10/21/2020 12:00:00 AM,10/21/2020 12:00:00 AM,1215,4,Hollenbeck,491,1,442,SHOPLIFTING - PETTY THEFT ($950 & UNDER),325,0,X,X,404,DEPARTMENT STORE,,,IC,Invest Cont,442,,,2600 E  OLYMPIC                      BL,34.0253,-118.2224,2020.0,10.0,21.0,2.0,0.0,4.0,0,12,15,Morning
4043,200407242,03/24/2020 12:00:00 AM,03/24/2020 12:00:00 AM,1815,4,Hollenbeck,459,2,662,"BUNCO, GRAND THEFT",0342 0701 0344 1309 1202,72,F,H,602,BANK,,,IC,Invest Cont,662,,,700 N  FRESNO                       ST,34.0449,-118.1943,2020.0,3.0,24.0,1.0,0.0,1.0,0,18,15,Afternoon
4044,200609534,04/25/2020 12:00:00 AM,04/25/2020 12:00:00 AM,1100,6,Hollywood,645,2,745,VANDALISM - MISDEAMEANOR ($399 OR UNDER),0329 1300 1822,22,F,H,108,PARKING LOT,,,IC,Invest Cont,745,,,7000 W  SUNSET                       BL,34.098,-118.3416,2020.0,4.0,25.0,5.0,0.0,2.0,1,11,0,Morning
4045,200121404,11/22/2020 12:00:00 AM,11/22/2020 12:00:00 AM,300,1,Central,158,2,626,INTIMATE PARTNER - SIMPLE ASSAULT,1218 2004 2000 0913 1814 0444,28,F,B,502,"MULTI-UNIT DWELLING (APARTMENT, DUPLEX, ETC)",400.0,"STRONG-ARM (HANDS, FIST, FEET OR BODILY FORCE)",AO,Adult Other,626,,,800 E  6TH                          ST,34.0407,-118.2427,2020.0,11.0,22.0,6.0,0.0,4.0,1,3,0,Night
4051,201308883,03/31/2020 12:00:00 AM,03/30/2020 12:00:00 AM,2200,13,Newton,1344,1,510,VEHICLE - STOLEN,,0,Unknown,,101,STREET,,,IC,Invest Cont,510,,,400 E  41ST                         ST,34.0092,-118.2692,2020.0,3.0,30.0,0.0,0.0,1.0,0,22,0,Evening
4052,200217566,11/18/2020 12:00:00 AM,11/17/2020 12:00:00 AM,1700,2,Rampart,269,1,330,BURGLARY FROM VEHICLE,0344 1307 1609 0352 0345,26,F,B,707,GARAGE/CARPORT,,,IC,Invest Cont,330,,,700 S  BIXEL                        ST,34.0507,-118.2643,2020.0,11.0,17.0,1.0,0.0,4.0,0,17,0,Afternoon
4055,200811919,07/16/2020 12:00:00 AM,07/16/2020 12:00:00 AM,1120,8,West LA,881,2,888,TRESPASSING,1822 1420 1601 0209,36,M,W,501,SINGLE FAMILY DWELLING,,,IC,Invest Cont,888,,,11700    EXPOSITION                   BL,34.0322,-118.449,2020.0,7.0,16.0,3.0,0.0,3.0,0,11,20,Morning
4057,200615945,09/27/2020 12:00:00 AM,09/27/2020 12:00:00 AM,650,6,Hollywood,667,1,210,ROBBERY,0400 0416 0411 0344 0337 1822 1402,27,M,H,502,"MULTI-UNIT DWELLING (APARTMENT, DUPLEX, ETC)",205.0,KITCHEN KNIFE,AA,Adult Arrest,210,998.0,,1100 N  BEACHWOOD                    DR,34.0908,-118.3212,2020.0,9.0,27.0,6.0,0.0,3.0,1,6,50,Night
4058,200118365,09/22/2020 12:00:00 AM,09/21/2020 12:00:00 AM,1641,1,Central,162,1,330,BURGLARY FROM VEHICLE,1609 1822 1307 0344 0329 0321,33,M,B,108,PARKING LOT,,,IC,Invest Cont,330,,,700 W  7TH                          ST,34.048,-118.2577,2020.0,9.0,21.0,0.0,0.0,3.0,0,16,41,Afternoon
4060,200906602,02/27/2020 12:00:00 AM,02/26/2020 12:00:00 AM,2200,9,Van Nuys,923,1,310,BURGLARY,0358 1420 1602 1607 0321 1402 0344,0,X,X,202,LIQUOR STORE,514.0,TIRE IRON,IC,Invest Cont,310,998.0,,14500    VANOWEN                      ST,34.1939,-118.4487,2020.0,2.0,26.0,2.0,0.0,1.0,0,22,0,Evening
4062,200116876,08/24/2020 12:00:00 AM,08/24/2020 12:00:00 AM,1845,1,Central,119,2,624,BATTERY - SIMPLE ASSAULT,0416 0910 1822 1402 1266 2048,55,M,B,900,MTA - RED LINE - UNION STATION,400.0,"STRONG-ARM (HANDS, FIST, FEET OR BODILY FORCE)",IC,Invest Cont,624,998.0,,800 N  ALAMEDA                      ST,34.0561,-118.2375,2020.0,8.0,24.0,0.0,0.0,3.0,0,18,45,Afternoon
4064,200212635,07/16/2020 12:00:00 AM,07/16/2020 12:00:00 AM,1500,2,Rampart,289,2,626,INTIMATE PARTNER - SIMPLE ASSAULT,0913 2000 1814 0448 0444 0429 1202,77,F,W,502,"MULTI-UNIT DWELLING (APARTMENT, DUPLEX, ETC)",400.0,"STRONG-ARM (HANDS, FIST, FEET OR BODILY FORCE)",IC,Invest Cont,626,,,1100    VALENCIA                     ST,34.0466,-118.2735,2020.0,7.0,16.0,3.0,0.0,3.0,0,15,0,Afternoon
4065,201116638,12/14/2020 12:00:00 AM,12/14/2020 12:00:00 AM,1110,11,Northeast,1128,2,624,BATTERY - SIMPLE ASSAULT,0400 0444 0913 1810,58,M,W,501,SINGLE FAMILY DWELLING,400.0,"STRONG-ARM (HANDS, FIST, FEET OR BODILY FORCE)",AA,Adult Arrest,624,,,6200    SAYLIN                       LN,34.1225,-118.1827,2020.0,12.0,14.0,0.0,0.0,4.0,0,11,10,Morning
4066,200604920,01/18/2020 12:00:00 AM,01/18/2020 12:00:00 AM,800,6,Hollywood,625,2,664,"BUNCO, PETTY THEFT",0800 0344,52,F,W,501,SINGLE FAMILY DWELLING,,,IC,Invest Cont,664,,,6900    LOS TILOS                    RD,34.1108,-118.3398,2020.0,1.0,18.0,5.0,0.0,1.0,1,8,0,Morning
4067,201200602,03/25/2020 12:00:00 AM,03/25/2020 12:00:00 AM,1850,12,77th Street,1249,2,822,HUMAN TRAFFICKING - COMMERCIAL SEX ACTS,0943 1259 1251 2033 1402,16,F,B,101,STREET,511.0,VERBAL THREAT,IC,Invest Cont,822,,,7000 S  FIGUEROA                     ST,33.9763,-118.2827,2020.0,3.0,25.0,2.0,0.0,1.0,0,18,50,Afternoon
4069,200105349,01/20/2020 12:00:00 AM,01/20/2020 12:00:00 AM,2045,1,Central,154,2,624,BATTERY - SIMPLE ASSAULT,0361 0448 0400 0913,30,M,H,502,"MULTI-UNIT DWELLING (APARTMENT, DUPLEX, ETC)",400.0,"STRONG-ARM (HANDS, FIST, FEET OR BODILY FORCE)",AO,Adult Other,624,,,500 S  MAIN                         ST,34.0467,-118.2485,2020.0,1.0,20.0,0.0,0.0,1.0,0,20,45,Evening
4070,200321740,12/14/2020 12:00:00 AM,12/14/2020 12:00:00 AM,1205,3,Southwest,355,1,210,ROBBERY,0344 0416 0446 1309 1822,38,M,H,247,CAR WASH,400.0,"STRONG-ARM (HANDS, FIST, FEET OR BODILY FORCE)",IC,Invest Cont,210,,,3400 S  WESTERN                      AV,34.0219,-118.3133,2020.0,12.0,14.0,0.0,0.0,4.0,0,12,5,Morning
4071,201008267,04/22/2020 12:00:00 AM,04/19/2020 12:00:00 AM,2139,10,West Valley,1001,1,310,BURGLARY,1420 1607 1822,0,M,W,721,HIGH SCHOOL,,,IC,Invest Cont,310,,,8100    VANALDEN                     AV,34.2175,-118.5492,2020.0,4.0,19.0,6.0,0.0,2.0,1,21,39,Evening
4072,200713893,09/14/2020 12:00:00 AM,09/14/2020 12:00:00 AM,2345,7,Wilshire,721,2,625,OTHER ASSAULT,356,51,F,W,502,"MULTI-UNIT DWELLING (APARTMENT, DUPLEX, ETC)",400.0,"STRONG-ARM (HANDS, FIST, FEET OR BODILY FORCE)",AO,Adult Other,625,,,300 S  WILLAMAN                     DR,34.0728,-118.3806,2020.0,9.0,14.0,0.0,0.0,3.0,0,23,45,Evening
4074,201222198,10-07-2020 00:00,09/18/2020 12:00:00 AM,1700,12,77th Street,1233,2,930,CRIMINAL THREATS - NO WEAPON DISPLAYED,0421 1266,29,M,B,727,SHOPPING MALL (COMMON AREA),511.0,VERBAL THREAT,IC,Invest Cont,930,,,1900 W  SLAUSON                      AV,33.9891,-118.3125,2020.0,9.0,18.0,4.0,0.0,3.0,0,17,0,Afternoon
4075,200513444,08/27/2020 12:00:00 AM,08/26/2020 12:00:00 AM,1800,5,Harbor,555,1,510,VEHICLE - STOLEN,,0,Unknown,,101,STREET,,,IC,Invest Cont,510,,,800 W  SUMMERLAND                   AV,33.7476,-118.2951,2020.0,8.0,26.0,2.0,0.0,3.0,0,18,0,Afternoon
4077,200215030,09/15/2020 12:00:00 AM,08/25/2020 12:00:00 AM,900,2,Rampart,238,1,420,THEFT FROM MOTOR VEHICLE - PETTY ($950 & UNDER),,0,Unknown,,707,GARAGE/CARPORT,,,IC,Invest Cont,420,,,200 N  TOLUCA                       ST,34.0633,-118.2575,2020.0,8.0,25.0,1.0,0.0,3.0,0,9,0,Morning
4078,201008125,04/17/2020 12:00:00 AM,04/17/2020 12:00:00 AM,900,10,West Valley,1008,1,510,VEHICLE - STOLEN,,0,Unknown,,101,STREET,,,IC,Invest Cont,510,,,16600    COVELLO                      ST,34.2076,-118.4946,2020.0,4.0,17.0,4.0,0.0,2.0,0,9,0,Morning
4080,200307062,02/20/2020 12:00:00 AM,02/19/2020 12:00:00 AM,2330,3,Southwest,354,1,510,VEHICLE - STOLEN,,0,Unknown,,101,STREET,,,IC,Invest Cont,510,,,3600    9TH                          AV,34.023,-118.3272,2020.0,2.0,19.0,2.0,0.0,1.0,0,23,30,Evening
4081,200504679,01/16/2020 12:00:00 AM,01/16/2020 12:00:00 AM,1700,5,Harbor,585,2,626,INTIMATE PARTNER - SIMPLE ASSAULT,2002 0913 2003 0446 0416 2000 0401 1814,17,M,W,502,"MULTI-UNIT DWELLING (APARTMENT, DUPLEX, ETC)",400.0,"STRONG-ARM (HANDS, FIST, FEET OR BODILY FORCE)",AA,Adult Arrest,626,,,900 W  18TH                         ST,33.7243,-118.2963,2020.0,1.0,16.0,3.0,0.0,1.0,0,17,0,Afternoon
4082,200411975,08/21/2020 12:00:00 AM,08/21/2020 12:00:00 AM,215,4,Hollenbeck,469,2,237,CHILD NEGLECT (SEE 300 W.I.C.),0553 0913 1257,3,F,B,501,SINGLE FAMILY DWELLING,,,AA,Adult Arrest,237,,,3RD                          ST,34.0332,-118.1924,2020.0,8.0,21.0,4.0,0.0,3.0,0,2,15,Night
4084,200512047,07/19/2020 12:00:00 AM,07/19/2020 12:00:00 AM,1910,5,Harbor,558,2,740,"VANDALISM - FELONY ($400 & OVER, ALL CHURCH VANDALISMS)",0329 1300 1202,31,M,H,122,"VEHICLE, PASSENGER/TRUCK",,,IC,Invest Cont,740,,,300 N  CENTRE                       ST,33.7451,-118.2835,2020.0,7.0,19.0,6.0,0.0,3.0,1,19,10,Evening
4086,200210672,05/27/2020 12:00:00 AM,05/27/2020 12:00:00 AM,700,2,Rampart,219,1,230,"ASSAULT WITH DEADLY WEAPON, AGGRAVATED ASSAULT",1820 0444 0408 0448 0400 0334 1309 0913,18,F,H,505,MOTEL,212.0,BOTTLE,AO,Adult Other,230,,,1100 W  SUNSET                       BL,34.0657,-118.2494,2020.0,5.0,27.0,2.0,0.0,2.0,0,7,0,Morning
4087,200414172,10/22/2020 12:00:00 AM,10/22/2020 12:00:00 AM,2200,4,Hollenbeck,448,2,624,BATTERY - SIMPLE ASSAULT,1218 0400 0417 1822,21,M,W,109,PARK/PLAYGROUND,400.0,"STRONG-ARM (HANDS, FIST, FEET OR BODILY FORCE)",IC,Invest Cont,624,,,SOTO                         ST,34.0592,-118.2,2020.0,10.0,22.0,3.0,0.0,4.0,0,22,0,Evening
4089,200112610,06-01-2020 00:00,05/29/2020 12:00:00 AM,1400,1,Central,162,1,310,BURGLARY,1402 0344 0329 0321 1609 1822 1414,23,M,H,403,DRUG STORE,,,IC,Invest Cont,310,998.0,,800 S  GRAND                        AV,34.0459,-118.2579,2020.0,5.0,29.0,4.0,0.0,2.0,0,14,0,Afternoon
4093,201309731,04/22/2020 12:00:00 AM,04/21/2020 12:00:00 AM,1800,13,Newton,1345,1,510,VEHICLE - STOLEN,,0,Unknown,,101,STREET,,,IC,Invest Cont,510,,,1300 E  33RD                         ST,34.0133,-118.2522,2020.0,4.0,21.0,1.0,0.0,2.0,0,18,0,Afternoon
4094,201007696,03/30/2020 12:00:00 AM,03/29/2020 12:00:00 AM,2030,10,West Valley,1015,1,330,BURGLARY FROM VEHICLE,0377 0344 1300 1822 1609,20,M,H,108,PARKING LOT,,,IC,Invest Cont,330,,,7200    RESEDA                       BL,34.2011,-118.536,2020.0,3.0,29.0,6.0,0.0,1.0,1,20,30,Evening
4095,200315711,08/13/2020 12:00:00 AM,08/13/2020 12:00:00 AM,1710,3,Southwest,357,1,210,ROBBERY,1309 0344 0213 1822 0342 0346 0355,19,X,X,102,SIDEWALK,113.0,SIMULATED GUN,IC,Invest Cont,210,,,1100 W  37TH                         ST,34.021,-118.2921,2020.0,8.0,13.0,3.0,0.0,3.0,0,17,10,Afternoon
4097,201112617,08/18/2020 12:00:00 AM,08/17/2020 12:00:00 AM,1035,11,Northeast,1101,1,440,THEFT PLAIN - PETTY ($950 & UNDER),344,46,F,W,109,PARK/PLAYGROUND,,,IC,Invest Cont,440,,,2800 W  OBSERVATORY                  RD,34.1192,-118.3004,2020.0,8.0,17.0,0.0,0.0,3.0,0,10,35,Morning
4099,201113787,09/20/2020 12:00:00 AM,09/19/2020 12:00:00 AM,2200,11,Northeast,1143,1,420,THEFT FROM MOTOR VEHICLE - PETTY ($950 & UNDER),1608 0344,51,M,W,101,STREET,,,IC,Invest Cont,420,,,2900    ST GEORGE                    ST,34.1053,-118.2785,2020.0,9.0,19.0,5.0,0.0,3.0,1,22,0,Evening
4101,200409574,06-06-2020 00:00,05/30/2020 12:00:00 AM,1500,4,Hollenbeck,468,2,662,"BUNCO, GRAND THEFT",0344 0701 1309,49,M,H,101,STREET,,,IC,Invest Cont,662,,,3300 E  2ND                          ST,34.0364,-118.1976,2020.0,5.0,30.0,5.0,0.0,2.0,1,15,0,Afternoon
4102,200510755,06/18/2020 12:00:00 AM,06/18/2020 12:00:00 AM,1200,5,Harbor,555,1,420,THEFT FROM MOTOR VEHICLE - PETTY ($950 & UNDER),,0,Unknown,,104,DRIVEWAY,,,IC,Invest Cont,420,,,700 W  OLIVER                       ST,33.7468,-118.2935,2020.0,6.0,18.0,3.0,0.0,2.0,0,12,0,Morning
4104,201110837,06/25/2020 12:00:00 AM,06/15/2020 12:00:00 AM,1510,11,Northeast,1152,1,331,THEFT FROM MOTOR VEHICLE - GRAND ($950.01 AND OVER),0344 0385,28,F,W,101,STREET,,,AO,Adult Other,331,,,N  HOOVER                       ST,34.0982,-118.2841,2020.0,6.0,15.0,0.0,0.0,2.0,0,15,10,Afternoon
4105,201226960,12/23/2020 12:00:00 AM,12/22/2020 12:00:00 AM,1630,12,77th Street,1239,2,626,INTIMATE PARTNER - SIMPLE ASSAULT,0913 0400 0416 1814 2000 1309 1310,17,F,B,122,"VEHICLE, PASSENGER/TRUCK",400.0,"STRONG-ARM (HANDS, FIST, FEET OR BODILY FORCE)",IC,Invest Cont,626,,,SLAUSON                      AV,33.9891,-118.2915,2020.0,12.0,22.0,1.0,0.0,4.0,0,16,30,Afternoon
4107,200305472,01/25/2020 12:00:00 AM,01/25/2020 12:00:00 AM,1600,3,Southwest,337,1,330,BURGLARY FROM VEHICLE,344,67,M,H,101,STREET,,,IC,Invest Cont,330,,,3100    KENWOOD                      AV,34.0264,-118.2991,2020.0,1.0,25.0,5.0,0.0,1.0,1,16,0,Afternoon
4110,200914042,08/27/2020 12:00:00 AM,08/27/2020 12:00:00 AM,415,9,Van Nuys,914,1,510,VEHICLE - STOLEN,,0,Unknown,,101,STREET,,,IC,Invest Cont,510,,,BASSETT                      ST,34.1957,-118.4662,2020.0,8.0,27.0,3.0,0.0,3.0,0,4,15,Night
4111,200816887,11/25/2020 12:00:00 AM,11/25/2020 12:00:00 AM,1430,8,West LA,898,2,930,CRIMINAL THREATS - NO WEAPON DISPLAYED,421,52,M,B,502,"MULTI-UNIT DWELLING (APARTMENT, DUPLEX, ETC)",511.0,VERBAL THREAT,AO,Adult Other,930,,,3000 S  ROBERTSON                    BL,34.0328,-118.39,2020.0,11.0,25.0,2.0,0.0,4.0,0,14,30,Afternoon
4112,200310539,04/27/2020 12:00:00 AM,04/27/2020 12:00:00 AM,1245,3,Southwest,332,2,901,VIOLATION OF RESTRAINING ORDER,0913 1309 1814 2000 2038,35,F,H,101,STREET,,,AO,Adult Other,901,,,4100 W  JEFFERSON                    BL,34.0256,-118.3417,2020.0,4.0,27.0,0.0,0.0,2.0,0,12,45,Morning
4114,201215541,06/28/2020 12:00:00 AM,06/28/2020 12:00:00 AM,600,12,77th Street,1241,2,745,VANDALISM - MISDEAMEANOR ($399 OR UNDER),0329 0913,39,F,W,501,SINGLE FAMILY DWELLING,,,IC,Invest Cont,745,,,6000    BRYNHURST                    AV,33.9829,-118.3338,2020.0,6.0,28.0,6.0,0.0,2.0,1,6,0,Night
4115,200310444,04/25/2020 12:00:00 AM,04/25/2020 12:00:00 AM,1550,3,Southwest,357,1,440,THEFT PLAIN - PETTY ($950 & UNDER),1822 0344 1251 0394,28,M,I,502,"MULTI-UNIT DWELLING (APARTMENT, DUPLEX, ETC)",,,IC,Invest Cont,440,,,1100 W  37TH                         PL,34.02,-118.2915,2020.0,4.0,25.0,5.0,0.0,2.0,1,15,50,Afternoon
4116,201009303,05/23/2020 12:00:00 AM,05/22/2020 12:00:00 AM,2100,10,West Valley,1078,1,330,BURGLARY FROM VEHICLE,1822 1300 0344 0377,25,F,H,101,STREET,,,IC,Invest Cont,330,,,5100    RUBIO                        AV,34.1633,-118.4945,2020.0,5.0,22.0,4.0,0.0,2.0,0,21,0,Evening
4119,200818037,12/30/2020 12:00:00 AM,12/19/2020 12:00:00 AM,1430,8,West LA,806,1,440,THEFT PLAIN - PETTY ($950 & UNDER),1822 0394 0344 1309 1420,19,F,W,104,DRIVEWAY,,,IC,Invest Cont,440,,,900    STRADELLA                    RD,34.0857,-118.4517,2020.0,12.0,19.0,5.0,0.0,4.0,1,14,30,Afternoon
4124,200606622,02/21/2020 12:00:00 AM,02/21/2020 12:00:00 AM,215,6,Hollywood,666,2,624,BATTERY - SIMPLE ASSAULT,0400 0416 1218 2004 2060 0913,27,M,W,102,SIDEWALK,500.0,UNKNOWN WEAPON/OTHER WEAPON,IC,Invest Cont,624,,,DE LONGPRE,34.0962,-118.3288,2020.0,2.0,21.0,4.0,0.0,1.0,0,2,15,Night
4128,200210693,05/28/2020 12:00:00 AM,05/28/2020 12:00:00 AM,220,2,Rampart,233,2,626,INTIMATE PARTNER - SIMPLE ASSAULT,0913 2000 0444 0417 0429 1813 0400,26,F,H,502,"MULTI-UNIT DWELLING (APARTMENT, DUPLEX, ETC)",400.0,"STRONG-ARM (HANDS, FIST, FEET OR BODILY FORCE)",IC,Invest Cont,626,,,200 S  RAMPART                      BL,34.0685,-118.2775,2020.0,5.0,28.0,3.0,0.0,2.0,0,2,20,Night
4130,200813205,08/21/2020 12:00:00 AM,08/21/2020 12:00:00 AM,1700,8,West LA,839,1,320,"BURGLARY, ATTEMPTED",1607 1822,0,X,X,702,OFFICE BUILDING/OFFICE,500.0,UNKNOWN WEAPON/OTHER WEAPON,AA,Adult Arrest,320,,,1800    CENTURY PARK,34.0589,-118.4211,2020.0,8.0,21.0,4.0,0.0,3.0,0,17,0,Afternoon
4131,201116605,12/13/2020 12:00:00 AM,12/13/2020 12:00:00 AM,1600,11,Northeast,1113,1,440,THEFT PLAIN - PETTY ($950 & UNDER),344,51,M,O,406,OTHER STORE,,,IC,Invest Cont,440,,,2700    COLORADO                     BL,34.1425,-118.2239,2020.0,12.0,13.0,6.0,0.0,4.0,1,16,0,Afternoon
4133,200100708,03/23/2020 12:00:00 AM,03/23/2020 12:00:00 AM,1530,1,Central,111,2,624,BATTERY - SIMPLE ASSAULT,1420 0416 1822,36,F,H,210,RESTAURANT/FAST FOOD,400.0,"STRONG-ARM (HANDS, FIST, FEET OR BODILY FORCE)",IC,Invest Cont,624,,,700 W  CESAR E CHAVEZ               AV,34.0606,-118.2439,2020.0,3.0,23.0,0.0,0.0,1.0,0,15,30,Afternoon
4135,200618126,11/17/2020 12:00:00 AM,11/15/2020 12:00:00 AM,1900,6,Hollywood,638,2,946,OTHER MISCELLANEOUS CRIME,0329 0358 1300 1822,47,M,W,108,PARKING LOT,500.0,UNKNOWN WEAPON/OTHER WEAPON,IC,Invest Cont,946,,,1800 N  WILTON                       PL,34.104,-118.3137,2020.0,11.0,15.0,6.0,0.0,4.0,1,19,0,Evening
4137,201111399,07/13/2020 12:00:00 AM,07/13/2020 12:00:00 AM,830,11,Northeast,1162,2,740,"VANDALISM - FELONY ($400 & OVER, ALL CHURCH VANDALISMS)",0329 1822 2004,38,M,W,101,STREET,306.0,ROCK/THROWN OBJECT,IC,Invest Cont,740,,,1100 N  HOOVER                       ST,34.0912,-118.2844,2020.0,7.0,13.0,0.0,0.0,3.0,0,8,30,Morning
4138,200615940,09/27/2020 12:00:00 AM,09/26/2020 12:00:00 AM,2200,6,Hollywood,638,1,510,VEHICLE - STOLEN,,0,Unknown,,101,STREET,,,IC,Invest Cont,510,,,5500 W  HOLLYWOOD                    BL,34.1038,-118.3151,2020.0,9.0,26.0,5.0,0.0,3.0,1,22,0,Evening
4142,200618062,11/15/2020 12:00:00 AM,11/15/2020 12:00:00 AM,1720,6,Hollywood,656,1,250,"SHOTS FIRED AT MOVING VEHICLE, TRAIN OR AIRCRAFT",0450 0400 1300 1309 1310 1822 0399,29,M,W,101,STREET,102.0,HAND GUN,AO,Adult Other,250,,,SANTA MONICA,34.0907,-118.3289,2020.0,11.0,15.0,6.0,0.0,4.0,1,17,20,Afternoon
4143,200811281,06/29/2020 12:00:00 AM,06/29/2020 12:00:00 AM,2200,8,West LA,812,2,740,"VANDALISM - FELONY ($400 & OVER, ALL CHURCH VANDALISMS)",1307 0329 0561,81,M,O,501,SINGLE FAMILY DWELLING,,,AO,Adult Other,740,,,200    HOMEWOOD                     RD,34.0611,-118.4809,2020.0,6.0,29.0,0.0,0.0,2.0,0,22,0,Evening
4144,201008518,04/29/2020 12:00:00 AM,04/28/2020 12:00:00 AM,2340,10,West Valley,1065,1,761,BRANDISH WEAPON,0312 0359 1822 0334,35,M,O,108,PARKING LOT,102.0,HAND GUN,IC,Invest Cont,761,,,VENTURA                      BL,34.1639,-118.5228,2020.0,4.0,28.0,1.0,0.0,2.0,0,23,40,Evening
4146,201106023,02/14/2020 12:00:00 AM,02/14/2020 12:00:00 AM,1400,11,Northeast,1149,2,740,"VANDALISM - FELONY ($400 & OVER, ALL CHURCH VANDALISMS)",329,43,F,H,101,STREET,,,IC,Invest Cont,740,,,MEDIA,34.1067,-118.1934,2020.0,2.0,14.0,4.0,0.0,1.0,0,14,0,Afternoon
4147,201005853,02-12-2020 00:00,01/29/2020 12:00:00 AM,1500,10,West Valley,1027,1,420,THEFT FROM MOTOR VEHICLE - PETTY ($950 & UNDER),,0,Unknown,,108,PARKING LOT,,,IC,Invest Cont,420,,,17600    VANOWEN                      ST,34.1975,-118.5099,2020.0,1.0,29.0,2.0,0.0,1.0,0,15,0,Afternoon
4149,200704819,01/17/2020 12:00:00 AM,01/17/2020 12:00:00 AM,2008,7,Wilshire,763,2,624,BATTERY - SIMPLE ASSAULT,0416 0444,59,M,B,101,STREET,400.0,"STRONG-ARM (HANDS, FIST, FEET OR BODILY FORCE)",IC,Invest Cont,624,,,1500 S  ORANGE GROVE                 AV,34.0495,-118.366,2020.0,1.0,17.0,4.0,0.0,1.0,0,20,8,Evening
4151,200714140,09/21/2020 12:00:00 AM,09/21/2020 12:00:00 AM,2000,7,Wilshire,758,1,230,"ASSAULT WITH DEADLY WEAPON, AGGRAVATED ASSAULT",0445 0334 0431 0305 0913,28,F,A,501,SINGLE FAMILY DWELLING,200.0,KNIFE WITH BLADE 6INCHES OR LESS,IC,Invest Cont,230,,,1200    CRENSHAW                     BL,34.0519,-118.3306,2020.0,9.0,21.0,0.0,0.0,3.0,0,20,0,Evening
4154,200904753,01/17/2020 12:00:00 AM,01/16/2020 12:00:00 AM,2240,9,Van Nuys,969,1,330,BURGLARY FROM VEHICLE,0344 1302 1307,26,M,O,123,PARKING UNDERGROUND/BUILDING,500.0,UNKNOWN WEAPON/OTHER WEAPON,IC,Invest Cont,330,,,12900    RIVERSIDE                    DR,34.1576,-118.4138,2020.0,1.0,16.0,3.0,0.0,1.0,0,22,40,Evening
4156,201108421,04/16/2020 12:00:00 AM,04/15/2020 12:00:00 AM,1230,11,Northeast,1172,1,330,BURGLARY FROM VEHICLE,0344 1601 1202,67,M,A,101,STREET,,,IC,Invest Cont,330,,,1400 N  BENTON                       WY,34.0882,-118.2646,2020.0,4.0,15.0,2.0,0.0,2.0,0,12,30,Morning
4157,200413855,10/15/2020 12:00:00 AM,10/15/2020 12:00:00 AM,1205,4,Hollenbeck,499,1,761,BRANDISH WEAPON,0913 0334 1802,21,M,B,203,OTHER BUSINESS,218.0,OTHER CUTTING INSTRUMENT,AO,Adult Other,761,,,1400    LOS PALOS                    ST,34.0141,-118.195,2020.0,10.0,15.0,3.0,0.0,4.0,0,12,5,Morning
4158,200816949,11/28/2020 12:00:00 AM,11/28/2020 12:00:00 AM,110,8,West LA,849,2,624,BATTERY - SIMPLE ASSAULT,0913 1251 0444 0400 2003 0342,30,F,W,502,"MULTI-UNIT DWELLING (APARTMENT, DUPLEX, ETC)",400.0,"STRONG-ARM (HANDS, FIST, FEET OR BODILY FORCE)",AO,Adult Other,624,,,900 S  SHENANDOAH                   ST,34.0594,-118.3814,2020.0,11.0,28.0,5.0,0.0,4.0,1,1,10,Night
4161,200121509,11/24/2020 12:00:00 AM,11/24/2020 12:00:00 AM,1830,1,Central,163,2,624,BATTERY - SIMPLE ASSAULT,1822 0416 1202 1206 1268,60,F,B,101,STREET,400.0,"STRONG-ARM (HANDS, FIST, FEET OR BODILY FORCE)",IC,Invest Cont,624,,,MAIN                         ST,34.0438,-118.2547,2020.0,11.0,24.0,1.0,0.0,4.0,0,18,30,Afternoon
4162,200408846,05/14/2020 12:00:00 AM,05/14/2020 12:00:00 AM,1100,4,Hollenbeck,461,1,510,VEHICLE - STOLEN,,0,Unknown,,101,STREET,,,IC,Invest Cont,510,,,1400 E  3RD                          ST,34.0451,-118.2249,2020.0,5.0,14.0,3.0,0.0,2.0,0,11,0,Morning
4163,200314647,07/23/2020 12:00:00 AM,07/23/2020 12:00:00 AM,200,3,Southwest,397,2,627,CHILD ABUSE (PHYSICAL) - SIMPLE ASSAULT,0416 0419 1251 1258 0552,13,F,H,501,SINGLE FAMILY DWELLING,400.0,"STRONG-ARM (HANDS, FIST, FEET OR BODILY FORCE)",IC,Invest Cont,627,,,4200 S  KANSAS                       AV,34.0068,-118.2937,2020.0,7.0,23.0,3.0,0.0,3.0,0,2,0,Night
4166,200506388,02/25/2020 12:00:00 AM,02/24/2020 12:00:00 AM,1800,5,Harbor,541,2,662,"BUNCO, GRAND THEFT",0701 0344 0800 1202 0100,82,F,W,501,SINGLE FAMILY DWELLING,,,IC,Invest Cont,662,,,1400    BRETT                        PL,33.7562,-118.3065,2020.0,2.0,24.0,0.0,0.0,1.0,0,18,0,Afternoon
4169,200113924,06/25/2020 12:00:00 AM,06/25/2020 12:00:00 AM,1400,1,Central,118,1,510,VEHICLE - STOLEN,,0,Unknown,,101,STREET,,,AA,Adult Arrest,510,,,1000 N  MAIN                         ST,34.0627,-118.2341,2020.0,6.0,25.0,3.0,0.0,2.0,0,14,0,Afternoon
4173,200617280,10/27/2020 12:00:00 AM,10/24/2020 12:00:00 AM,1400,6,Hollywood,628,1,310,BURGLARY,1822 0344 1601 1606,25,F,B,502,"MULTI-UNIT DWELLING (APARTMENT, DUPLEX, ETC)",,,IC,Invest Cont,310,,,1900    CARMEN                       AV,34.1052,-118.3229,2020.0,10.0,24.0,5.0,0.0,4.0,1,14,0,Afternoon
4175,200500521,01/19/2020 12:00:00 AM,01/19/2020 12:00:00 AM,2100,5,Harbor,585,2,753,DISCHARGE FIREARMS/SHOTS FIRED,0329 1100 1407 1300,0,X,X,101,STREET,106.0,UNKNOWN FIREARM,IC,Invest Cont,753,998.0,,2000 S  ALMA                         ST,33.7261,-118.299,2020.0,1.0,19.0,6.0,0.0,1.0,1,21,0,Evening
4176,201216837,07/21/2020 12:00:00 AM,07/21/2020 12:00:00 AM,245,12,77th Street,1213,1,510,VEHICLE - STOLEN,,0,Unknown,,108,PARKING LOT,,,IC,Invest Cont,510,,,1900 W  SLAUSON                      AV,33.9921,-118.3108,2020.0,7.0,21.0,1.0,0.0,3.0,0,2,45,Night
4177,201209422,03/18/2020 12:00:00 AM,03/18/2020 12:00:00 AM,1500,12,77th Street,1233,2,626,INTIMATE PARTNER - SIMPLE ASSAULT,0913 0416 2000,43,F,B,101,STREET,400.0,"STRONG-ARM (HANDS, FIST, FEET OR BODILY FORCE)",IC,Invest Cont,626,,,1900 W  60TH                         ST,33.9852,-118.3115,2020.0,3.0,18.0,2.0,0.0,1.0,0,15,0,Afternoon
4178,200810789,06/18/2020 12:00:00 AM,06/18/2020 12:00:00 AM,2125,8,West LA,883,1,442,SHOPLIFTING - PETTY THEFT ($950 & UNDER),0325 0104 0344 1309 1420 0209,0,X,X,203,OTHER BUSINESS,,,IC,Invest Cont,442,,,11200 W  PICO                         BL,34.04,-118.4393,2020.0,6.0,18.0,3.0,0.0,2.0,0,21,25,Evening
4179,200209464,04/27/2020 12:00:00 AM,04/27/2020 12:00:00 AM,735,2,Rampart,205,2,626,INTIMATE PARTNER - SIMPLE ASSAULT,0913 2000 1813 0448 0416 0446 1218 2004,43,F,H,102,SIDEWALK,400.0,"STRONG-ARM (HANDS, FIST, FEET OR BODILY FORCE)",AO,Adult Other,626,,,SILVER LAKE,34.0804,-118.275,2020.0,4.0,27.0,0.0,0.0,2.0,0,7,35,Morning
4180,200816577,11/17/2020 12:00:00 AM,11/17/2020 12:00:00 AM,835,8,West LA,853,2,740,"VANDALISM - FELONY ($400 & OVER, ALL CHURCH VANDALISMS)",0329 1300,0,X,X,301,GAS STATION,,,IC,Invest Cont,740,,,11500    SANTA MONICA                 BL,34.0454,-118.4522,2020.0,11.0,17.0,1.0,0.0,4.0,0,8,35,Morning
4183,200318105,09/30/2020 12:00:00 AM,09/30/2020 12:00:00 AM,1000,3,Southwest,333,1,251,SHOTS FIRED AT INHABITED DWELLING,1100 1822 0216,35,F,W,501,SINGLE FAMILY DWELLING,103.0,RIFLE,IC,Invest Cont,251,,,3400    WELLINGTON                   RD,34.0251,-118.3384,2020.0,9.0,30.0,2.0,0.0,3.0,0,10,0,Morning
4185,200706701,02/27/2020 12:00:00 AM,02/27/2020 12:00:00 AM,100,7,Wilshire,705,1,440,THEFT PLAIN - PETTY ($950 & UNDER),344,19,M,O,203,OTHER BUSINESS,,,IC,Invest Cont,440,,,700 N  LA BREA                      AV,34.0846,-118.3464,2020.0,2.0,27.0,3.0,0.0,1.0,0,1,0,Night
4186,201004729,01/18/2020 12:00:00 AM,01/17/2020 12:00:00 AM,2200,10,West Valley,1017,1,330,BURGLARY FROM VEHICLE,0385 1609 1307 1300,40,F,H,101,STREET,,,IC,Invest Cont,330,,,7300    ANATOLA                      AV,34.2035,-118.5149,2020.0,1.0,17.0,4.0,0.0,1.0,0,22,0,Evening
4189,200219027,12/26/2020 12:00:00 AM,12/26/2020 12:00:00 AM,1845,2,Rampart,261,1,761,BRANDISH WEAPON,0334 1236 0104 1822 2002,38,M,O,202,LIQUOR STORE,201.0,KNIFE WITH BLADE OVER 6 INCHES IN LENGTH,IC,Invest Cont,761,,,2300    JAMES M WOOD                 BL,34.0567,-118.2815,2020.0,12.0,26.0,5.0,0.0,4.0,1,18,45,Afternoon
4193,201115165,10/28/2020 12:00:00 AM,10/27/2020 12:00:00 AM,2300,11,Northeast,1115,1,761,BRANDISH WEAPON,0906 0334 0421 0302 1822,31,F,H,108,PARKING LOT,102.0,HAND GUN,IC,Invest Cont,761,,,1700    COLORADO                     BL,34.1393,-118.2041,2020.0,10.0,27.0,1.0,0.0,4.0,0,23,0,Evening
4194,200816882,11/25/2020 12:00:00 AM,11/23/2020 12:00:00 AM,1000,8,West LA,841,1,331,THEFT FROM MOTOR VEHICLE - GRAND ($950.01 AND OVER),0321 0344 1606 1822 0352 1420 0354,32,M,W,502,"MULTI-UNIT DWELLING (APARTMENT, DUPLEX, ETC)",,,IC,Invest Cont,331,,,1300    CENTINELA                    AV,34.039,-118.4682,2020.0,11.0,23.0,0.0,0.0,4.0,0,10,0,Morning
4196,200111037,04/27/2020 12:00:00 AM,04/27/2020 12:00:00 AM,1045,1,Central,118,2,956,"LETTERS, LEWD  -  TELEPHONE CALLS, LEWD",1501,0,X,X,203,OTHER BUSINESS,,,AO,Adult Other,956,,,1400 N  SPRING                       ST,34.0666,-118.2328,2020.0,4.0,27.0,0.0,0.0,2.0,0,10,45,Morning
4197,201106245,02/20/2020 12:00:00 AM,02/17/2020 12:00:00 AM,1500,11,Northeast,1138,1,330,BURGLARY FROM VEHICLE,344,56,M,B,101,STREET,,,IC,Invest Cont,330,,,LAMONT                       DR,34.1161,-118.188,2020.0,2.0,17.0,0.0,0.0,1.0,0,15,0,Afternoon
4198,201109809,05/27/2020 12:00:00 AM,05/26/2020 12:00:00 AM,1450,11,Northeast,1176,2,624,BATTERY - SIMPLE ASSAULT,0400 0416 0913,39,M,B,501,SINGLE FAMILY DWELLING,500.0,UNKNOWN WEAPON/OTHER WEAPON,AO,Adult Other,624,,,2200    ELMGROVE                     ST,34.0863,-118.2318,2020.0,5.0,26.0,1.0,0.0,2.0,0,14,50,Afternoon
4200,200213146,07/29/2020 12:00:00 AM,07/29/2020 12:00:00 AM,2040,2,Rampart,239,2,946,OTHER MISCELLANEOUS CRIME,1300 1822 1227,25,M,H,101,STREET,,,IC,Invest Cont,946,,,BIXEL                        ST,34.0606,-118.2568,2020.0,7.0,29.0,2.0,0.0,3.0,0,20,40,Evening
4201,200208300,03/28/2020 12:00:00 AM,03/27/2020 12:00:00 AM,2200,2,Rampart,261,1,510,VEHICLE - STOLEN,,0,Unknown,,101,STREET,,,IC,Invest Cont,510,,,700 S  RAMPART                      BL,34.0594,-118.2832,2020.0,3.0,27.0,4.0,0.0,1.0,0,22,0,Evening
4203,200917680,11/25/2020 12:00:00 AM,11/25/2020 12:00:00 AM,400,9,Van Nuys,964,1,310,BURGLARY,1402 1501,55,F,W,502,"MULTI-UNIT DWELLING (APARTMENT, DUPLEX, ETC)",,,IC,Invest Cont,310,998.0,,4900    TYRONE                       AV,34.1594,-118.4444,2020.0,11.0,25.0,2.0,0.0,4.0,0,4,0,Night
4206,201014504,10/27/2020 12:00:00 AM,10/25/2020 12:00:00 AM,1730,10,West Valley,1063,1,330,BURGLARY FROM VEHICLE,0344 1822 1300 0321 0352,35,F,O,101,STREET,,,IC,Invest Cont,330,,,CLARK,34.1716,-118.5407,2020.0,10.0,25.0,6.0,0.0,4.0,1,17,30,Afternoon
4207,200306602,02/13/2020 12:00:00 AM,02/13/2020 12:00:00 AM,1415,3,Southwest,395,1,236,INTIMATE PARTNER - AGGRAVATED ASSAULT,2000 0431 0448 1814 0400 0381 0913,24,M,B,501,SINGLE FAMILY DWELLING,400.0,"STRONG-ARM (HANDS, FIST, FEET OR BODILY FORCE)",AO,Adult Other,236,,,1800 W  41ST                         ST,34.0099,-118.3113,2020.0,2.0,13.0,3.0,0.0,1.0,0,14,15,Afternoon
4211,200508637,04/23/2020 12:00:00 AM,04/23/2020 12:00:00 AM,1100,5,Harbor,525,2,626,INTIMATE PARTNER - SIMPLE ASSAULT,0448 0913 1813 2000 0432 1814 1309,40,F,W,502,"MULTI-UNIT DWELLING (APARTMENT, DUPLEX, ETC)",400.0,"STRONG-ARM (HANDS, FIST, FEET OR BODILY FORCE)",AO,Adult Other,626,,,300 W  D                            ST,33.7741,-118.2646,2020.0,4.0,23.0,3.0,0.0,2.0,0,11,0,Morning
4213,201004911,01/22/2020 12:00:00 AM,01/22/2020 12:00:00 AM,930,10,West Valley,1018,1,330,BURGLARY FROM VEHICLE,0344 1609,49,M,O,108,PARKING LOT,,,IC,Invest Cont,330,,,15800    STRATHERN                    ST,34.2157,-118.4772,2020.0,1.0,22.0,2.0,0.0,1.0,0,9,30,Morning
4215,200812669,07/19/2020 12:00:00 AM,07/17/2020 12:00:00 AM,2230,8,West LA,809,1,330,BURGLARY FROM VEHICLE,0344 0346,38,F,W,109,PARK/PLAYGROUND,,,IC,Invest Cont,330,,,2700    COLDWATER CANYON             DR,34.1206,-118.4016,2020.0,7.0,17.0,4.0,0.0,3.0,0,22,30,Evening
4216,200115174,07/22/2020 12:00:00 AM,07/21/2020 12:00:00 AM,555,1,Central,111,2,740,"VANDALISM - FELONY ($400 & OVER, ALL CHURCH VANDALISMS)",0329 1307 2003 0910,68,M,B,122,"VEHICLE, PASSENGER/TRUCK",,,IC,Invest Cont,740,,,FIGUEROA,34.0627,-118.2463,2020.0,7.0,21.0,1.0,0.0,3.0,0,5,55,Night
4217,200713182,08/26/2020 12:00:00 AM,08/25/2020 12:00:00 AM,2200,7,Wilshire,755,1,420,THEFT FROM MOTOR VEHICLE - PETTY ($950 & UNDER),,0,Unknown,,101,STREET,,,IC,Invest Cont,420,,,PICO                         BL,34.0482,-118.3515,2020.0,8.0,25.0,1.0,0.0,3.0,0,22,0,Evening
4219,200105205,01/18/2020 12:00:00 AM,01/17/2020 12:00:00 AM,1900,1,Central,162,1,330,BURGLARY FROM VEHICLE,1609 0344 1307 1822 0329,25,M,A,108,PARKING LOT,,,IC,Invest Cont,330,,,800 S  HILL                         ST,34.0462,-118.2585,2020.0,1.0,17.0,4.0,0.0,1.0,0,19,0,Evening
4221,200605208,01/27/2020 12:00:00 AM,01/27/2020 12:00:00 AM,1200,6,Hollywood,648,2,900,VIOLATION OF COURT ORDER,0913 2038 0561,54,F,O,502,"MULTI-UNIT DWELLING (APARTMENT, DUPLEX, ETC)",,,IC,Invest Cont,900,,,5600    HAROLD                       WY,34.0993,-118.3114,2020.0,1.0,27.0,0.0,0.0,1.0,0,12,0,Morning
4222,200907755,03/23/2020 12:00:00 AM,03/23/2020 12:00:00 AM,725,9,Van Nuys,971,2,354,THEFT OF IDENTITY,0930 1822,36,F,O,501,SINGLE FAMILY DWELLING,,,IC,Invest Cont,354,,,4600    BURNET                       AV,34.1543,-118.4628,2020.0,3.0,23.0,0.0,0.0,1.0,0,7,25,Morning
4223,201013330,09/22/2020 12:00:00 AM,09/22/2020 12:00:00 AM,1600,10,West Valley,1041,1,331,THEFT FROM MOTOR VEHICLE - GRAND ($950.01 AND OVER),1822 0344 1606 1420 1414,36,M,W,104,DRIVEWAY,,,AA,Adult Arrest,331,,,5700    AURA                         AV,34.1748,-118.5542,2020.0,9.0,22.0,1.0,0.0,3.0,0,16,0,Afternoon
4224,201213598,05/26/2020 12:00:00 AM,05/23/2020 12:00:00 AM,1030,12,77th Street,1245,1,648,ARSON,1309 0432 0913,67,M,O,202,LIQUOR STORE,511.0,VERBAL THREAT,IC,Invest Cont,648,,,6700 S  NORMANDIE                    AV,33.9785,-118.3003,2020.0,5.0,23.0,5.0,0.0,2.0,1,10,30,Morning
4225,200217988,11/30/2020 12:00:00 AM,11/29/2020 12:00:00 AM,1800,2,Rampart,235,1,510,VEHICLE - STOLEN,,0,Unknown,,108,PARKING LOT,,,IC,Invest Cont,510,,,2200 W  COURT                        ST,34.0697,-118.2697,2020.0,11.0,29.0,6.0,0.0,4.0,1,18,0,Afternoon
4226,201205941,01/28/2020 12:00:00 AM,01/28/2020 12:00:00 AM,145,12,77th Street,1249,2,624,BATTERY - SIMPLE ASSAULT,2021 1822 1309 0603 0319 0416 0446,55,M,H,101,STREET,400.0,"STRONG-ARM (HANDS, FIST, FEET OR BODILY FORCE)",IC,Invest Cont,624,,,6600 S  FIGUEROA                     ST,33.9797,-118.2827,2020.0,1.0,28.0,1.0,0.0,1.0,0,1,45,Night
4227,200206823,02/25/2020 12:00:00 AM,02/25/2020 12:00:00 AM,1030,2,Rampart,204,2,624,BATTERY - SIMPLE ASSAULT,0416 0554 0305 0448 0408 0429,30,M,H,501,SINGLE FAMILY DWELLING,400.0,"STRONG-ARM (HANDS, FIST, FEET OR BODILY FORCE)",AO,Adult Other,624,,,800    HYPERION                     AV,34.0858,-118.2837,2020.0,2.0,25.0,1.0,0.0,1.0,0,10,30,Morning
4229,200414434,10/29/2020 12:00:00 AM,09/15/2020 12:00:00 AM,1115,4,Hollenbeck,471,1,331,THEFT FROM MOTOR VEHICLE - GRAND ($950.01 AND OVER),344,0,M,X,108,PARKING LOT,,,IC,Invest Cont,331,,,2200 E  7TH                          ST,34.0347,-118.2253,2020.0,9.0,15.0,1.0,0.0,3.0,0,11,15,Morning
4231,200406924,03/15/2020 12:00:00 AM,03/15/2020 12:00:00 AM,200,4,Hollenbeck,467,2,624,BATTERY - SIMPLE ASSAULT,0400 0419 0913,37,F,H,504,OTHER RESIDENCE,400.0,"STRONG-ARM (HANDS, FIST, FEET OR BODILY FORCE)",AO,Adult Other,624,,,400    CAMULOS                      ST,34.0382,-118.2064,2020.0,3.0,15.0,6.0,0.0,1.0,1,2,0,Night
4232,200912661,07/23/2020 12:00:00 AM,07/22/2020 12:00:00 AM,2135,9,Van Nuys,914,2,624,BATTERY - SIMPLE ASSAULT,408,41,F,H,701,HOSPITAL,400.0,"STRONG-ARM (HANDS, FIST, FEET OR BODILY FORCE)",IC,Invest Cont,624,,,15100    VANOWEN                      ST,34.1976,-118.4574,2020.0,7.0,22.0,2.0,0.0,3.0,0,21,35,Evening
4234,201008064,04/15/2020 12:00:00 AM,04/15/2020 12:00:00 AM,915,10,West Valley,1049,2,956,"LETTERS, LEWD  -  TELEPHONE CALLS, LEWD",1906 1822 1402,0,M,W,108,PARKING LOT,,,IC,Invest Cont,956,998.0,,6300    WOODLEY                      AV,34.1852,-118.4837,2020.0,4.0,15.0,2.0,0.0,2.0,0,9,15,Morning
4235,200404949,01/25/2020 12:00:00 AM,01/24/2020 12:00:00 AM,2130,4,Hollenbeck,471,1,310,BURGLARY,1609 0344 0321 0207 1822,0,X,X,254,STUDIO (FILM/PHOTOGRAPHIC/MUSIC),,,IC,Invest Cont,310,,,500 S  CLARENCE                     ST,34.0409,-118.2234,2020.0,1.0,24.0,4.0,0.0,1.0,0,21,30,Evening
4236,200515573,10/20/2020 12:00:00 AM,10/20/2020 12:00:00 AM,1630,5,Harbor,557,2,624,BATTERY - SIMPLE ASSAULT,0432 0444 0448 0913 2003,59,F,H,502,"MULTI-UNIT DWELLING (APARTMENT, DUPLEX, ETC)",400.0,"STRONG-ARM (HANDS, FIST, FEET OR BODILY FORCE)",AO,Adult Other,624,,,600 W  4TH                          ST,33.7406,-118.2906,2020.0,10.0,20.0,1.0,0.0,4.0,0,16,30,Afternoon
4237,200322131,12/22/2020 12:00:00 AM,12/22/2020 12:00:00 AM,2230,3,Southwest,326,1,230,"ASSAULT WITH DEADLY WEAPON, AGGRAVATED ASSAULT",0334 1822 1402 0445 0329 1300,35,M,H,122,"VEHICLE, PASSENGER/TRUCK",308.0,STICK,AO,Adult Other,230,,,RAYMOND                      AV,34.0309,-118.298,2020.0,12.0,22.0,1.0,0.0,4.0,0,22,30,Evening
4240,200117897,09/14/2020 12:00:00 AM,09/13/2020 12:00:00 AM,1554,1,Central,185,1,330,BURGLARY FROM VEHICLE,1609 0344 1307 0329 1822,29,F,B,108,PARKING LOT,,,IC,Invest Cont,330,,,900 S  BROADWAY,34.0419,-118.2564,2020.0,9.0,13.0,6.0,0.0,3.0,1,15,54,Afternoon
4241,200309072,03/26/2020 12:00:00 AM,03/24/2020 12:00:00 AM,400,3,Southwest,377,2,740,"VANDALISM - FELONY ($400 & OVER, ALL CHURCH VANDALISMS)",0329 1300,31,F,B,122,"VEHICLE, PASSENGER/TRUCK",,,IC,Invest Cont,740,,,1200 W  39TH                         ST,34.0155,-118.2975,2020.0,3.0,24.0,1.0,0.0,1.0,0,4,0,Night
4243,201205482,01/22/2020 12:00:00 AM,01/22/2020 12:00:00 AM,1900,12,77th Street,1259,1,230,"ASSAULT WITH DEADLY WEAPON, AGGRAVATED ASSAULT",1402 0913 1309 1310 1203 0302,43,M,H,101,STREET,102.0,HAND GUN,AO,Adult Other,230,,,900 E  74TH                         ST,33.973,-118.2586,2020.0,1.0,22.0,2.0,0.0,1.0,0,19,0,Evening
4247,200305352,01/20/2020 12:00:00 AM,01/19/2020 12:00:00 AM,5,3,Southwest,373,1,330,BURGLARY FROM VEHICLE,1202 1601 0344 1300,67,F,B,502,"MULTI-UNIT DWELLING (APARTMENT, DUPLEX, ETC)",,,IC,Invest Cont,330,,,3800 S  BRONSON                      AV,34.0172,-118.334,2020.0,1.0,19.0,6.0,0.0,1.0,1,0,5,Night
4248,200916422,10/25/2020 12:00:00 AM,10/25/2020 12:00:00 AM,130,9,Van Nuys,981,1,510,VEHICLE - STOLEN,,0,Unknown,,123,PARKING UNDERGROUND/BUILDING,,,IC,Invest Cont,510,,,4300 N  SEPULVEDA                    BL,34.1537,-118.4662,2020.0,10.0,25.0,6.0,0.0,4.0,1,1,30,Night
4252,201216576,07/15/2020 12:00:00 AM,07/15/2020 12:00:00 AM,2055,12,77th Street,1243,2,930,CRIMINAL THREATS - NO WEAPON DISPLAYED,0913 0421 1817,34,F,H,501,SINGLE FAMILY DWELLING,511.0,VERBAL THREAT,IC,Invest Cont,930,,,1600 W  62ND                         ST,33.9832,-118.3068,2020.0,7.0,15.0,2.0,0.0,3.0,0,20,55,Evening
4253,201105208,01/28/2020 12:00:00 AM,01/28/2020 12:00:00 AM,530,11,Northeast,1199,1,510,VEHICLE - STOLEN,,0,Unknown,,101,STREET,,,IC,Invest Cont,510,,,700    SOLANO                       AV,34.0768,-118.2333,2020.0,1.0,28.0,1.0,0.0,1.0,0,5,30,Night
4255,201211125,04/17/2020 12:00:00 AM,04/17/2020 12:00:00 AM,620,12,77th Street,1259,2,745,VANDALISM - MISDEAMEANOR ($399 OR UNDER),0329 1202,70,M,H,501,SINGLE FAMILY DWELLING,,,IC,Invest Cont,745,,,900 E  76TH                         ST,33.9712,-118.2586,2020.0,4.0,17.0,4.0,0.0,2.0,0,6,20,Night
4257,200710422,06/13/2020 12:00:00 AM,06/13/2020 12:00:00 AM,1600,7,Wilshire,749,1,230,"ASSAULT WITH DEADLY WEAPON, AGGRAVATED ASSAULT",1822 1309 0444,35,M,H,101,STREET,307.0,VEHICLE,AA,Adult Arrest,230,,,LUCERNE,34.0564,-118.3273,2020.0,6.0,13.0,5.0,0.0,2.0,1,16,0,Afternoon
4262,200712864,08/17/2020 12:00:00 AM,08/17/2020 12:00:00 AM,2250,7,Wilshire,752,1,310,BURGLARY,2004 1402 1414 0344 0342 0321,0,M,O,203,OTHER BUSINESS,,,AO,Adult Other,310,998.0,,5800 W  PICO                         BL,34.0558,-118.3706,2020.0,8.0,17.0,0.0,0.0,3.0,0,22,50,Evening
4263,201225264,11/26/2020 12:00:00 AM,11/26/2020 12:00:00 AM,919,12,77th Street,1258,2,437,RESISTING ARREST,1309,0,X,X,101,STREET,307.0,VEHICLE,AA,Adult Arrest,437,,,75TH                         ST,33.9721,-118.2739,2020.0,11.0,26.0,3.0,0.0,4.0,0,9,19,Morning
4264,200807919,04-01-2020 00:00,03/29/2020 12:00:00 AM,2100,8,West LA,822,2,930,CRIMINAL THREATS - NO WEAPON DISPLAYED,2040,65,M,W,501,SINGLE FAMILY DWELLING,511.0,VERBAL THREAT,IC,Invest Cont,930,,,17000 W  SUNSET                       BL,34.0416,-118.5496,2020.0,3.0,29.0,6.0,0.0,1.0,1,21,0,Evening
4265,200606634,02/22/2020 12:00:00 AM,02/16/2020 12:00:00 AM,1000,6,Hollywood,636,1,420,THEFT FROM MOTOR VEHICLE - PETTY ($950 & UNDER),,0,Unknown,,101,STREET,,,IC,Invest Cont,420,,,1700 N  HIGHLAND                     AV,34.1016,-118.3387,2020.0,2.0,16.0,6.0,0.0,1.0,1,10,0,Morning
4266,200516914,11/20/2020 12:00:00 AM,11/18/2020 12:00:00 AM,1839,5,Harbor,519,1,230,"ASSAULT WITH DEADLY WEAPON, AGGRAVATED ASSAULT",1313 0334 0309 0913 0360 0302 1100 0450,63,M,H,101,STREET,102.0,HAND GUN,AA,Adult Arrest,230,,,1000 E  SANDISON                     ST,33.7941,-118.2505,2020.0,11.0,18.0,2.0,0.0,4.0,0,18,39,Afternoon
4267,200111758,05/15/2020 12:00:00 AM,05/14/2020 12:00:00 AM,1040,1,Central,192,2,740,"VANDALISM - FELONY ($400 & OVER, ALL CHURCH VANDALISMS)",329,25,M,B,701,HOSPITAL,,,AA,Adult Arrest,740,,,1300 S  HOPE                         ST,34.0395,-118.2656,2020.0,5.0,14.0,3.0,0.0,2.0,0,10,40,Morning
4268,200619877,12/31/2020 12:00:00 AM,12/31/2020 12:00:00 AM,2340,6,Hollywood,647,1,761,BRANDISH WEAPON,0334 1822 1501,65,M,W,102,SIDEWALK,212.0,BOTTLE,IC,Invest Cont,761,,,1500    VINE                         ST,34.098,-118.3266,2020.0,12.0,31.0,3.0,0.0,4.0,0,23,40,Evening
4269,200408239,04/26/2020 12:00:00 AM,04/26/2020 12:00:00 AM,2000,4,Hollenbeck,402,2,888,TRESPASSING,1309,0,M,W,510,NURSING/CONVALESCENT/RETIREMENT HOME,,,IC,Invest Cont,888,,,4500    GRIFFIN                      AV,34.0945,-118.2024,2020.0,4.0,26.0,6.0,0.0,2.0,1,20,0,Evening
4274,200508554,04/21/2020 12:00:00 AM,04/21/2020 12:00:00 AM,1220,5,Harbor,529,2,647,THROWING OBJECT AT MOVING VEHICLE,0329 1300 1310 1817,51,F,W,122,"VEHICLE, PASSENGER/TRUCK",309.0,BOARD,IC,Invest Cont,647,745.0,,BROAD,33.7757,-118.2608,2020.0,4.0,21.0,1.0,0.0,2.0,0,12,20,Morning
4275,200208375,03/30/2020 12:00:00 AM,03/30/2020 12:00:00 AM,1250,2,Rampart,201,2,930,CRIMINAL THREATS - NO WEAPON DISPLAYED,0202 1822 0601 1236 2028 0432 0421 2004,47,M,O,301,GAS STATION,511.0,VERBAL THREAT,IC,Invest Cont,930,,,4500    MELROSE                      AV,34.0873,-118.296,2020.0,3.0,30.0,0.0,0.0,1.0,0,12,50,Morning
4283,200509440,05/14/2020 12:00:00 AM,05/14/2020 12:00:00 AM,1530,5,Harbor,531,2,740,"VANDALISM - FELONY ($400 & OVER, ALL CHURCH VANDALISMS)",1300 0329 1202,72,F,W,122,"VEHICLE, PASSENGER/TRUCK",,,IC,Invest Cont,740,,,1600 W  259TH                        PL,33.7875,-118.3043,2020.0,5.0,14.0,3.0,0.0,2.0,0,15,30,Afternoon
4284,200612772,07/19/2020 12:00:00 AM,07/19/2020 12:00:00 AM,355,6,Hollywood,645,2,956,"LETTERS, LEWD  -  TELEPHONE CALLS, LEWD",1906 1814 0913,44,F,W,502,"MULTI-UNIT DWELLING (APARTMENT, DUPLEX, ETC)",,,IC,Invest Cont,956,,,7000    FRANKLIN                     AV,34.1041,-118.3427,2020.0,7.0,19.0,6.0,0.0,3.0,1,3,55,Night
4285,200115433,07/27/2020 12:00:00 AM,07/25/2020 12:00:00 AM,1910,1,Central,127,2,740,"VANDALISM - FELONY ($400 & OVER, ALL CHURCH VANDALISMS)",329,0,M,W,725,"GOVERNMENT FACILITY (FEDERAL,STATE, COUNTY & CITY)",,,IC,Invest Cont,740,,,500 N  ALAMEDA                      ST,34.0527,-118.2398,2020.0,7.0,25.0,5.0,0.0,3.0,1,19,10,Evening
4286,200608252,03/21/2020 12:00:00 AM,03/21/2020 12:00:00 AM,2124,6,Hollywood,667,1,230,"ASSAULT WITH DEADLY WEAPON, AGGRAVATED ASSAULT",1822 0342 1402 0400 0416,34,M,W,502,"MULTI-UNIT DWELLING (APARTMENT, DUPLEX, ETC)",303.0,BRASS KNUCKLES,AO,Adult Other,230,990.0,998.0,5900    LEXINGTON                    AV,34.0926,-118.3179,2020.0,3.0,21.0,5.0,0.0,1.0,1,21,24,Evening
4287,200707635,03/20/2020 12:00:00 AM,03/20/2020 12:00:00 AM,1220,7,Wilshire,775,2,626,INTIMATE PARTNER - SIMPLE ASSAULT,0400 2000,46,F,H,501,SINGLE FAMILY DWELLING,400.0,"STRONG-ARM (HANDS, FIST, FEET OR BODILY FORCE)",IC,Invest Cont,626,,,4600    SATURN                       ST,34.0432,-118.3385,2020.0,3.0,20.0,4.0,0.0,1.0,0,12,20,Morning
4289,200113187,06-10-2020 00:00,05/30/2020 12:00:00 AM,220,1,Central,162,1,310,BURGLARY,1609 0344 1822,0,M,W,403,DRUG STORE,,,IC,Invest Cont,310,,,600 W  7TH                          ST,34.0473,-118.2566,2020.0,5.0,30.0,5.0,0.0,2.0,1,2,20,Night
4290,200813356,08/26/2020 12:00:00 AM,08/26/2020 12:00:00 AM,1300,8,West LA,842,1,510,VEHICLE - STOLEN,,0,Unknown,,108,PARKING LOT,,,IC,Invest Cont,510,,,WESTGATE                     AV,34.0425,-118.4593,2020.0,8.0,26.0,2.0,0.0,3.0,0,13,0,Afternoon
4291,201215497,06/26/2020 12:00:00 AM,06/25/2020 12:00:00 AM,1140,12,77th Street,1265,1,331,THEFT FROM MOTOR VEHICLE - GRAND ($950.01 AND OVER),1822 0344 0385,30,F,B,707,GARAGE/CARPORT,,,IC,Invest Cont,331,,,7900 S  VERMONT                      AV,33.9641,-118.2919,2020.0,6.0,25.0,3.0,0.0,2.0,0,11,40,Morning
4292,200810037,05/29/2020 12:00:00 AM,05/19/2020 12:00:00 AM,2300,8,West LA,802,1,510,VEHICLE - STOLEN,,0,Unknown,,101,STREET,,,IC,Invest Cont,510,,,15300    BESTOR                       BL,34.0512,-118.5251,2020.0,5.0,19.0,1.0,0.0,2.0,0,23,0,Evening
4293,200610685,05/27/2020 12:00:00 AM,05/26/2020 12:00:00 AM,2030,6,Hollywood,632,2,626,INTIMATE PARTNER - SIMPLE ASSAULT,0400 0416 0448 0913 1414 1202 2000,71,F,W,501,SINGLE FAMILY DWELLING,400.0,"STRONG-ARM (HANDS, FIST, FEET OR BODILY FORCE)",IC,Invest Cont,626,,,8500    LOOKOUT MOUNTAIN             AV,34.1142,-118.3791,2020.0,5.0,26.0,1.0,0.0,2.0,0,20,30,Evening
4297,200414301,10/26/2020 12:00:00 AM,10/26/2020 12:00:00 AM,400,4,Hollenbeck,428,1,510,VEHICLE - STOLEN,,0,Unknown,,101,STREET,,,IC,Invest Cont,510,,,5200    TEMPLETON                    ST,34.0848,-118.17,2020.0,10.0,26.0,0.0,0.0,4.0,0,4,0,Night
4301,200615657,09/18/2020 12:00:00 AM,09/18/2020 12:00:00 AM,2130,6,Hollywood,626,2,626,INTIMATE PARTNER - SIMPLE ASSAULT,0913 2000 1813 1814 0400 0401,50,M,B,122,"VEHICLE, PASSENGER/TRUCK",400.0,"STRONG-ARM (HANDS, FIST, FEET OR BODILY FORCE)",IC,Invest Cont,626,,,6300    QUEBEC                       DR,34.1133,-118.3256,2020.0,9.0,18.0,4.0,0.0,3.0,0,21,30,Evening
4303,201013253,09/20/2020 12:00:00 AM,09/20/2020 12:00:00 AM,1200,10,West Valley,1001,1,230,"ASSAULT WITH DEADLY WEAPON, AGGRAVATED ASSAULT",0913 1817 0416 1218 0408,70,M,H,108,PARKING LOT,400.0,"STRONG-ARM (HANDS, FIST, FEET OR BODILY FORCE)",AO,Adult Other,230,,,19200    SATICOY                      ST,34.2143,-118.5534,2020.0,9.0,20.0,6.0,0.0,3.0,1,12,0,Morning
4304,200112408,05/30/2020 12:00:00 AM,05/29/2020 12:00:00 AM,2020,1,Central,174,2,740,"VANDALISM - FELONY ($400 & OVER, ALL CHURCH VANDALISMS)",0329 1300 1212,0,X,X,101,STREET,,,IC,Invest Cont,740,,,MAIN                         ST,34.0428,-118.2532,2020.0,5.0,29.0,4.0,0.0,2.0,0,20,20,Evening
4305,201109777,05/26/2020 12:00:00 AM,05/26/2020 12:00:00 AM,610,11,Northeast,1134,1,331,THEFT FROM MOTOR VEHICLE - GRAND ($950.01 AND OVER),0344 1606,55,F,H,301,GAS STATION,,,IC,Invest Cont,331,,,2100 N  SAN FERNANDO                 RD,34.1023,-118.2371,2020.0,5.0,26.0,1.0,0.0,2.0,0,6,10,Night
4307,200616947,10/20/2020 12:00:00 AM,10/19/2020 12:00:00 AM,1800,6,Hollywood,635,1,330,BURGLARY FROM VEHICLE,0344 1822 1300 1605,35,M,W,101,STREET,,,IC,Invest Cont,330,,,1900    WHITLEY                      AV,34.1052,-118.3333,2020.0,10.0,19.0,0.0,0.0,4.0,0,18,0,Afternoon
4308,200206441,02/19/2020 12:00:00 AM,02/19/2020 12:00:00 AM,930,2,Rampart,251,2,626,INTIMATE PARTNER - SIMPLE ASSAULT,0329 1259 2024 1814 2000 0448 0913,17,F,H,721,HIGH SCHOOL,400.0,"STRONG-ARM (HANDS, FIST, FEET OR BODILY FORCE)",IC,Invest Cont,626,,,600 S  LA FAYETTE PARK              PL,34.0629,-118.2823,2020.0,2.0,19.0,2.0,0.0,1.0,0,9,30,Morning
4309,200212606,07/16/2020 12:00:00 AM,07/16/2020 12:00:00 AM,200,2,Rampart,256,1,230,"ASSAULT WITH DEADLY WEAPON, AGGRAVATED ASSAULT",1822 0411 0334 0432 2047 0340,46,M,H,108,PARKING LOT,200.0,KNIFE WITH BLADE 6INCHES OR LESS,IC,Invest Cont,230,,,1600    WILSHIRE                     BL,34.0554,-118.2702,2020.0,7.0,16.0,3.0,0.0,3.0,0,2,0,Night
4310,201214677,06/14/2020 12:00:00 AM,06/14/2020 12:00:00 AM,233,12,77th Street,1265,1,420,THEFT FROM MOTOR VEHICLE - PETTY ($950 & UNDER),0344 1606,51,M,B,104,DRIVEWAY,,,IC,Invest Cont,420,,,1500 W  85TH                         ST,33.961,-118.3025,2020.0,6.0,14.0,6.0,0.0,2.0,1,2,33,Night
4311,201216957,07/22/2020 12:00:00 AM,07/22/2020 12:00:00 AM,700,12,77th Street,1218,2,624,BATTERY - SIMPLE ASSAULT,0400 0416 0913,44,F,H,501,SINGLE FAMILY DWELLING,400.0,"STRONG-ARM (HANDS, FIST, FEET OR BODILY FORCE)",IC,Invest Cont,624,,,500 W  55TH                         ST,33.9923,-118.2871,2020.0,7.0,22.0,2.0,0.0,3.0,0,7,0,Morning
4312,200505444,02-04-2020 00:00,01/30/2020 12:00:00 AM,530,5,Harbor,589,2,626,INTIMATE PARTNER - SIMPLE ASSAULT,1309 2000 1813 0429 0913,66,F,H,502,"MULTI-UNIT DWELLING (APARTMENT, DUPLEX, ETC)",400.0,"STRONG-ARM (HANDS, FIST, FEET OR BODILY FORCE)",AO,Adult Other,626,,,400 W  39TH                         ST,33.7087,-118.2863,2020.0,1.0,30.0,3.0,0.0,1.0,0,5,30,Night
4316,201112618,08/18/2020 12:00:00 AM,08/15/2020 12:00:00 AM,900,11,Northeast,1132,1,510,VEHICLE - STOLEN,,0,Unknown,,101,STREET,,,IC,Invest Cont,510,,,ROKEBY                       ST,34.1084,-118.2639,2020.0,8.0,15.0,5.0,0.0,3.0,1,9,0,Morning
4317,201014189,10/18/2020 12:00:00 AM,10/18/2020 12:00:00 AM,1615,10,West Valley,1023,1,331,THEFT FROM MOTOR VEHICLE - GRAND ($950.01 AND OVER),0344 0385 1822,31,M,A,108,PARKING LOT,,,IC,Invest Cont,331,,,6500    WILBUR                       AV,34.1887,-118.5447,2020.0,10.0,18.0,6.0,0.0,4.0,1,16,15,Afternoon
4318,201217361,07/28/2020 12:00:00 AM,07/27/2020 12:00:00 AM,1800,12,77th Street,1242,2,740,"VANDALISM - FELONY ($400 & OVER, ALL CHURCH VANDALISMS)",1822 0329 1307,51,F,B,122,"VEHICLE, PASSENGER/TRUCK",,,IC,Invest Cont,740,,,2800    HYDE PARK                    BL,33.9809,-118.3243,2020.0,7.0,27.0,0.0,0.0,3.0,0,18,0,Afternoon
4319,200817737,12/18/2020 12:00:00 AM,12/17/2020 12:00:00 AM,1700,8,West LA,898,1,520,VEHICLE - ATTEMPT STOLEN,1606 0329 0344 1822,56,M,H,101,STREET,,,IC,Invest Cont,520,,,BEVERLYWOOD,34.0371,-118.3832,2020.0,12.0,17.0,3.0,0.0,4.0,0,17,0,Afternoon
4322,200806535,02/25/2020 12:00:00 AM,02/25/2020 12:00:00 AM,655,8,West LA,832,1,310,BURGLARY,1202 1822 1420,67,M,W,502,"MULTI-UNIT DWELLING (APARTMENT, DUPLEX, ETC)",,,IC,Invest Cont,310,,,11800    KIOWA                        AV,34.0498,-118.4642,2020.0,2.0,25.0,1.0,0.0,1.0,0,6,55,Night
4323,201010140,06/17/2020 12:00:00 AM,06/17/2020 12:00:00 AM,800,10,West Valley,1033,1,331,THEFT FROM MOTOR VEHICLE - GRAND ($950.01 AND OVER),1822 1420 0385,0,M,W,108,PARKING LOT,,,IC,Invest Cont,331,,,6100    RESEDA                       BL,34.1847,-118.5441,2020.0,6.0,17.0,2.0,0.0,2.0,0,8,0,Morning
4324,200910059,05/23/2020 12:00:00 AM,05/21/2020 12:00:00 AM,2100,9,Van Nuys,916,1,420,THEFT FROM MOTOR VEHICLE - PETTY ($950 & UNDER),0344 1300,26,M,O,101,STREET,,,IC,Invest Cont,420,,,14000    VANOWEN                      ST,34.1976,-118.4356,2020.0,5.0,21.0,3.0,0.0,2.0,0,21,0,Evening
4325,200208368,03/30/2020 12:00:00 AM,03/30/2020 12:00:00 AM,1400,2,Rampart,265,1,220,ATTEMPTED ROBBERY,1822 0334 0416 0371 0906 0421 0342 0355 1206 0411,21,M,H,101,STREET,218.0,OTHER CUTTING INSTRUMENT,IC,Invest Cont,220,,,800 S  ALVARADO                     ST,34.0549,-118.2778,2020.0,3.0,30.0,0.0,0.0,1.0,0,14,0,Afternoon
4327,201211184,04/19/2020 12:00:00 AM,04/19/2020 12:00:00 AM,215,12,77th Street,1253,1,520,VEHICLE - ATTEMPT STOLEN,0342 1822,29,M,B,101,STREET,,,IC,Invest Cont,520,,,GRAMERCY                     PL,33.9682,-118.3134,2020.0,4.0,19.0,6.0,0.0,2.0,1,2,15,Night
4329,200114917,07/16/2020 12:00:00 AM,07/16/2020 12:00:00 AM,530,1,Central,185,1,230,"ASSAULT WITH DEADLY WEAPON, AGGRAVATED ASSAULT",0430 1402 1100 1822 0907 1414 1420 1407,34,M,B,103,ALLEY,106.0,UNKNOWN FIREARM,IC,Invest Cont,230,998.0,,1100 S  MAIN                         ST,34.0387,-118.2584,2020.0,7.0,16.0,3.0,0.0,3.0,0,5,30,Night
4331,200608527,03/30/2020 12:00:00 AM,03/30/2020 12:00:00 AM,200,6,Hollywood,648,2,354,THEFT OF IDENTITY,0930 1822,25,F,H,101,STREET,,,IC,Invest Cont,354,,,CARLTON                      WY,34.1005,-118.3148,2020.0,3.0,30.0,0.0,0.0,1.0,0,2,0,Night
4332,201209370,03/17/2020 12:00:00 AM,03/17/2020 12:00:00 AM,2045,12,77th Street,1241,2,626,INTIMATE PARTNER - SIMPLE ASSAULT,0913 0400 0416 0448 1813 2000,40,F,B,502,"MULTI-UNIT DWELLING (APARTMENT, DUPLEX, ETC)",400.0,"STRONG-ARM (HANDS, FIST, FEET OR BODILY FORCE)",IC,Invest Cont,626,,,6500    BRYNHURST                    AV,33.9806,-118.3338,2020.0,3.0,17.0,1.0,0.0,1.0,0,20,45,Evening
4335,200806065,02/16/2020 12:00:00 AM,02/15/2020 12:00:00 AM,2245,8,West LA,884,1,210,ROBBERY,0377 1822 0400 0342 0448 0906,22,F,H,123,PARKING UNDERGROUND/BUILDING,400.0,"STRONG-ARM (HANDS, FIST, FEET OR BODILY FORCE)",IC,Invest Cont,210,,,PICO                         BL,34.0397,-118.4295,2020.0,2.0,15.0,5.0,0.0,1.0,1,22,45,Evening
4336,200911277,06/19/2020 12:00:00 AM,02/29/2020 12:00:00 AM,1200,9,Van Nuys,955,1,510,VEHICLE - STOLEN,,0,Unknown,,108,PARKING LOT,,,IC,Invest Cont,510,,,5400    VAN NUYS                     BL,34.1685,-118.4487,2020.0,2.0,29.0,5.0,0.0,1.0,1,12,0,Morning
4337,200322268,12/25/2020 12:00:00 AM,12/25/2020 12:00:00 AM,345,3,Southwest,337,2,626,INTIMATE PARTNER - SIMPLE ASSAULT,2000 1813 0913 0416,27,F,H,501,SINGLE FAMILY DWELLING,400.0,"STRONG-ARM (HANDS, FIST, FEET OR BODILY FORCE)",IC,Invest Cont,626,,,2900    BRIGHTON                     AV,34.0273,-118.3015,2020.0,12.0,25.0,4.0,0.0,4.0,0,3,45,Night
4344,200604993,01/22/2020 12:00:00 AM,01/21/2020 12:00:00 AM,2300,6,Hollywood,628,2,740,"VANDALISM - FELONY ($400 & OVER, ALL CHURCH VANDALISMS)",1300 0400 0329 2000 1813,38,M,W,101,STREET,310.0,CONCRETE BLOCK/BRICK,IC,Invest Cont,740,,,2000    VISTA DEL MAR                AV,34.1069,-118.324,2020.0,1.0,21.0,1.0,0.0,1.0,0,23,0,Evening
4345,201007441,03/21/2020 12:00:00 AM,03/21/2020 12:00:00 AM,1635,10,West Valley,1018,2,745,VANDALISM - MISDEAMEANOR ($399 OR UNDER),0601 0329 0913,42,M,O,501,SINGLE FAMILY DWELLING,,,AO,Adult Other,745,,,7400    DENSMORE                     AV,34.2049,-118.4771,2020.0,3.0,21.0,5.0,0.0,1.0,1,16,35,Afternoon
4346,201306976,02/22/2020 12:00:00 AM,02/22/2020 12:00:00 AM,1830,13,Newton,1309,1,330,BURGLARY FROM VEHICLE,344,24,M,W,101,STREET,,,IC,Invest Cont,330,,,VIOLET                       ST,34.0241,-118.232,2020.0,2.0,22.0,5.0,0.0,1.0,1,18,30,Afternoon
4347,200414868,11/14/2020 12:00:00 AM,11/14/2020 12:00:00 AM,713,4,Hollenbeck,479,1,310,BURGLARY,325,0,M,X,210,RESTAURANT/FAST FOOD,310.0,CONCRETE BLOCK/BRICK,IC,Invest Cont,310,,,3700    WHITTIER                     BL,34.0244,-118.1934,2020.0,11.0,14.0,5.0,0.0,4.0,1,7,13,Morning
4348,201105085,01/26/2020 12:00:00 AM,01/22/2020 12:00:00 AM,2200,11,Northeast,1145,1,510,VEHICLE - STOLEN,,0,Unknown,,101,STREET,,,IC,Invest Cont,510,,,2600    WAVERLY                      DR,34.1061,-118.2584,2020.0,1.0,22.0,2.0,0.0,1.0,0,22,0,Evening
4349,200113652,06/19/2020 12:00:00 AM,06/16/2020 12:00:00 AM,1300,1,Central,182,2,666,"BUNCO, ATTEMPT",0800 0913,44,F,O,502,"MULTI-UNIT DWELLING (APARTMENT, DUPLEX, ETC)",,,IC,Invest Cont,666,,,1200 S  FIGUEROA                     ST,34.0423,-118.2666,2020.0,6.0,16.0,1.0,0.0,2.0,0,13,0,Afternoon
4353,200809780,05/22/2020 12:00:00 AM,05/22/2020 12:00:00 AM,1410,8,West LA,809,2,624,BATTERY - SIMPLE ASSAULT,0444 0448,42,F,O,501,SINGLE FAMILY DWELLING,400.0,"STRONG-ARM (HANDS, FIST, FEET OR BODILY FORCE)",AO,Adult Other,624,,,9400    READCREST                    DR,34.0976,-118.4029,2020.0,5.0,22.0,4.0,0.0,2.0,0,14,10,Afternoon
4355,200815311,10/16/2020 12:00:00 AM,10/15/2020 12:00:00 AM,2330,8,West LA,895,1,331,THEFT FROM MOTOR VEHICLE - GRAND ($950.01 AND OVER),1602 0344 0385 1822,41,M,W,101,STREET,,,AO,Adult Other,331,,,3300    MANNING                      AV,34.0317,-118.407,2020.0,10.0,15.0,3.0,0.0,4.0,0,23,30,Evening
4358,200305532,01/27/2020 12:00:00 AM,01/26/2020 12:00:00 AM,1200,3,Southwest,397,1,510,VEHICLE - STOLEN,,0,Unknown,,101,STREET,,,IC,Invest Cont,510,,,1000 W  42ND                         ST,34.0073,-118.2915,2020.0,1.0,26.0,6.0,0.0,1.0,1,12,0,Morning
4360,201113866,09/21/2020 12:00:00 AM,09/21/2020 12:00:00 AM,2145,11,Northeast,1162,1,230,"ASSAULT WITH DEADLY WEAPON, AGGRAVATED ASSAULT",2004 0445 0411 1402 1266,39,M,W,701,HOSPITAL,203.0,DIRK/DAGGER,AA,Adult Arrest,230,998.0,,1300 N  VERMONT                      AV,34.0956,-118.2918,2020.0,9.0,21.0,0.0,0.0,3.0,0,21,45,Evening
4362,201309407,04/15/2020 12:00:00 AM,04/14/2020 12:00:00 AM,1700,13,Newton,1323,1,510,VEHICLE - STOLEN,,0,Unknown,,101,STREET,,,IC,Invest Cont,510,,,1200 E  22ND                         ST,34.0226,-118.2539,2020.0,4.0,14.0,1.0,0.0,2.0,0,17,0,Afternoon
4363,200514659,09/30/2020 12:00:00 AM,09/27/2020 12:00:00 AM,2200,5,Harbor,531,1,121,"RAPE, FORCIBLE",1817 0500 1501 0913,29,F,B,502,"MULTI-UNIT DWELLING (APARTMENT, DUPLEX, ETC)",400.0,"STRONG-ARM (HANDS, FIST, FEET OR BODILY FORCE)",AO,Adult Other,121,,,1600 W  PACIFIC COAST                HY,33.7866,-118.3044,2020.0,9.0,27.0,6.0,0.0,3.0,1,22,0,Evening
4365,200216336,10/19/2020 12:00:00 AM,10/17/2020 12:00:00 AM,900,2,Rampart,265,1,341,"THEFT-GRAND ($950.01 & OVER)EXCPT,GUNS,FOWL,LIVESTK,PROD",1822 0344,65,M,H,229,CHECK CASHING*,,,IC,Invest Cont,341,,,700 S  ALVARADO                     ST,34.056,-118.2771,2020.0,10.0,17.0,5.0,0.0,4.0,1,9,0,Morning
4366,201107767,03/25/2020 12:00:00 AM,03/25/2020 12:00:00 AM,1430,11,Northeast,1189,1,420,THEFT FROM MOTOR VEHICLE - PETTY ($950 & UNDER),1608 0344,47,M,H,108,PARKING LOT,,,IC,Invest Cont,420,,,2600 N  FIGUEROA                     ST,34.0839,-118.2224,2020.0,3.0,25.0,2.0,0.0,1.0,0,14,30,Afternoon
4370,200213185,07/31/2020 12:00:00 AM,07/30/2020 12:00:00 AM,2230,2,Rampart,235,1,510,VEHICLE - STOLEN,,0,Unknown,,101,STREET,,,IC,Invest Cont,510,,,200 S  CARONDELET                   ST,34.0655,-118.2765,2020.0,7.0,30.0,3.0,0.0,3.0,0,22,30,Evening
4371,200918625,12/20/2020 12:00:00 AM,12/19/2020 12:00:00 AM,2115,9,Van Nuys,911,2,753,DISCHARGE FIREARMS/SHOTS FIRED,,29,M,B,502,"MULTI-UNIT DWELLING (APARTMENT, DUPLEX, ETC)",,,IC,Invest Cont,753,,,15400    VANOWEN                      ST,34.1939,-118.4687,2020.0,12.0,19.0,5.0,0.0,4.0,1,21,15,Evening
4372,200514362,09/20/2020 12:00:00 AM,09/20/2020 12:00:00 AM,1642,5,Harbor,507,2,437,RESISTING ARREST,1816 1402,0,X,X,102,SIDEWALK,400.0,"STRONG-ARM (HANDS, FIST, FEET OR BODILY FORCE)",AA,Adult Arrest,437,998.0,,HALLDALE                     AV,33.8245,-118.3016,2020.0,9.0,20.0,6.0,0.0,3.0,1,16,42,Afternoon
4374,200514542,09/26/2020 12:00:00 AM,09/26/2020 12:00:00 AM,300,5,Harbor,555,2,624,BATTERY - SIMPLE ASSAULT,0416 1820 0913 0446,23,M,H,501,SINGLE FAMILY DWELLING,400.0,"STRONG-ARM (HANDS, FIST, FEET OR BODILY FORCE)",AO,Adult Other,624,,,600 W  UPLAND                       AV,33.75,-118.292,2020.0,9.0,26.0,5.0,0.0,3.0,1,3,0,Night
4378,200816511,11/16/2020 12:00:00 AM,10/17/2020 12:00:00 AM,100,8,West LA,824,2,888,TRESPASSING,1202,68,F,W,501,SINGLE FAMILY DWELLING,,,IC,Invest Cont,888,,,700    SAN LORENZO                  ST,34.0378,-118.5097,2020.0,10.0,17.0,5.0,0.0,4.0,1,1,0,Night
4379,201227230,12/28/2020 12:00:00 AM,12/28/2020 12:00:00 AM,130,12,77th Street,1256,2,888,TRESPASSING,1402,42,F,H,502,"MULTI-UNIT DWELLING (APARTMENT, DUPLEX, ETC)",,,IC,Invest Cont,888,998.0,,600 W  76TH                         ST,33.9727,-118.285,2020.0,12.0,28.0,0.0,0.0,4.0,0,1,30,Night
4381,200112169,05/26/2020 12:00:00 AM,05/25/2020 12:00:00 AM,2145,1,Central,138,1,442,SHOPLIFTING - PETTY THEFT ($950 & UNDER),0344 1822,0,M,W,203,OTHER BUSINESS,,,IC,Invest Cont,442,,,300 E  2ND                          ST,34.0493,-118.2418,2020.0,5.0,25.0,0.0,0.0,2.0,0,21,45,Evening
4384,200809580,05/18/2020 12:00:00 AM,05/17/2020 12:00:00 AM,2348,8,West LA,835,2,740,"VANDALISM - FELONY ($400 & OVER, ALL CHURCH VANDALISMS)",1822 1609 0329,0,X,X,729,SPECIALTY SCHOOL/OTHER,,,IC,Invest Cont,740,,,10800    SANTA MONICA                 BL,34.0502,-118.4344,2020.0,5.0,17.0,6.0,0.0,2.0,1,23,48,Evening
4385,200912918,07/30/2020 12:00:00 AM,07/30/2020 12:00:00 AM,615,9,Van Nuys,926,1,510,VEHICLE - STOLEN,,0,Unknown,,101,STREET,,,IC,Invest Cont,510,,,6600    HAZELTINE                    AV,34.1907,-118.44,2020.0,7.0,30.0,3.0,0.0,3.0,0,6,15,Night
4388,201211181,04/18/2020 12:00:00 AM,04/14/2020 12:00:00 AM,1800,12,77th Street,1259,1,330,BURGLARY FROM VEHICLE,0344 1608,0,X,X,103,ALLEY,,,IC,Invest Cont,330,,,800 E  76TH                         ST,33.9712,-118.2608,2020.0,4.0,14.0,1.0,0.0,2.0,0,18,0,Afternoon
4389,201221796,10-01-2020 00:00,09/29/2020 12:00:00 AM,100,12,77th Street,1213,2,860,BATTERY WITH SEXUAL CONTACT,1822 0302 0448 0522 0500,40,F,B,517,MISSIONS/SHELTERS,400.0,"STRONG-ARM (HANDS, FIST, FEET OR BODILY FORCE)",IC,Invest Cont,860,,,5700 S  WESTERN                      AV,33.991,-118.3089,2020.0,9.0,29.0,1.0,0.0,3.0,0,1,0,Night
4390,200807701,03/25/2020 12:00:00 AM,02/15/2020 12:00:00 AM,1800,8,West LA,811,2,812,CRM AGNST CHLD (13 OR UNDER) (14-15 & SUSP 10 YRS OLDER),0556 1259,14,F,W,710,OTHER PREMISE,400.0,"STRONG-ARM (HANDS, FIST, FEET OR BODILY FORCE)",AO,Adult Other,812,860.0,,16100 W  SUNSET                       BL,34.0561,-118.5512,2020.0,2.0,15.0,5.0,0.0,1.0,1,18,0,Afternoon
4393,200916875,11-05-2020 00:00,10/29/2020 12:00:00 AM,1010,9,Van Nuys,916,1,440,THEFT PLAIN - PETTY ($950 & UNDER),0344 0394,33,F,H,119,"PORCH, RESIDENTIAL",,,IC,Invest Cont,440,,,6800    WOODMAN                      AV,34.1976,-118.4356,2020.0,10.0,29.0,3.0,0.0,4.0,0,10,10,Morning
4396,201107775,03/26/2020 12:00:00 AM,03/26/2020 12:00:00 AM,100,11,Northeast,1109,1,420,THEFT FROM MOTOR VEHICLE - PETTY ($950 & UNDER),0344 1606,62,M,W,101,STREET,,,IC,Invest Cont,420,,,1300    LAS FLORES                   DR,34.141,-118.1938,2020.0,3.0,26.0,3.0,0.0,1.0,0,1,0,Night
4399,200710911,06/24/2020 12:00:00 AM,06/24/2020 12:00:00 AM,1915,7,Wilshire,758,2,745,VANDALISM - MISDEAMEANOR ($399 OR UNDER),0329 0311 0202,19,M,O,203,OTHER BUSINESS,,,IC,Invest Cont,745,,,1100    CRENSHAW                     BL,34.0519,-118.3306,2020.0,6.0,24.0,2.0,0.0,2.0,0,19,15,Evening
4401,201225538,11/30/2020 12:00:00 AM,11/29/2020 12:00:00 AM,1710,12,77th Street,1241,2,625,OTHER ASSAULT,0913 0361 0603 0416 2021,43,F,B,502,"MULTI-UNIT DWELLING (APARTMENT, DUPLEX, ETC)",400.0,"STRONG-ARM (HANDS, FIST, FEET OR BODILY FORCE)",IC,Invest Cont,625,,,6300    8TH                          AV,33.9821,-118.3318,2020.0,11.0,29.0,6.0,0.0,4.0,1,17,10,Afternoon
4403,200517261,11/30/2020 12:00:00 AM,11/30/2020 12:00:00 AM,1720,5,Harbor,507,1,230,"ASSAULT WITH DEADLY WEAPON, AGGRAVATED ASSAULT",1822 0416 0374 0334 0445 0342 0353 0302 1309 0216,39,M,H,108,PARKING LOT,102.0,HAND GUN,IC,Invest Cont,230,,,1600 W  SEPULVEDA                    BL,33.8161,-118.3063,2020.0,11.0,30.0,0.0,0.0,4.0,0,17,20,Afternoon
4407,200908601,04/18/2020 12:00:00 AM,04/17/2020 12:00:00 AM,1400,9,Van Nuys,935,1,420,THEFT FROM MOTOR VEHICLE - PETTY ($950 & UNDER),0344 1300,26,M,H,108,PARKING LOT,,,IC,Invest Cont,420,,,14300    FRIAR                        ST,34.1857,-118.4444,2020.0,4.0,17.0,4.0,0.0,2.0,0,14,0,Afternoon
4408,200804656,01/14/2020 12:00:00 AM,01/14/2020 12:00:00 AM,745,8,West LA,857,2,740,"VANDALISM - FELONY ($400 & OVER, ALL CHURCH VANDALISMS)",0329 1609 1414,0,X,X,723,PRIVATE SCHOOL/PRESCHOOL,,,IC,Invest Cont,740,,,9000 W  PICO                         BL,34.0553,-118.3878,2020.0,1.0,14.0,1.0,0.0,1.0,0,7,45,Morning
4409,200710926,06/25/2020 12:00:00 AM,06/25/2020 12:00:00 AM,1155,7,Wilshire,763,1,310,BURGLARY,1402,0,F,O,502,"MULTI-UNIT DWELLING (APARTMENT, DUPLEX, ETC)",112.0,TOY GUN,AA,Adult Arrest,310,998.0,,1400 S  FAIRFAX                      AV,34.051,-118.3667,2020.0,6.0,25.0,3.0,0.0,2.0,0,11,55,Morning
4410,200517069,11-09-2020 00:00,10/20/2020 12:00:00 AM,2030,5,Harbor,526,2,354,THEFT OF IDENTITY,928,36,M,H,501,SINGLE FAMILY DWELLING,,,IC,Invest Cont,354,,,600    LAGOON                       AV,33.7768,-118.2675,2020.0,10.0,20.0,1.0,0.0,4.0,0,20,30,Evening
4411,200804924,01/21/2020 12:00:00 AM,01/21/2020 12:00:00 AM,1750,8,West LA,852,2,745,VANDALISM - MISDEAMEANOR ($399 OR UNDER),0329 1822,19,F,W,101,STREET,,,IC,Invest Cont,745,,,STONER                       AV,34.0421,-118.4559,2020.0,1.0,21.0,1.0,0.0,1.0,0,17,50,Afternoon
4413,200121040,11/14/2020 12:00:00 AM,11/14/2020 12:00:00 AM,1945,1,Central,162,1,210,ROBBERY,1822 0344 0417 0416 0429 0945,24,M,H,101,STREET,400.0,"STRONG-ARM (HANDS, FIST, FEET OR BODILY FORCE)",IC,Invest Cont,210,,,800 S  OLIVE                        ST,34.0437,-118.2582,2020.0,11.0,14.0,5.0,0.0,4.0,1,19,45,Evening
4414,200816936,11/28/2020 12:00:00 AM,11/25/2020 12:00:00 AM,1800,8,West LA,841,1,331,THEFT FROM MOTOR VEHICLE - GRAND ($950.01 AND OVER),0344 0385 1822 1602,34,M,W,103,ALLEY,,,IC,Invest Cont,331,,,1200    BROCKTON                     AV,34.0456,-118.4649,2020.0,11.0,25.0,2.0,0.0,4.0,0,18,0,Afternoon
4416,200704738,01/16/2020 12:00:00 AM,01/15/2020 12:00:00 AM,1815,7,Wilshire,706,1,331,THEFT FROM MOTOR VEHICLE - GRAND ($950.01 AND OVER),0344 1300,40,M,W,104,DRIVEWAY,,,IC,Invest Cont,331,,,800 N  SYCAMORE                     AV,34.0853,-118.3428,2020.0,1.0,15.0,2.0,0.0,1.0,0,18,15,Afternoon
4417,200811188,06/27/2020 12:00:00 AM,06/26/2020 12:00:00 AM,2359,8,West LA,808,1,310,BURGLARY,0358 1609 0321 0344 1822 1402,58,M,W,501,SINGLE FAMILY DWELLING,,,IC,Invest Cont,310,998.0,,2900    DEEP CANYON                  DR,34.1265,-118.4318,2020.0,6.0,26.0,4.0,0.0,2.0,0,23,59,Evening
4419,200619683,12/26/2020 12:00:00 AM,12/25/2020 12:00:00 AM,2120,6,Hollywood,629,2,626,INTIMATE PARTNER - SIMPLE ASSAULT,1814 0400,30,F,O,502,"MULTI-UNIT DWELLING (APARTMENT, DUPLEX, ETC)",400.0,"STRONG-ARM (HANDS, FIST, FEET OR BODILY FORCE)",AO,Adult Other,626,,,5600    FRANKLIN                     AV,34.115,-118.3124,2020.0,12.0,25.0,4.0,0.0,4.0,0,21,20,Evening
4421,200411806,08/16/2020 12:00:00 AM,08/16/2020 12:00:00 AM,2300,4,Hollenbeck,497,2,626,INTIMATE PARTNER - SIMPLE ASSAULT,0913 2000 0448 0400 1814,28,F,B,101,STREET,400.0,"STRONG-ARM (HANDS, FIST, FEET OR BODILY FORCE)",IC,Invest Cont,626,,,3300 E  OLYMPIC                      BL,34.0191,-118.2083,2020.0,8.0,16.0,6.0,0.0,3.0,1,23,0,Evening
4422,200211371,06/15/2020 12:00:00 AM,06/15/2020 12:00:00 AM,1100,2,Rampart,221,1,220,ATTEMPTED ROBBERY,0945 1822 0104 0444 0416,0,M,W,210,RESTAURANT/FAST FOOD,400.0,"STRONG-ARM (HANDS, FIST, FEET OR BODILY FORCE)",IC,Invest Cont,220,,,3800    BEVERLY                      BL,34.0777,-118.2961,2020.0,6.0,15.0,0.0,0.0,2.0,0,11,0,Morning
4425,200911217,06/18/2020 12:00:00 AM,06/18/2020 12:00:00 AM,1030,9,Van Nuys,911,2,888,TRESPASSING,1501 2004,46,F,H,108,PARKING LOT,,,AA,Adult Arrest,888,,,SEPULVEDA,34.2012,-118.4662,2020.0,6.0,18.0,3.0,0.0,2.0,0,10,30,Morning
4426,201110645,06/20/2020 12:00:00 AM,06/20/2020 12:00:00 AM,321,11,Northeast,1162,1,320,"BURGLARY, ATTEMPTED",1501,30,F,H,502,"MULTI-UNIT DWELLING (APARTMENT, DUPLEX, ETC)",,,IC,Invest Cont,320,,,4600    LA MIRADA                    AV,34.0945,-118.2903,2020.0,6.0,20.0,5.0,0.0,2.0,1,3,21,Night
4427,200706380,02/19/2020 12:00:00 AM,02/16/2020 12:00:00 AM,1830,7,Wilshire,706,1,341,"THEFT-GRAND ($950.01 & OVER)EXCPT,GUNS,FOWL,LIVESTK,PROD",344,46,M,H,210,RESTAURANT/FAST FOOD,,,IC,Invest Cont,341,,,HIGHLAND                     AV,34.0835,-118.3386,2020.0,2.0,16.0,6.0,0.0,1.0,1,18,30,Afternoon
4429,200121145,11/16/2020 12:00:00 AM,11/16/2020 12:00:00 AM,2100,1,Central,176,2,740,"VANDALISM - FELONY ($400 & OVER, ALL CHURCH VANDALISMS)",1309 1414 1822 0329,0,X,X,101,STREET,,,AO,Adult Other,740,,,400 E  9TH                          ST,34.0404,-118.2504,2020.0,11.0,16.0,0.0,0.0,4.0,0,21,0,Evening
4430,200717556,12/29/2020 12:00:00 AM,11/29/2020 12:00:00 AM,1200,7,Wilshire,722,1,310,BURGLARY,0358 0344,22,F,A,707,GARAGE/CARPORT,,,IC,Invest Cont,310,,,100 S  KINGS                        RD,34.0733,-118.3721,2020.0,11.0,29.0,6.0,0.0,4.0,1,12,0,Morning
4433,200206337,02/16/2020 12:00:00 AM,02/16/2020 12:00:00 AM,2000,2,Rampart,219,2,626,INTIMATE PARTNER - SIMPLE ASSAULT,0913 2000 1814 0416 0446,31,M,H,101,STREET,400.0,"STRONG-ARM (HANDS, FIST, FEET OR BODILY FORCE)",AA,Adult Arrest,626,,,TEMPLE                       ST,34.0677,-118.252,2020.0,2.0,16.0,6.0,0.0,1.0,1,20,0,Evening
4434,200310728,04/30/2020 12:00:00 AM,04/16/2020 12:00:00 AM,1246,3,Southwest,398,1,440,THEFT PLAIN - PETTY ($950 & UNDER),0344 0394,31,M,I,507,CONDOMINIUM/TOWNHOUSE,,,IC,Invest Cont,440,,,S  FIGUEROA                     ST,34.0097,-118.2827,2020.0,4.0,16.0,3.0,0.0,2.0,0,12,46,Morning
4435,201222805,10/18/2020 12:00:00 AM,10/18/2020 12:00:00 AM,730,12,77th Street,1256,1,350,"THEFT, PERSON",0305 0913 0344,58,F,B,102,SIDEWALK,400.0,"STRONG-ARM (HANDS, FIST, FEET OR BODILY FORCE)",IC,Invest Cont,350,,,7300 S  BROADWAY,33.9727,-118.285,2020.0,10.0,18.0,6.0,0.0,4.0,1,7,30,Morning
4440,200313253,05/26/2020 12:00:00 AM,05/22/2020 12:00:00 AM,1650,3,Southwest,359,2,649,DOCUMENT FORGERY / STOLEN FELONY,0923 0100 1202,67,F,W,603,CREDIT UNION,,,IC,Invest Cont,649,,,3700 S  FLOWER                       ST,34.0178,-118.2811,2020.0,5.0,22.0,4.0,0.0,2.0,0,16,50,Afternoon
4441,200115057,07/19/2020 12:00:00 AM,06/28/2020 12:00:00 AM,1400,1,Central,147,1,761,BRANDISH WEAPON,1218 2004 0334 0443 0913 0603,48,M,B,502,"MULTI-UNIT DWELLING (APARTMENT, DUPLEX, ETC)",207.0,OTHER KNIFE,AO,Adult Other,761,,,400 E  5TH                          ST,34.0453,-118.2443,2020.0,6.0,28.0,6.0,0.0,2.0,1,14,0,Afternoon
4442,201109916,05/29/2020 12:00:00 AM,05/29/2020 12:00:00 AM,2115,11,Northeast,1178,2,624,BATTERY - SIMPLE ASSAULT,0431 0400 0416 0913 0361,36,F,H,101,STREET,400.0,"STRONG-ARM (HANDS, FIST, FEET OR BODILY FORCE)",AO,Adult Other,624,,,3200    GRANADA                      ST,34.0959,-118.2288,2020.0,5.0,29.0,4.0,0.0,2.0,0,21,15,Evening
4444,200916431,10/25/2020 12:00:00 AM,10/25/2020 12:00:00 AM,730,9,Van Nuys,998,1,310,BURGLARY,0329 1822,55,M,W,108,PARKING LOT,,,IC,Invest Cont,310,998.0,,4200    FULTON                       AV,34.1466,-118.4225,2020.0,10.0,25.0,6.0,0.0,4.0,1,7,30,Morning
4447,200511782,06/27/2020 12:00:00 AM,06/27/2020 12:00:00 AM,1,5,Harbor,569,2,740,"VANDALISM - FELONY ($400 & OVER, ALL CHURCH VANDALISMS)",0329 0311,0,X,X,725,"GOVERNMENT FACILITY (FEDERAL,STATE, COUNTY & CITY)",,,IC,Invest Cont,740,,,SIGNAL,33.7257,-118.2766,2020.0,6.0,27.0,5.0,0.0,2.0,1,0,1,Night
4448,200711134,07-01-2020 00:00,05/29/2020 12:00:00 AM,1540,7,Wilshire,701,1,310,BURGLARY,1822,31,M,O,405,CLOTHING STORE,,,IC,Invest Cont,310,,,8200 W  MELROSE                      AV,34.0837,-118.3683,2020.0,5.0,29.0,4.0,0.0,2.0,0,15,40,Afternoon
4451,200708333,04/16/2020 12:00:00 AM,04/16/2020 12:00:00 AM,1445,7,Wilshire,719,2,930,CRIMINAL THREATS - NO WEAPON DISPLAYED,0421 1820 0913 1609,29,M,B,502,"MULTI-UNIT DWELLING (APARTMENT, DUPLEX, ETC)",511.0,VERBAL THREAT,IC,Invest Cont,930,,,500 N  ROSSMORE                     AV,34.079,-118.3273,2020.0,4.0,16.0,3.0,0.0,2.0,0,14,45,Afternoon
4452,201218729,07/28/2020 12:00:00 AM,07/22/2020 12:00:00 AM,1,12,77th Street,1213,1,330,BURGLARY FROM VEHICLE,344,31,F,H,101,STREET,,,IC,Invest Cont,330,,,W  57TH                         ST,33.991,-118.315,2020.0,7.0,22.0,2.0,0.0,3.0,0,0,1,Night
4453,200911229,06/18/2020 12:00:00 AM,06/17/2020 12:00:00 AM,1800,9,Van Nuys,994,1,420,THEFT FROM MOTOR VEHICLE - PETTY ($950 & UNDER),1420 1300 0344,37,M,W,101,STREET,,,IC,Invest Cont,420,,,3400    COY                          DR,34.1326,-118.4445,2020.0,6.0,17.0,2.0,0.0,2.0,0,18,0,Afternoon
4454,200900931,12-08-2020 00:00,11/23/2020 12:00:00 AM,900,9,Van Nuys,994,1,341,"THEFT-GRAND ($950.01 & OVER)EXCPT,GUNS,FOWL,LIVESTK,PROD",0344 1822 0352,52,M,W,501,SINGLE FAMILY DWELLING,,,IC,Invest Cont,341,,,13900    AUBREY                       RD,34.1377,-118.4371,2020.0,11.0,23.0,0.0,0.0,4.0,0,9,0,Morning
4455,200811440,07-04-2020 00:00,06/29/2020 12:00:00 AM,815,8,West LA,893,1,440,THEFT PLAIN - PETTY ($950 & UNDER),0344 1822,38,F,W,119,"PORCH, RESIDENTIAL",,,AO,Adult Other,440,,,2700    KELTON                       AV,34.0322,-118.4247,2020.0,6.0,29.0,0.0,0.0,2.0,0,8,15,Morning
4456,200708349,04/16/2020 12:00:00 AM,04/16/2020 12:00:00 AM,2002,7,Wilshire,767,2,624,BATTERY - SIMPLE ASSAULT,0444 0401,49,F,H,501,SINGLE FAMILY DWELLING,400.0,"STRONG-ARM (HANDS, FIST, FEET OR BODILY FORCE)",AO,Adult Other,624,,,1300    12TH                         AV,34.0476,-118.3245,2020.0,4.0,16.0,3.0,0.0,2.0,0,20,2,Evening
4457,200310085,04/18/2020 12:00:00 AM,04/16/2020 12:00:00 AM,1630,3,Southwest,327,1,341,"THEFT-GRAND ($950.01 & OVER)EXCPT,GUNS,FOWL,LIVESTK,PROD",0344 0394 1251 2032,22,F,B,119,"PORCH, RESIDENTIAL",,,IC,Invest Cont,341,,,1100 W  28TH                         ST,34.0294,-118.2839,2020.0,4.0,16.0,3.0,0.0,2.0,0,16,30,Afternoon
4458,200211573,06/20/2020 12:00:00 AM,06/20/2020 12:00:00 AM,1410,2,Rampart,279,2,901,VIOLATION OF RESTRAINING ORDER,2038 2004,19,F,H,501,SINGLE FAMILY DWELLING,,,IC,Invest Cont,901,,,900    VALENCIA                     ST,34.05,-118.2713,2020.0,6.0,20.0,5.0,0.0,2.0,1,14,10,Afternoon
4460,200711816,07/20/2020 12:00:00 AM,07/20/2020 12:00:00 AM,450,7,Wilshire,765,2,623,BATTERY POLICE (SIMPLE),1212 0400,0,M,H,726,POLICE FACILITY,400.0,"STRONG-ARM (HANDS, FIST, FEET OR BODILY FORCE)",AA,Adult Arrest,623,,,4800    VENICE                       BL,34.0465,-118.3419,2020.0,7.0,20.0,0.0,0.0,3.0,0,4,50,Night
4461,200509420,05/13/2020 12:00:00 AM,05/13/2020 12:00:00 AM,550,5,Harbor,506,1,331,THEFT FROM MOTOR VEHICLE - GRAND ($950.01 AND OVER),0344 0385 1300 1309,64,M,W,104,DRIVEWAY,,,IC,Invest Cont,331,,,1300 W  219TH                        ST,33.8292,-118.2995,2020.0,5.0,13.0,2.0,0.0,2.0,0,5,50,Night
4463,200208010,03/20/2020 12:00:00 AM,03/20/2020 12:00:00 AM,1205,2,Rampart,203,1,440,THEFT PLAIN - PETTY ($950 & UNDER),0344 0216 1822,29,F,W,108,PARKING LOT,,,IC,Invest Cont,440,,,3900    MARATHON                     ST,34.0846,-118.2845,2020.0,3.0,20.0,4.0,0.0,1.0,0,12,5,Morning
4464,200305112,01/20/2020 12:00:00 AM,01/20/2020 12:00:00 AM,145,3,Southwest,332,2,888,TRESPASSING,1275 1402 1822,19,X,X,501,SINGLE FAMILY DWELLING,,,IC,Invest Cont,888,,,4400    EXPOSITION                   BL,34.0238,-118.3423,2020.0,1.0,20.0,0.0,0.0,1.0,0,1,45,Night
4465,200116861,08/24/2020 12:00:00 AM,08/24/2020 12:00:00 AM,320,1,Central,124,1,440,THEFT PLAIN - PETTY ($950 & UNDER),0344 1218 2032 1202 0345 1822 0352 0910,61,F,W,124,BUS STOP,,,IC,Invest Cont,440,,,1ST,34.0519,-118.243,2020.0,8.0,24.0,0.0,0.0,3.0,0,3,20,Night
4466,200113395,06/14/2020 12:00:00 AM,06/13/2020 12:00:00 AM,1638,1,Central,174,1,330,BURGLARY FROM VEHICLE,344,68,M,W,108,PARKING LOT,,,IC,Invest Cont,330,,,700 S  SPRING                       ST,34.0445,-118.2523,2020.0,6.0,13.0,5.0,0.0,2.0,1,16,38,Afternoon
4468,201016415,12/26/2020 12:00:00 AM,12/25/2020 12:00:00 AM,1800,10,West Valley,1011,2,740,"VANDALISM - FELONY ($400 & OVER, ALL CHURCH VANDALISMS)",1822 0329 1300 1414 1420,25,F,H,122,"VEHICLE, PASSENGER/TRUCK",,,IC,Invest Cont,740,,,18900    SHERMAN                      WY,34.2012,-118.5469,2020.0,12.0,25.0,4.0,0.0,4.0,0,18,0,Afternoon
4469,200115534,07/29/2020 12:00:00 AM,07/28/2020 12:00:00 AM,2100,1,Central,166,1,510,VEHICLE - STOLEN,,0,Unknown,,101,STREET,,,AO,Adult Other,510,,,600 S  SAN PEDRO                    ST,34.0421,-118.2469,2020.0,7.0,28.0,1.0,0.0,3.0,0,21,0,Evening
4470,200617428,10/31/2020 12:00:00 AM,10/31/2020 12:00:00 AM,1315,6,Hollywood,645,1,310,BURGLARY,1300 0344 1822,51,F,W,501,SINGLE FAMILY DWELLING,400.0,"STRONG-ARM (HANDS, FIST, FEET OR BODILY FORCE)",IC,Invest Cont,310,,,1800    OUTPOST                      DR,34.1041,-118.3439,2020.0,10.0,31.0,5.0,0.0,4.0,1,13,15,Afternoon
4473,201013579,09/30/2020 12:00:00 AM,07/19/2020 12:00:00 AM,900,10,West Valley,1025,1,341,"THEFT-GRAND ($950.01 & OVER)EXCPT,GUNS,FOWL,LIVESTK,PROD",1822 0344 1236 1420,0,M,O,719,MEDICAL/DENTAL OFFICES,,,IC,Invest Cont,341,,,7000    RESEDA                       BL,34.1977,-118.536,2020.0,7.0,19.0,6.0,0.0,3.0,1,9,0,Morning
4474,200109376,03/18/2020 12:00:00 AM,03/16/2020 12:00:00 AM,2250,1,Central,111,1,310,BURGLARY,0344 1822 2004 1202 0377 1420,67,M,W,502,"MULTI-UNIT DWELLING (APARTMENT, DUPLEX, ETC)",400.0,"STRONG-ARM (HANDS, FIST, FEET OR BODILY FORCE)",AA,Adult Arrest,310,,,900    SUN MUN                      WY,34.0655,-118.2372,2020.0,3.0,16.0,0.0,0.0,1.0,0,22,50,Evening
4475,200212616,07/15/2020 12:00:00 AM,07/15/2020 12:00:00 AM,2150,2,Rampart,235,1,420,THEFT FROM MOTOR VEHICLE - PETTY ($950 & UNDER),0344 1822 1601,27,F,B,101,STREET,,,IC,Invest Cont,420,,,VALLEY,34.0651,-118.2721,2020.0,7.0,15.0,2.0,0.0,3.0,0,21,50,Evening
4476,200816558,11/17/2020 12:00:00 AM,08/31/2020 12:00:00 AM,1805,8,West LA,892,2,354,THEFT OF IDENTITY,0100 0930 0922,40,F,W,504,OTHER RESIDENCE,,,IC,Invest Cont,354,,,2400 S  BARRINGTON                   AV,34.0312,-118.4454,2020.0,8.0,31.0,0.0,0.0,3.0,0,18,5,Afternoon
4477,200911585,06/25/2020 12:00:00 AM,06/25/2020 12:00:00 AM,1230,9,Van Nuys,939,2,624,BATTERY - SIMPLE ASSAULT,416,44,M,W,502,"MULTI-UNIT DWELLING (APARTMENT, DUPLEX, ETC)",400.0,"STRONG-ARM (HANDS, FIST, FEET OR BODILY FORCE)",AO,Adult Other,624,,,13100    VICTORY                      BL,34.1867,-118.4185,2020.0,6.0,25.0,3.0,0.0,2.0,0,12,30,Morning
4480,200115120,07/21/2020 12:00:00 AM,07/20/2020 12:00:00 AM,200,1,Central,111,1,210,ROBBERY,0352 1309 1251 1822 0443 0344 1240,21,F,A,102,SIDEWALK,200.0,KNIFE WITH BLADE 6INCHES OR LESS,IC,Invest Cont,210,,,900 N  BROADWAY,34.0615,-118.2412,2020.0,7.0,20.0,0.0,0.0,3.0,0,2,0,Night
4482,200619822,12/29/2020 12:00:00 AM,12/14/2020 12:00:00 AM,730,6,Hollywood,667,1,440,THEFT PLAIN - PETTY ($950 & UNDER),0344 0554,27,F,H,502,"MULTI-UNIT DWELLING (APARTMENT, DUPLEX, ETC)",,,IC,Invest Cont,440,,,1200 N  BRONSON                      AV,34.0926,-118.3179,2020.0,12.0,14.0,0.0,0.0,4.0,0,7,30,Morning
4484,200907937,03/28/2020 12:00:00 AM,03/28/2020 12:00:00 AM,1345,9,Van Nuys,906,1,230,"ASSAULT WITH DEADLY WEAPON, AGGRAVATED ASSAULT",0416 0445 2004 0913 1218,33,F,O,102,SIDEWALK,400.0,"STRONG-ARM (HANDS, FIST, FEET OR BODILY FORCE)",IC,Invest Cont,230,,,VAN NUYS                     BL,34.203,-118.4488,2020.0,3.0,28.0,5.0,0.0,1.0,1,13,45,Afternoon
4485,201214809,06/16/2020 12:00:00 AM,06/16/2020 12:00:00 AM,1800,12,77th Street,1266,2,740,"VANDALISM - FELONY ($400 & OVER, ALL CHURCH VANDALISMS)",0329 1202 0913,71,F,B,108,PARKING LOT,400.0,"STRONG-ARM (HANDS, FIST, FEET OR BODILY FORCE)",AO,Adult Other,740,,,8000 S  VERMONT                      AV,33.9667,-118.2914,2020.0,6.0,16.0,1.0,0.0,2.0,0,18,0,Afternoon
4486,200113321,06-08-2020 00:00,05/29/2020 12:00:00 AM,2230,1,Central,133,1,231,ASSAULT WITH DEADLY WEAPON ON POLICE OFFICER,1212 1822,0,M,O,101,STREET,500.0,UNKNOWN WEAPON/OTHER WEAPON,IC,Invest Cont,231,,,SPRING                       ST,34.0517,-118.2456,2020.0,5.0,29.0,4.0,0.0,2.0,0,22,30,Evening
4487,200310510,04/27/2020 12:00:00 AM,04/27/2020 12:00:00 AM,900,3,Southwest,335,2,624,BATTERY - SIMPLE ASSAULT,1810 1701 1202 0554 0416 0446,74,F,W,501,SINGLE FAMILY DWELLING,400.0,"STRONG-ARM (HANDS, FIST, FEET OR BODILY FORCE)",AA,Adult Arrest,624,,,3000    5TH                          AV,34.0261,-118.3224,2020.0,4.0,27.0,0.0,0.0,2.0,0,9,0,Morning
4488,200619338,12/16/2020 12:00:00 AM,12/16/2020 12:00:00 AM,2040,6,Hollywood,622,1,236,INTIMATE PARTNER - AGGRAVATED ASSAULT,1300 2000 0416 0400 0913,20,F,W,502,"MULTI-UNIT DWELLING (APARTMENT, DUPLEX, ETC)",400.0,"STRONG-ARM (HANDS, FIST, FEET OR BODILY FORCE)",AO,Adult Other,236,,,7200    HILLSIDE                     AV,34.1046,-118.3489,2020.0,12.0,16.0,2.0,0.0,4.0,0,20,40,Evening
4490,200106073,01/30/2020 12:00:00 AM,01/25/2020 12:00:00 AM,1830,1,Central,182,1,330,BURGLARY FROM VEHICLE,1307 0344 0329 1609 1822,30,M,W,108,PARKING LOT,,,IC,Invest Cont,330,,,1200 S  OLIVE                        ST,34.0395,-118.2622,2020.0,1.0,25.0,5.0,0.0,1.0,1,18,30,Afternoon
4491,200218260,12-06-2020 00:00,11/30/2020 12:00:00 AM,130,2,Rampart,205,1,440,THEFT PLAIN - PETTY ($950 & UNDER),344,37,F,O,502,"MULTI-UNIT DWELLING (APARTMENT, DUPLEX, ETC)",,,IC,Invest Cont,440,,,600 N  DILLON                       ST,34.0786,-118.2788,2020.0,11.0,30.0,0.0,0.0,4.0,0,1,30,Night
4497,200406299,02/28/2020 12:00:00 AM,02/28/2020 12:00:00 AM,1350,4,Hollenbeck,415,2,624,BATTERY - SIMPLE ASSAULT,0400 0416 0913,20,M,H,210,RESTAURANT/FAST FOOD,400.0,"STRONG-ARM (HANDS, FIST, FEET OR BODILY FORCE)",IC,Invest Cont,624,,,3100 N  BROADWAY,34.0762,-118.2119,2020.0,2.0,28.0,4.0,0.0,1.0,0,13,50,Afternoon
4499,200816987,11/29/2020 12:00:00 AM,11/29/2020 12:00:00 AM,1600,8,West LA,811,1,330,BURGLARY FROM VEHICLE,0377 0930 0344 1822,38,M,W,108,PARKING LOT,,,IC,Invest Cont,330,,,LOS LIONES,34.0419,-118.554,2020.0,11.0,29.0,6.0,0.0,4.0,1,16,0,Afternoon
4501,201000650,04/25/2020 12:00:00 AM,04/25/2020 12:00:00 AM,1414,10,West Valley,1033,1,236,INTIMATE PARTNER - AGGRAVATED ASSAULT,1402 0416 0913 1814 0319 0444 0429 1218 2004 2000,40,M,H,158,TRANSIENT ENCAMPMENT,304.0,CLUB/BAT,AO,Adult Other,236,998.0,,VICTORY,34.1866,-118.5448,2020.0,4.0,25.0,5.0,0.0,2.0,1,14,14,Afternoon
4504,200320386,11/14/2020 12:00:00 AM,11/14/2020 12:00:00 AM,2140,3,Southwest,317,1,230,"ASSAULT WITH DEADLY WEAPON, AGGRAVATED ASSAULT",1309 0913 2000 1814 0447 1310,41,M,H,101,STREET,500.0,UNKNOWN WEAPON/OTHER WEAPON,IC,Invest Cont,230,,,1500 W  22ND                         ST,34.0363,-118.2919,2020.0,11.0,14.0,5.0,0.0,4.0,1,21,40,Evening
4505,200515432,10/18/2020 12:00:00 AM,10/18/2020 12:00:00 AM,855,5,Harbor,507,2,626,INTIMATE PARTNER - SIMPLE ASSAULT,0913 0401 0408 0419 0432 1243 1813 2000,36,F,H,502,"MULTI-UNIT DWELLING (APARTMENT, DUPLEX, ETC)",400.0,"STRONG-ARM (HANDS, FIST, FEET OR BODILY FORCE)",AO,Adult Other,626,930.0,,1300 W  227TH                        ST,33.8201,-118.3015,2020.0,10.0,18.0,6.0,0.0,4.0,1,8,55,Morning
4509,201016476,12/28/2020 12:00:00 AM,12/24/2020 12:00:00 AM,1300,10,West Valley,1025,2,740,"VANDALISM - FELONY ($400 & OVER, ALL CHURCH VANDALISMS)",1822 0329 1609,0,M,W,602,BANK,,,IC,Invest Cont,740,,,18400    SHERMAN                      WY,34.2011,-118.5339,2020.0,12.0,24.0,3.0,0.0,4.0,0,13,0,Afternoon
4515,200219022,12/26/2020 12:00:00 AM,12/26/2020 12:00:00 AM,700,2,Rampart,269,1,330,BURGLARY FROM VEHICLE,0344 0329 1601 1609 1307 1822 0216 0209,55,F,W,123,PARKING UNDERGROUND/BUILDING,500.0,UNKNOWN WEAPON/OTHER WEAPON,IC,Invest Cont,330,,,700 S  BIXEL                        ST,34.0507,-118.2643,2020.0,12.0,26.0,5.0,0.0,4.0,1,7,0,Morning
4516,200208792,04-10-2020 00:00,03/17/2020 12:00:00 AM,1800,2,Rampart,204,1,510,VEHICLE - STOLEN,,0,Unknown,,101,STREET,,,IC,Invest Cont,510,,,1000    SANBORN                      AV,34.0902,-118.2818,2020.0,3.0,17.0,1.0,0.0,1.0,0,18,0,Afternoon
4518,200907833,03/25/2020 12:00:00 AM,03/21/2020 12:00:00 AM,1230,9,Van Nuys,981,2,354,THEFT OF IDENTITY,0930 1822,68,F,A,501,SINGLE FAMILY DWELLING,,,IC,Invest Cont,354,,,14900    DICKENS                      ST,34.1512,-118.458,2020.0,3.0,21.0,5.0,0.0,1.0,1,12,30,Morning
4519,201109979,06-01-2020 00:00,05/30/2020 12:00:00 AM,900,11,Northeast,1107,2,740,"VANDALISM - FELONY ($400 & OVER, ALL CHURCH VANDALISMS)",0329 1307,29,F,F,101,STREET,,,IC,Invest Cont,740,,,5800    BURWOOD                      AV,34.1268,-118.1924,2020.0,5.0,30.0,5.0,0.0,2.0,1,9,0,Morning
4520,201015481,11/26/2020 12:00:00 AM,11/26/2020 12:00:00 AM,2355,10,West Valley,1035,2,626,INTIMATE PARTNER - SIMPLE ASSAULT,2000 0913 0444 1814 0400 2002,29,F,H,501,SINGLE FAMILY DWELLING,400.0,"STRONG-ARM (HANDS, FIST, FEET OR BODILY FORCE)",AA,Adult Arrest,626,,,6700    WHITE OAK                    AV,34.19,-118.5262,2020.0,11.0,26.0,3.0,0.0,4.0,0,23,55,Evening
4522,201010047,06/15/2020 12:00:00 AM,06/14/2020 12:00:00 AM,2255,10,West Valley,1007,1,341,"THEFT-GRAND ($950.01 & OVER)EXCPT,GUNS,FOWL,LIVESTK,PROD",0344 1822 2032,57,M,W,108,PARKING LOT,,,IC,Invest Cont,341,,,7800    PASO ROBLES                  AV,34.2121,-118.5027,2020.0,6.0,14.0,6.0,0.0,2.0,1,22,55,Evening
4523,200119655,10/18/2020 12:00:00 AM,10/18/2020 12:00:00 AM,1515,1,Central,195,1,761,BRANDISH WEAPON,0334 0416 0913 1814 2000 0443 2004 1218,35,F,B,101,STREET,400.0,"STRONG-ARM (HANDS, FIST, FEET OR BODILY FORCE)",IC,Invest Cont,626,761.0,,MAPLE,34.0296,-118.2613,2020.0,10.0,18.0,6.0,0.0,4.0,1,15,15,Afternoon
4524,200314360,07/18/2020 12:00:00 AM,07/18/2020 12:00:00 AM,1600,3,Southwest,395,1,442,SHOPLIFTING - PETTY THEFT ($950 & UNDER),0325 0104 2004,19,X,X,202,LIQUOR STORE,,,IC,Invest Cont,442,,,4300 S  WESTERN                      AV,34.0052,-118.3089,2020.0,7.0,18.0,5.0,0.0,3.0,1,16,0,Afternoon
4525,200914048,08/27/2020 12:00:00 AM,08/22/2020 12:00:00 AM,1500,9,Van Nuys,969,1,330,BURGLARY FROM VEHICLE,1300 0344 1607 1307,52,F,H,108,PARKING LOT,,,IC,Invest Cont,330,,,12700 W  RIVERSIDE                    DR,34.1576,-118.4099,2020.0,8.0,22.0,5.0,0.0,3.0,1,15,0,Afternoon
4526,201006100,02/17/2020 12:00:00 AM,02/17/2020 12:00:00 AM,1815,10,West Valley,1049,2,625,OTHER ASSAULT,0359 0416 1822 0319 0202 0443,66,M,W,109,PARK/PLAYGROUND,400.0,"STRONG-ARM (HANDS, FIST, FEET OR BODILY FORCE)",IC,Invest Cont,625,,,WOODLEY,34.1796,-118.482,2020.0,2.0,17.0,0.0,0.0,1.0,0,18,15,Afternoon
4527,201305698,01/31/2020 12:00:00 AM,01/30/2020 12:00:00 AM,1900,13,Newton,1331,1,510,VEHICLE - STOLEN,,0,Unknown,,101,STREET,,,IC,Invest Cont,510,,,200 E  30TH                         ST,34.0213,-118.2696,2020.0,1.0,30.0,3.0,0.0,1.0,0,19,0,Evening
4530,200309132,03/27/2020 12:00:00 AM,03/27/2020 12:00:00 AM,2030,3,Southwest,361,1,230,"ASSAULT WITH DEADLY WEAPON, AGGRAVATED ASSAULT",0329 0302 1310 1822 0342 0450 2024 1240,26,M,X,108,PARKING LOT,102.0,HAND GUN,IC,Invest Cont,230,,,3700 S  LA BREA                      AV,34.0199,-118.3556,2020.0,3.0,27.0,4.0,0.0,1.0,0,20,30,Evening
4533,200713028,08/21/2020 12:00:00 AM,08/21/2020 12:00:00 AM,1320,7,Wilshire,701,1,330,BURGLARY FROM VEHICLE,1822 1300 0344,26,F,B,101,STREET,,,IC,Invest Cont,330,,,WARING                       AV,34.0854,-118.3718,2020.0,8.0,21.0,4.0,0.0,3.0,0,13,20,Afternoon
4539,200918875,12/27/2020 12:00:00 AM,12/26/2020 12:00:00 AM,2000,9,Van Nuys,974,1,510,VEHICLE - STOLEN,,0,Unknown,,101,STREET,,,IC,Invest Cont,510,,,WILLIS,34.1575,-118.4553,2020.0,12.0,26.0,5.0,0.0,4.0,1,20,0,Evening
4540,201218641,08/16/2020 12:00:00 AM,08/16/2020 12:00:00 AM,1500,12,77th Street,1232,1,230,"ASSAULT WITH DEADLY WEAPON, AGGRAVATED ASSAULT",1822 1100 1402 1407 1309 0209 0302 0309 0450 0906,25,M,B,101,STREET,109.0,SEMI-AUTOMATIC PISTOL,IC,Invest Cont,230,,,3400 W  59TH                         PL,33.9863,-118.333,2020.0,8.0,16.0,6.0,0.0,3.0,1,15,0,Afternoon
4541,201215051,06/20/2020 12:00:00 AM,06/20/2020 12:00:00 AM,2340,12,77th Street,1211,1,210,ROBBERY,1822 0337 0334 0443 1309 1310 1313,45,F,H,108,PARKING LOT,102.0,HAND GUN,IC,Invest Cont,210,,,SLAUSON                      AV,33.989,-118.333,2020.0,6.0,20.0,5.0,0.0,2.0,1,23,40,Evening
4542,200812186,07/22/2020 12:00:00 AM,07/22/2020 12:00:00 AM,900,8,West LA,858,1,310,BURGLARY,0913 1605 1802 0344,54,M,H,210,RESTAURANT/FAST FOOD,,,IC,Invest Cont,310,,,1400 S  ROBERTSON                    BL,34.0521,-118.3864,2020.0,7.0,22.0,2.0,0.0,3.0,0,9,0,Morning
4543,200508369,04/16/2020 12:00:00 AM,04/15/2020 12:00:00 AM,1500,5,Harbor,555,1,330,BURGLARY FROM VEHICLE,1300 1307 0344 0329 1609 0358 1302,46,F,B,101,STREET,,,IC,Invest Cont,330,,,300 N  GRAND                        AV,33.7451,-118.2901,2020.0,4.0,15.0,2.0,0.0,2.0,0,15,0,Afternoon
4544,200213143,07/29/2020 12:00:00 AM,07/29/2020 12:00:00 AM,2000,2,Rampart,279,2,745,VANDALISM - MISDEAMEANOR ($399 OR UNDER),1300 0329 1822,49,M,H,122,"VEHICLE, PASSENGER/TRUCK",,,IC,Invest Cont,745,,,UNION                        AV,34.0481,-118.2749,2020.0,7.0,29.0,2.0,0.0,3.0,0,20,0,Evening
4545,201109357,05/14/2020 12:00:00 AM,05/14/2020 12:00:00 AM,350,11,Northeast,1179,1,480,BIKE - STOLEN,344,25,M,A,104,DRIVEWAY,,,IC,Invest Cont,480,,,100 E  AVENUE 42,34.0937,-118.2092,2020.0,5.0,14.0,3.0,0.0,2.0,0,3,50,Night
4546,200810209,06-01-2020 00:00,05/31/2020 12:00:00 AM,2100,8,West LA,855,1,330,BURGLARY FROM VEHICLE,0344 0346,29,M,W,101,STREET,,,IC,Invest Cont,330,,,MALCOLM                      AV,34.0505,-118.4349,2020.0,5.0,31.0,6.0,0.0,2.0,1,21,0,Evening
4547,200509723,05/20/2020 12:00:00 AM,05/19/2020 12:00:00 AM,1900,5,Harbor,557,1,440,THEFT PLAIN - PETTY ($950 & UNDER),0329 0344,50,M,H,501,SINGLE FAMILY DWELLING,,,IC,Invest Cont,440,,,100 S  GRAND                        AV,33.7433,-118.2901,2020.0,5.0,19.0,1.0,0.0,2.0,0,19,0,Evening
4548,200316424,08/28/2020 12:00:00 AM,08/27/2020 12:00:00 AM,2300,3,Southwest,301,1,236,INTIMATE PARTNER - AGGRAVATED ASSAULT,1309 2000 1813 0913 0329 0447,36,F,B,122,"VEHICLE, PASSENGER/TRUCK",306.0,ROCK/THROWN OBJECT,AA,Adult Arrest,236,,,2500 S  REDONDO                      BL,34.0334,-118.3639,2020.0,8.0,27.0,3.0,0.0,3.0,0,23,0,Evening
4550,201226335,12/13/2020 12:00:00 AM,12/13/2020 12:00:00 AM,1115,12,77th Street,1273,1,330,BURGLARY FROM VEHICLE,1822 0344,41,M,B,101,STREET,,,IC,Invest Cont,330,,,8700 S  HOBART                       BL,33.957,-118.3079,2020.0,12.0,13.0,6.0,0.0,4.0,1,11,15,Morning
4551,200716107,11/18/2020 12:00:00 AM,11/18/2020 12:00:00 AM,1200,7,Wilshire,721,1,442,SHOPLIFTING - PETTY THEFT ($950 & UNDER),1822 0325 0344,54,M,W,406,OTHER STORE,,,IC,Invest Cont,442,,,8500    BEVERLY                      BL,34.0761,-118.3772,2020.0,11.0,18.0,2.0,0.0,4.0,0,12,0,Morning
4552,200317332,09/14/2020 12:00:00 AM,09/14/2020 12:00:00 AM,1525,3,Southwest,394,2,740,"VANDALISM - FELONY ($400 & OVER, ALL CHURCH VANDALISMS)",0329 1300 1822 2024 1212 2003,19,X,X,122,"VEHICLE, PASSENGER/TRUCK",400.0,"STRONG-ARM (HANDS, FIST, FEET OR BODILY FORCE)",IC,Invest Cont,740,,,4100    2ND                          AV,34.0103,-118.3193,2020.0,9.0,14.0,0.0,0.0,3.0,0,15,25,Afternoon
4553,200409344,05/29/2020 12:00:00 AM,05/28/2020 12:00:00 AM,2355,4,Hollenbeck,491,1,310,BURGLARY,1609 0329,0,M,W,210,RESTAURANT/FAST FOOD,,,IC,Invest Cont,310,,,1700 S  SOTO                         ST,34.0233,-118.2222,2020.0,5.0,28.0,3.0,0.0,2.0,0,23,55,Evening
4554,200309289,03/31/2020 12:00:00 AM,03/30/2020 12:00:00 AM,2200,3,Southwest,393,1,815,SEXUAL PENETRATION W/FOREIGN OBJECT,0515 0503 0522 1402 1415 0400 0913,43,F,B,501,SINGLE FAMILY DWELLING,400.0,"STRONG-ARM (HANDS, FIST, FEET OR BODILY FORCE)",AO,Adult Other,815,,,4100    MC CLUNG                     DR,34.0101,-118.3341,2020.0,3.0,30.0,0.0,0.0,1.0,0,22,0,Evening
4555,200808363,04/16/2020 12:00:00 AM,04/15/2020 12:00:00 AM,100,8,West LA,851,1,341,"THEFT-GRAND ($950.01 & OVER)EXCPT,GUNS,FOWL,LIVESTK,PROD",1202 1822 0202 0209 0216 1309 0344,65,M,W,707,GARAGE/CARPORT,,,IC,Invest Cont,341,480.0,,12100    OHIO                         AV,34.0402,-118.4629,2020.0,4.0,15.0,2.0,0.0,2.0,0,1,0,Night
4556,200710441,06/14/2020 12:00:00 AM,06/14/2020 12:00:00 AM,1000,7,Wilshire,735,2,740,"VANDALISM - FELONY ($400 & OVER, ALL CHURCH VANDALISMS)",0329 0311,26,M,B,203,OTHER BUSINESS,,,AO,Adult Other,740,,,5300    WILSHIRE                     BL,34.0622,-118.344,2020.0,6.0,14.0,6.0,0.0,2.0,1,10,0,Morning
4557,200205437,01/30/2020 12:00:00 AM,01/28/2020 12:00:00 AM,1230,2,Rampart,249,1,350,"THEFT, PERSON",0344 1822,30,M,B,101,STREET,,,IC,Invest Cont,350,,,1300 W  5TH                          ST,34.0549,-118.2614,2020.0,1.0,28.0,1.0,0.0,1.0,0,12,30,Morning
4560,201216880,07/19/2020 12:00:00 AM,07/19/2020 12:00:00 AM,640,12,77th Street,1259,1,440,THEFT PLAIN - PETTY ($950 & UNDER),0344 1202,62,M,H,501,SINGLE FAMILY DWELLING,,,IC,Invest Cont,440,,,400 E  73RD                         ST,33.9739,-118.2678,2020.0,7.0,19.0,6.0,0.0,3.0,1,6,40,Night
4561,201218706,08/16/2020 12:00:00 AM,08/16/2020 12:00:00 AM,1600,12,77th Street,1268,2,956,"LETTERS, LEWD  -  TELEPHONE CALLS, LEWD",0913 1906,51,M,B,501,SINGLE FAMILY DWELLING,511.0,VERBAL THREAT,IC,Invest Cont,956,,,200 W  85TH                         ST,33.9615,-118.2756,2020.0,8.0,16.0,6.0,0.0,3.0,1,16,0,Afternoon
4562,200817973,12/28/2020 12:00:00 AM,12/25/2020 12:00:00 AM,1200,8,West LA,836,1,310,BURGLARY,0358 1607 0344 1822,56,M,W,123,PARKING UNDERGROUND/BUILDING,,,IC,Invest Cont,310,,,1900    PANDORA                      AV,34.0548,-118.4241,2020.0,12.0,25.0,4.0,0.0,4.0,0,12,0,Morning
4563,201112790,08/23/2020 12:00:00 AM,08/21/2020 12:00:00 AM,1600,11,Northeast,1132,1,510,VEHICLE - STOLEN,,0,Unknown,,101,STREET,,,IC,Invest Cont,510,,,3100    WAVERLY                      DR,34.1116,-118.2691,2020.0,8.0,21.0,4.0,0.0,3.0,0,16,0,Afternoon
4565,200105142,01/16/2020 12:00:00 AM,01/16/2020 12:00:00 AM,1930,1,Central,111,2,745,VANDALISM - MISDEAMEANOR ($399 OR UNDER),0329 1822 1414 1202,60,M,H,121,YARD (RESIDENTIAL/BUSINESS),506.0,FIRE,IC,Invest Cont,745,,,800 N  BUNKER HILL                  AV,34.0637,-118.244,2020.0,1.0,16.0,3.0,0.0,1.0,0,19,30,Evening
4566,201013563,09/29/2020 12:00:00 AM,09/28/2020 12:00:00 AM,800,10,West Valley,1065,1,330,BURGLARY FROM VEHICLE,1300 0344 1822 0321,33,F,B,123,PARKING UNDERGROUND/BUILDING,,,IC,Invest Cont,330,,,5400    NEWCASTLE                    AV,34.1687,-118.5244,2020.0,9.0,28.0,0.0,0.0,3.0,0,8,0,Morning
4570,201308370,03/15/2020 12:00:00 AM,03/15/2020 12:00:00 AM,1125,13,Newton,1367,1,341,"THEFT-GRAND ($950.01 & OVER)EXCPT,GUNS,FOWL,LIVESTK,PROD",344,22,F,H,101,STREET,,,IC,Invest Cont,341,,,4500 S  ALAMEDA                      ST,34.0,-118.2389,2020.0,3.0,15.0,6.0,0.0,1.0,1,11,25,Morning
4572,201307683,03-06-2020 00:00,02/26/2020 12:00:00 AM,1200,13,Newton,1331,2,354,THEFT OF IDENTITY,1822,29,F,B,501,SINGLE FAMILY DWELLING,,,IC,Invest Cont,354,,,2700 S  GRAND                        AV,34.0254,-118.2729,2020.0,2.0,26.0,2.0,0.0,1.0,0,12,0,Morning
4573,201013389,09/24/2020 12:00:00 AM,09/23/2020 12:00:00 AM,1630,10,West Valley,1065,1,330,BURGLARY FROM VEHICLE,9999 0344 1822 1420,41,F,W,108,PARKING LOT,,,IC,Invest Cont,330,,,5300    YARMOUTH                     AV,34.167,-118.5203,2020.0,9.0,23.0,2.0,0.0,3.0,0,16,30,Afternoon
4574,200510581,06/13/2020 12:00:00 AM,06/13/2020 12:00:00 AM,1,5,Harbor,566,2,624,BATTERY - SIMPLE ASSAULT,0913 0602 0553 0416,30,M,H,501,SINGLE FAMILY DWELLING,400.0,"STRONG-ARM (HANDS, FIST, FEET OR BODILY FORCE)",AO,Adult Other,624,,,1200 S  PALOS VERDES                 ST,33.7324,-118.2814,2020.0,6.0,13.0,5.0,0.0,2.0,1,0,1,Night
4576,200210328,05/18/2020 12:00:00 AM,05/16/2020 12:00:00 AM,2000,2,Rampart,279,1,420,THEFT FROM MOTOR VEHICLE - PETTY ($950 & UNDER),0344 0385 1608 1300,22,M,H,101,STREET,,,IC,Invest Cont,420,,,VALENCIA,34.0484,-118.2724,2020.0,5.0,16.0,5.0,0.0,2.0,1,20,0,Evening
4578,200310764,05-03-2020 00:00,04/25/2020 12:00:00 AM,1600,3,Southwest,363,1,420,THEFT FROM MOTOR VEHICLE - PETTY ($950 & UNDER),,0,Unknown,,104,DRIVEWAY,,,IC,Invest Cont,420,,,3900    BUCKINGHAM                   RD,34.0163,-118.3406,2020.0,4.0,25.0,5.0,0.0,2.0,1,16,0,Afternoon
4579,201213197,05/20/2020 12:00:00 AM,05/20/2020 12:00:00 AM,1809,12,77th Street,1257,2,740,"VANDALISM - FELONY ($400 & OVER, ALL CHURCH VANDALISMS)",0329 1822,23,M,W,101,STREET,,,IC,Invest Cont,740,,,78TH                         ST,33.9689,-118.2827,2020.0,5.0,20.0,2.0,0.0,2.0,0,18,9,Afternoon
4580,200809706,05/21/2020 12:00:00 AM,05/21/2020 12:00:00 AM,145,8,West LA,849,1,480,BIKE - STOLEN,2004 0344 1606 1822,31,M,W,707,GARAGE/CARPORT,,,IC,Invest Cont,480,,,1000 S  SHERBOURNE                   DR,34.0594,-118.3793,2020.0,5.0,21.0,3.0,0.0,2.0,0,1,45,Night
4582,200321833,12/13/2020 12:00:00 AM,12/13/2020 12:00:00 AM,1530,3,Southwest,313,2,624,BATTERY - SIMPLE ASSAULT,0416 0446 0913,44,M,H,101,STREET,400.0,"STRONG-ARM (HANDS, FIST, FEET OR BODILY FORCE)",IC,Invest Cont,624,,,ADAMS                        BL,34.0326,-118.3343,2020.0,12.0,13.0,6.0,0.0,4.0,1,15,30,Afternoon
4583,200504818,01/19/2020 12:00:00 AM,01/19/2020 12:00:00 AM,300,5,Harbor,563,2,626,INTIMATE PARTNER - SIMPLE ASSAULT,0913 2000 1814 0448,29,F,W,501,SINGLE FAMILY DWELLING,400.0,"STRONG-ARM (HANDS, FIST, FEET OR BODILY FORCE)",AO,Adult Other,626,,,900 W  9TH                          ST,33.7361,-118.2968,2020.0,1.0,19.0,6.0,0.0,1.0,1,3,0,Night
4584,200311929,05/26/2020 12:00:00 AM,05/26/2020 12:00:00 AM,1615,3,Southwest,362,1,761,BRANDISH WEAPON,0334 0422 0443 1814 2000 0913,33,M,B,502,"MULTI-UNIT DWELLING (APARTMENT, DUPLEX, ETC)",205.0,KITCHEN KNIFE,AO,Adult Other,761,930.0,,4500    AUGUST                       ST,34.016,-118.3473,2020.0,5.0,26.0,1.0,0.0,2.0,0,16,15,Afternoon
4586,200209898,05-07-2020 00:00,04/15/2020 12:00:00 AM,1210,2,Rampart,245,1,440,THEFT PLAIN - PETTY ($950 & UNDER),0344 0349,26,F,B,502,"MULTI-UNIT DWELLING (APARTMENT, DUPLEX, ETC)",,,IC,Invest Cont,440,,,2200 W  6TH                          ST,34.0601,-118.2761,2020.0,4.0,15.0,2.0,0.0,2.0,0,12,10,Morning
4587,201217136,07/24/2020 12:00:00 AM,07/24/2020 12:00:00 AM,1130,12,77th Street,1207,2,740,"VANDALISM - FELONY ($400 & OVER, ALL CHURCH VANDALISMS)",1822 0329 1307,35,F,H,122,"VEHICLE, PASSENGER/TRUCK",,,IC,Invest Cont,740,,,4400 S  VERMONT                      AV,34.0034,-118.2916,2020.0,7.0,24.0,4.0,0.0,3.0,0,11,30,Morning
4588,200618958,12-07-2020 00:00,11/30/2020 12:00:00 AM,1000,6,Hollywood,647,2,354,THEFT OF IDENTITY,0929 1822 0924 0930 0935 0922,26,M,W,501,SINGLE FAMILY DWELLING,,,IC,Invest Cont,354,,,5800 W  SUNSET                       BL,34.0998,-118.3211,2020.0,11.0,30.0,0.0,0.0,4.0,0,10,0,Morning
4590,201113115,09-01-2020 00:00,08/31/2020 12:00:00 AM,1845,11,Northeast,1126,2,664,"BUNCO, PETTY THEFT",701,0,X,X,247,CAR WASH,,,IC,Invest Cont,664,,,5500    YORK                         BL,34.1197,-118.1982,2020.0,8.0,31.0,0.0,0.0,3.0,0,18,45,Afternoon
4591,200809897,05/25/2020 12:00:00 AM,05/24/2020 12:00:00 AM,1303,8,West LA,842,2,740,"VANDALISM - FELONY ($400 & OVER, ALL CHURCH VANDALISMS)",329,47,M,W,122,"VEHICLE, PASSENGER/TRUCK",,,IC,Invest Cont,740,,,COLBY                        AV,34.0469,-118.4546,2020.0,5.0,24.0,6.0,0.0,2.0,1,13,3,Afternoon
4592,201107952,04-02-2020 00:00,03/30/2020 12:00:00 AM,1200,11,Northeast,1129,2,354,THEFT OF IDENTITY,100,30,F,V,501,SINGLE FAMILY DWELLING,,,IC,Invest Cont,354,,,6400    YORK                         BL,34.1144,-118.1815,2020.0,3.0,30.0,0.0,0.0,1.0,0,12,0,Morning
4593,200514672,09/29/2020 12:00:00 AM,09/29/2020 12:00:00 AM,2105,5,Harbor,525,1,230,"ASSAULT WITH DEADLY WEAPON, AGGRAVATED ASSAULT",1309 1822 0319,54,M,O,101,STREET,307.0,VEHICLE,IC,Invest Cont,230,,,300 W  C                            ST,33.7725,-118.2658,2020.0,9.0,29.0,1.0,0.0,3.0,0,21,5,Evening
4594,201221668,09/29/2020 12:00:00 AM,09/29/2020 12:00:00 AM,2020,12,77th Street,1283,2,626,INTIMATE PARTNER - SIMPLE ASSAULT,2000 1814 0913 0416 1218,33,F,B,101,STREET,400.0,"STRONG-ARM (HANDS, FIST, FEET OR BODILY FORCE)",AO,Adult Other,626,,,88TH                         ST,33.9486,-118.3094,2020.0,9.0,29.0,1.0,0.0,3.0,0,20,20,Evening
4598,200907804,03/24/2020 12:00:00 AM,03/24/2020 12:00:00 AM,1425,9,Van Nuys,941,1,442,SHOPLIFTING - PETTY THEFT ($950 & UNDER),1420 0325,28,M,H,406,OTHER STORE,,,AA,Adult Arrest,442,,,5700    SEPULVEDA                    BL,34.174,-118.4662,2020.0,3.0,24.0,1.0,0.0,1.0,0,14,25,Afternoon
4599,201218498,08/13/2020 12:00:00 AM,08/13/2020 12:00:00 AM,1730,12,77th Street,1245,1,210,ROBBERY,0344 0448 1218 1309 1402 1822 1900 0429,40,M,W,101,STREET,400.0,"STRONG-ARM (HANDS, FIST, FEET OR BODILY FORCE)",AA,Adult Arrest,210,998.0,,RAYMOND                      AV,33.9806,-118.2981,2020.0,8.0,13.0,3.0,0.0,3.0,0,17,30,Afternoon
4600,200807906,04-01-2020 00:00,03/27/2020 12:00:00 AM,1,8,West LA,893,1,341,"THEFT-GRAND ($950.01 & OVER)EXCPT,GUNS,FOWL,LIVESTK,PROD",1822 0344 0349 1607,38,F,W,502,"MULTI-UNIT DWELLING (APARTMENT, DUPLEX, ETC)",,,IC,Invest Cont,341,,,2600 S  SEPULVEDA                    BL,34.033,-118.4324,2020.0,3.0,27.0,4.0,0.0,1.0,0,0,1,Night
4601,200118713,09/30/2020 12:00:00 AM,09/30/2020 12:00:00 AM,1430,1,Central,138,1,230,"ASSAULT WITH DEADLY WEAPON, AGGRAVATED ASSAULT",2004 2033 0416 1218 1822 1414,51,M,B,101,STREET,312.0,PIPE/METAL PIPE,IC,Invest Cont,230,,,SAN PEDRO,34.0466,-118.2427,2020.0,9.0,30.0,2.0,0.0,3.0,0,14,30,Afternoon
4603,200411258,07/28/2020 12:00:00 AM,07/24/2020 12:00:00 AM,1500,4,Hollenbeck,417,1,420,THEFT FROM MOTOR VEHICLE - PETTY ($950 & UNDER),344,31,F,H,101,STREET,,,IC,Invest Cont,420,,,3100    PYRITES                      ST,34.0815,-118.1938,2020.0,7.0,24.0,4.0,0.0,3.0,0,15,0,Afternoon
4606,200105728,01/26/2020 12:00:00 AM,01/26/2020 12:00:00 AM,125,1,Central,171,2,624,BATTERY - SIMPLE ASSAULT,0416 1822 0344,23,F,H,735,NIGHT CLUB (OPEN EVENINGS ONLY),400.0,"STRONG-ARM (HANDS, FIST, FEET OR BODILY FORCE)",IC,Invest Cont,624,,,800 W  OLYMPIC                      BL,34.045,-118.264,2020.0,1.0,26.0,6.0,0.0,1.0,1,1,25,Night
4608,201205155,01/16/2020 12:00:00 AM,01/14/2020 12:00:00 AM,1200,12,77th Street,1239,2,810,"SEX,UNLAWFUL(INC MUTUAL CONSENT, PENETRATION W/ FRGN OBJ",1259 0527 0913 0533,16,F,B,101,STREET,,,IC,Invest Cont,810,,,59TH                         ST,33.9874,-118.287,2020.0,1.0,14.0,1.0,0.0,1.0,0,12,0,Morning
4609,201215222,06/23/2020 12:00:00 AM,06/23/2020 12:00:00 AM,1330,12,77th Street,1267,1,230,"ASSAULT WITH DEADLY WEAPON, AGGRAVATED ASSAULT",0913 1402 0443 0329 0447 0411 0432,27,M,B,501,SINGLE FAMILY DWELLING,221.0,GLASS,IC,Invest Cont,230,,,900 W  85TH                         ST,33.9613,-118.2893,2020.0,6.0,23.0,1.0,0.0,2.0,0,13,30,Afternoon
4611,200516947,11/21/2020 12:00:00 AM,11/13/2020 12:00:00 AM,1800,5,Harbor,569,1,420,THEFT FROM MOTOR VEHICLE - PETTY ($950 & UNDER),,0,Unknown,,213,WAREHOUSE,,,IC,Invest Cont,420,,,1100    NAGOYA                       WY,33.7322,-118.2769,2020.0,11.0,13.0,4.0,0.0,4.0,0,18,0,Afternoon
4612,201109947,05/31/2020 12:00:00 AM,05/24/2020 12:00:00 AM,1630,11,Northeast,1123,2,900,VIOLATION OF COURT ORDER,2038 0913 1814,43,F,W,738,LIBRARY,,,AO,Adult Other,900,,,3600    REVERE                       AV,34.1199,-118.2588,2020.0,5.0,24.0,6.0,0.0,2.0,1,16,30,Afternoon
4616,200505315,01/31/2020 12:00:00 AM,01/31/2020 12:00:00 AM,1250,5,Harbor,525,2,901,VIOLATION OF RESTRAINING ORDER,2004 2038,54,F,H,502,"MULTI-UNIT DWELLING (APARTMENT, DUPLEX, ETC)",,,IC,Invest Cont,901,,,800 W  F                            ST,33.7766,-118.2713,2020.0,1.0,31.0,4.0,0.0,1.0,0,12,50,Morning
4618,200915262,09/29/2020 12:00:00 AM,02/21/2020 12:00:00 AM,2350,9,Van Nuys,909,1,331,THEFT FROM MOTOR VEHICLE - GRAND ($950.01 AND OVER),0385 0344,32,M,H,101,STREET,,,IC,Invest Cont,331,,,COSTELLO                     AV,34.2058,-118.4382,2020.0,2.0,21.0,4.0,0.0,1.0,0,23,50,Evening
4620,201008083,04/16/2020 12:00:00 AM,04/16/2020 12:00:00 AM,750,10,West Valley,1039,2,624,BATTERY - SIMPLE ASSAULT,1402 0416 0447 0913 1202,60,M,H,510,NURSING/CONVALESCENT/RETIREMENT HOME,400.0,"STRONG-ARM (HANDS, FIST, FEET OR BODILY FORCE)",IC,Invest Cont,624,998.0,,6600    GAVIOTA                      AV,34.1903,-118.4815,2020.0,4.0,16.0,3.0,0.0,2.0,0,7,50,Morning
4622,200118159,09/18/2020 12:00:00 AM,09/18/2020 12:00:00 AM,1830,1,Central,157,2,624,BATTERY - SIMPLE ASSAULT,416,50,M,W,101,STREET,500.0,UNKNOWN WEAPON/OTHER WEAPON,IC,Invest Cont,624,,,5TH                          ST,34.0435,-118.2427,2020.0,9.0,18.0,4.0,0.0,3.0,0,18,30,Afternoon
4623,201214649,06/13/2020 12:00:00 AM,06/13/2020 12:00:00 AM,2230,12,77th Street,1283,1,236,INTIMATE PARTNER - AGGRAVATED ASSAULT,1300 1309 2000 0416 0913,21,F,B,101,STREET,400.0,"STRONG-ARM (HANDS, FIST, FEET OR BODILY FORCE)",IC,Invest Cont,236,,,2000 W  96TH                         ST,33.9491,-118.3139,2020.0,6.0,13.0,5.0,0.0,2.0,1,22,30,Evening
4624,200805550,02-04-2020 00:00,01/13/2020 12:00:00 AM,930,8,West LA,858,2,745,VANDALISM - MISDEAMEANOR ($399 OR UNDER),1420 0447 0329,47,F,O,501,SINGLE FAMILY DWELLING,,,AO,Adult Other,745,,,1100 S  LA PEER                      DR,34.0571,-118.3868,2020.0,1.0,13.0,0.0,0.0,1.0,0,9,30,Morning
4625,200305794,01/30/2020 12:00:00 AM,01/30/2020 12:00:00 AM,2205,3,Southwest,357,1,230,"ASSAULT WITH DEADLY WEAPON, AGGRAVATED ASSAULT",0910 1822 0334 0431 2052 2050 1259,15,X,X,945,MTA - EXPO LINE - EXPO/VERMONT,512.0,MACE/PEPPER SPRAY,IC,Invest Cont,230,,,1000    EXPOSITION                   BL,34.0219,-118.2959,2020.0,1.0,30.0,3.0,0.0,1.0,0,22,5,Evening
4628,200714950,10/15/2020 12:00:00 AM,10/15/2020 12:00:00 AM,1520,7,Wilshire,742,2,946,OTHER MISCELLANEOUS CRIME,0910 2049 1501,42,M,H,801,MTA BUS,511.0,VERBAL THREAT,IC,Invest Cont,946,,,WILSHIRE,34.063,-118.3619,2020.0,10.0,15.0,3.0,0.0,4.0,0,15,20,Afternoon
4629,200107202,02/15/2020 12:00:00 AM,02/15/2020 12:00:00 AM,705,1,Central,152,1,440,THEFT PLAIN - PETTY ($950 & UNDER),1822 1202 2032 0344 1218 0910,71,F,O,903,MTA - RED LINE - 7TH AND METRO CENTER,,,IC,Invest Cont,440,,,600 S  FIGUEROA                     ST,34.0509,-118.2585,2020.0,2.0,15.0,5.0,0.0,1.0,1,7,5,Morning
4630,201225231,11/22/2020 12:00:00 AM,11/21/2020 12:00:00 AM,2330,12,77th Street,1268,1,350,"THEFT, PERSON",0913 0344 0400 0408 1814 2000,26,F,B,502,"MULTI-UNIT DWELLING (APARTMENT, DUPLEX, ETC)",400.0,"STRONG-ARM (HANDS, FIST, FEET OR BODILY FORCE)",AA,Adult Arrest,350,626.0,,100 W  80TH                         ST,33.9669,-118.2739,2020.0,11.0,21.0,5.0,0.0,4.0,1,23,30,Evening
4631,200518117,12/22/2020 12:00:00 AM,12/21/2020 12:00:00 AM,200,5,Harbor,501,1,420,THEFT FROM MOTOR VEHICLE - PETTY ($950 & UNDER),0344 0358 1300 1606 0216,39,M,H,104,DRIVEWAY,,,IC,Invest Cont,420,,,1000 W  184TH                        ST,33.8634,-118.2919,2020.0,12.0,21.0,0.0,0.0,4.0,0,2,0,Night
4635,200714192,09/24/2020 12:00:00 AM,09/24/2020 12:00:00 AM,740,7,Wilshire,778,2,624,BATTERY - SIMPLE ASSAULT,1822 0417 0446 1402 2004,18,M,H,102,SIDEWALK,400.0,"STRONG-ARM (HANDS, FIST, FEET OR BODILY FORCE)",AO,Adult Other,624,998.0,,1600    7TH                          AV,34.0418,-118.3248,2020.0,9.0,24.0,3.0,0.0,3.0,0,7,40,Morning
4637,200306834,02/17/2020 12:00:00 AM,02/17/2020 12:00:00 AM,2000,3,Southwest,316,1,230,"ASSAULT WITH DEADLY WEAPON, AGGRAVATED ASSAULT",0302 0309 0334 0450 1100 1309 1407 1822 1414,20,M,H,101,STREET,102.0,HAND GUN,IC,Invest Cont,230,,,24TH                         ST,34.0346,-118.3058,2020.0,2.0,17.0,0.0,0.0,1.0,0,20,0,Evening
4640,200114902,07/16/2020 12:00:00 AM,06/29/2020 12:00:00 AM,100,1,Central,192,1,210,ROBBERY,0377 1278 2004 0305 0416 0429 0344 1822,48,M,B,102,SIDEWALK,500.0,UNKNOWN WEAPON/OTHER WEAPON,IC,Invest Cont,210,,,18TH                         ST,34.0342,-118.2673,2020.0,6.0,29.0,0.0,0.0,2.0,0,1,0,Night
4642,200113545,06/17/2020 12:00:00 AM,06/17/2020 12:00:00 AM,1625,1,Central,112,1,440,THEFT PLAIN - PETTY ($950 & UNDER),1822 0344,24,F,W,102,SIDEWALK,,,IC,Invest Cont,440,,,200 W  TEMPLE                       ST,34.057,-118.2437,2020.0,6.0,17.0,2.0,0.0,2.0,0,16,25,Afternoon
4644,200319254,10/22/2020 12:00:00 AM,10/22/2020 12:00:00 AM,1040,3,Southwest,397,2,901,VIOLATION OF RESTRAINING ORDER,0913 0561 2038 1202 2004,74,M,W,501,SINGLE FAMILY DWELLING,,,IC,Invest Cont,901,,,1100 W  41ST                         PL,34.0082,-118.2952,2020.0,10.0,22.0,3.0,0.0,4.0,0,10,40,Morning
4645,201104874,01/22/2020 12:00:00 AM,01/20/2020 12:00:00 AM,1300,11,Northeast,1175,1,330,BURGLARY FROM VEHICLE,1307 0344,31,F,W,101,STREET,,,IC,Invest Cont,330,,,ELYSIAN PARK,34.0857,-118.2457,2020.0,1.0,20.0,0.0,0.0,1.0,0,13,0,Afternoon
4646,201111706,07/22/2020 12:00:00 AM,07/21/2020 12:00:00 AM,2350,11,Northeast,1179,1,440,THEFT PLAIN - PETTY ($950 & UNDER),1218 0344,49,M,B,102,SIDEWALK,,,IC,Invest Cont,440,,,AVENUE 43,34.0945,-118.2085,2020.0,7.0,21.0,1.0,0.0,3.0,0,23,50,Evening
4647,200415117,11/22/2020 12:00:00 AM,11/22/2020 12:00:00 AM,30,4,Hollenbeck,489,2,624,BATTERY - SIMPLE ASSAULT,0913 0446 0417 0429 2002,19,M,H,101,STREET,400.0,"STRONG-ARM (HANDS, FIST, FEET OR BODILY FORCE)",IC,Invest Cont,624,,,2700    WYNGLEN                      LN,34.0274,-118.2188,2020.0,11.0,22.0,6.0,0.0,4.0,1,0,30,Night
4650,201306862,02/21/2020 12:00:00 AM,02/20/2020 12:00:00 AM,2100,13,Newton,1322,1,510,VEHICLE - STOLEN,,0,Unknown,,101,STREET,,,IC,Invest Cont,510,,,23RD                         ST,34.025,-118.2618,2020.0,2.0,20.0,3.0,0.0,1.0,0,21,0,Evening
4653,200817807,12/22/2020 12:00:00 AM,12/21/2020 12:00:00 AM,2300,8,West LA,898,1,330,BURGLARY FROM VEHICLE,0344 1822,54,F,O,707,GARAGE/CARPORT,,,IC,Invest Cont,330,,,9000    HARGIS                       ST,34.0359,-118.3891,2020.0,12.0,21.0,0.0,0.0,4.0,0,23,0,Evening
4655,200918967,12/30/2020 12:00:00 AM,12/29/2020 12:00:00 AM,2312,9,Van Nuys,964,1,210,ROBBERY,1402 0344 0216 1822 0334 1300,30,M,W,102,SIDEWALK,400.0,"STRONG-ARM (HANDS, FIST, FEET OR BODILY FORCE)",AA,Adult Arrest,210,998.0,,HUSTON,34.1594,-118.4454,2020.0,12.0,29.0,1.0,0.0,4.0,0,23,12,Evening
4657,201009019,05/15/2020 12:00:00 AM,05/14/2020 12:00:00 AM,1900,10,West Valley,1023,1,510,VEHICLE - STOLEN,,0,Unknown,,101,STREET,,,IC,Invest Cont,510,,,KITTRIDGE,34.1902,-118.5448,2020.0,5.0,14.0,3.0,0.0,2.0,0,19,0,Evening
4658,200207779,03/15/2020 12:00:00 AM,03/15/2020 12:00:00 AM,940,2,Rampart,201,2,624,BATTERY - SIMPLE ASSAULT,1822 0448 0906,28,M,B,101,STREET,400.0,"STRONG-ARM (HANDS, FIST, FEET OR BODILY FORCE)",IC,Invest Cont,624,,,VERMONT,34.0909,-118.2917,2020.0,3.0,15.0,6.0,0.0,1.0,1,9,40,Morning
4659,200112717,06-01-2020 00:00,05/30/2020 12:00:00 AM,1600,1,Central,176,1,310,BURGLARY,1609 0344 1822 0352,0,X,X,405,CLOTHING STORE,500.0,UNKNOWN WEAPON/OTHER WEAPON,IC,Invest Cont,310,,,700 S  LOS ANGELES                  ST,34.0433,-118.2504,2020.0,5.0,30.0,5.0,0.0,2.0,1,16,0,Afternoon
4660,200507656,03/26/2020 12:00:00 AM,03/26/2020 12:00:00 AM,900,5,Harbor,513,1,442,SHOPLIFTING - PETTY THEFT ($950 & UNDER),0344 1817 2028 0325,0,X,X,401,MINI-MART,,,IC,Invest Cont,442,,,1100    PACIFIC COAST                HY,33.7903,-118.2955,2020.0,3.0,26.0,3.0,0.0,1.0,0,9,0,Morning
4662,201213602,05/27/2020 12:00:00 AM,05/25/2020 12:00:00 AM,1720,12,77th Street,1268,1,230,"ASSAULT WITH DEADLY WEAPON, AGGRAVATED ASSAULT",0416 0216 1822,39,M,H,104,DRIVEWAY,400.0,"STRONG-ARM (HANDS, FIST, FEET OR BODILY FORCE)",IC,Invest Cont,230,,,200 E  84TH                         PL,33.9619,-118.2717,2020.0,5.0,25.0,0.0,0.0,2.0,0,17,20,Afternoon
4664,200617121,10/22/2020 12:00:00 AM,10/18/2020 12:00:00 AM,2000,6,Hollywood,643,1,440,THEFT PLAIN - PETTY ($950 & UNDER),0344 1822 0394,26,F,W,502,"MULTI-UNIT DWELLING (APARTMENT, DUPLEX, ETC)",,,IC,Invest Cont,440,,,7300    HAWTHORN                     AV,34.0998,-118.35,2020.0,10.0,18.0,6.0,0.0,4.0,1,20,0,Evening
4667,201111570,07/18/2020 12:00:00 AM,07/18/2020 12:00:00 AM,600,11,Northeast,1139,1,510,VEHICLE - STOLEN,,0,Unknown,,101,STREET,,,IC,Invest Cont,510,,,5800    ARROYO                       DR,34.1054,-118.1894,2020.0,7.0,18.0,5.0,0.0,3.0,1,6,0,Night
4668,200314559,07/22/2020 12:00:00 AM,07/22/2020 12:00:00 AM,1535,3,Southwest,363,2,624,BATTERY - SIMPLE ASSAULT,1822 0319 0416 0446,36,F,H,502,"MULTI-UNIT DWELLING (APARTMENT, DUPLEX, ETC)",400.0,"STRONG-ARM (HANDS, FIST, FEET OR BODILY FORCE)",AA,Adult Arrest,624,,,4000    PALMYRA                      RD,34.0142,-118.3423,2020.0,7.0,22.0,2.0,0.0,3.0,0,15,35,Afternoon
4669,200404787,01/21/2020 12:00:00 AM,01/21/2020 12:00:00 AM,1130,4,Hollenbeck,456,1,510,VEHICLE - STOLEN,,0,Unknown,,101,STREET,,,IC,Invest Cont,510,,,2700    WINTER                       ST,34.0491,-118.2016,2020.0,1.0,21.0,1.0,0.0,1.0,0,11,30,Morning
4672,200713811,09/14/2020 12:00:00 AM,09/13/2020 12:00:00 AM,1725,7,Wilshire,724,2,626,INTIMATE PARTNER - SIMPLE ASSAULT,2000 1813 2004 1218 0416 0449,46,F,H,101,STREET,400.0,"STRONG-ARM (HANDS, FIST, FEET OR BODILY FORCE)",IC,Invest Cont,626,,,3RD,34.0716,-118.3614,2020.0,9.0,13.0,6.0,0.0,3.0,1,17,25,Afternoon
4674,200811935,07/16/2020 12:00:00 AM,07/14/2020 12:00:00 AM,1500,8,West LA,887,2,354,THEFT OF IDENTITY,0100 0928 1822,27,M,W,501,SINGLE FAMILY DWELLING,,,IC,Invest Cont,354,,,2700    BAGLEY                       AV,34.0368,-118.3931,2020.0,7.0,14.0,1.0,0.0,3.0,0,15,0,Afternoon
4675,200614755,08/31/2020 12:00:00 AM,08/31/2020 12:00:00 AM,1420,6,Hollywood,656,2,745,VANDALISM - MISDEAMEANOR ($399 OR UNDER),1300 0329 1402 1309,42,M,H,108,PARKING LOT,,,IC,Invest Cont,745,998.0,,900    VINE                         ST,34.0871,-118.3266,2020.0,8.0,31.0,0.0,0.0,3.0,0,14,20,Afternoon
4677,200711001,06/26/2020 12:00:00 AM,06/25/2020 12:00:00 AM,1900,7,Wilshire,785,1,330,BURGLARY FROM VEHICLE,1300 0344,35,F,B,504,OTHER RESIDENCE,,,IC,Invest Cont,330,,,2100 S  VIEW                         ST,34.0359,-118.3465,2020.0,6.0,25.0,3.0,0.0,2.0,0,19,0,Evening
4679,200715467,10/30/2020 12:00:00 AM,10/30/2020 12:00:00 AM,10,7,Wilshire,747,1,210,ROBBERY,1309 0302 0355 0344,26,M,O,101,STREET,102.0,HAND GUN,IC,Invest Cont,210,,,HIGHLAND                     AV,34.0533,-118.3406,2020.0,10.0,30.0,4.0,0.0,4.0,0,0,10,Night
4680,200609112,04/15/2020 12:00:00 AM,04/14/2020 12:00:00 AM,2330,6,Hollywood,649,1,310,BURGLARY,0344 0329 1607,36,M,O,501,SINGLE FAMILY DWELLING,,,IC,Invest Cont,310,,,1600 N  SERRANO                      AV,34.1001,-118.3071,2020.0,4.0,14.0,1.0,0.0,2.0,0,23,30,Evening
4681,200612904,07/21/2020 12:00:00 AM,07/21/2020 12:00:00 AM,2130,6,Hollywood,645,1,310,BURGLARY,0344 1822,20,F,B,503,HOTEL,,,AO,Adult Other,310,,,7000    FRANKLIN                     AV,34.1041,-118.3427,2020.0,7.0,21.0,1.0,0.0,3.0,0,21,30,Evening
4682,200817078,12-01-2020 00:00,09/29/2020 12:00:00 AM,1200,8,West LA,849,1,341,"THEFT-GRAND ($950.01 & OVER)EXCPT,GUNS,FOWL,LIVESTK,PROD",0321 1402 0344 0352 0913 1810,50,F,W,502,"MULTI-UNIT DWELLING (APARTMENT, DUPLEX, ETC)",,,AA,Adult Arrest,341,,,1100 S  CORNING                      ST,34.0557,-118.3774,2020.0,9.0,29.0,1.0,0.0,3.0,0,12,0,Morning
4683,200100782,05/15/2020 12:00:00 AM,05/15/2020 12:00:00 AM,815,1,Central,162,2,624,BATTERY - SIMPLE ASSAULT,0416 1822,40,M,H,406,OTHER STORE,400.0,"STRONG-ARM (HANDS, FIST, FEET OR BODILY FORCE)",IC,Invest Cont,624,,,600 W  7TH                          ST,34.0473,-118.2566,2020.0,5.0,15.0,4.0,0.0,2.0,0,8,15,Morning
4684,200816945,11/28/2020 12:00:00 AM,11/27/2020 12:00:00 AM,1600,8,West LA,884,1,331,THEFT FROM MOTOR VEHICLE - GRAND ($950.01 AND OVER),0385 0344 1822,58,M,W,101,STREET,,,IC,Invest Cont,331,,,2300    MALCOLM                      AV,34.0414,-118.4269,2020.0,11.0,27.0,4.0,0.0,4.0,0,16,0,Afternoon
4688,200617248,10/26/2020 12:00:00 AM,10/26/2020 12:00:00 AM,1215,6,Hollywood,636,2,755,BOMB SCARE,0421 0404 1822 1501,32,M,H,502,"MULTI-UNIT DWELLING (APARTMENT, DUPLEX, ETC)",501.0,BOMB THREAT,IC,Invest Cont,755,,,6500    YUCCA                        ST,34.1039,-118.3318,2020.0,10.0,26.0,0.0,0.0,4.0,0,12,15,Morning
4690,200815544,10/21/2020 12:00:00 AM,10/21/2020 12:00:00 AM,1,8,West LA,806,2,740,"VANDALISM - FELONY ($400 & OVER, ALL CHURCH VANDALISMS)",329,52,F,O,121,YARD (RESIDENTIAL/BUSINESS),,,IC,Invest Cont,740,,,2400    ROSCOMARE                    RD,34.1191,-118.4638,2020.0,10.0,21.0,2.0,0.0,4.0,0,0,1,Night
4692,201011503,07/30/2020 12:00:00 AM,07/30/2020 12:00:00 AM,810,10,West Valley,1065,2,740,"VANDALISM - FELONY ($400 & OVER, ALL CHURCH VANDALISMS)",0329 1822 1300 2004 0319 0359 2051 1253 1420 0910,28,F,H,122,"VEHICLE, PASSENGER/TRUCK",305.0,FIXED OBJECT,IC,Invest Cont,740,,,17900 W  VENTURA                      BL,34.1675,-118.5226,2020.0,7.0,30.0,3.0,0.0,3.0,0,8,10,Morning
4694,200319096,10/19/2020 12:00:00 AM,10/17/2020 12:00:00 AM,2330,3,Southwest,357,1,231,ASSAULT WITH DEADLY WEAPON ON POLICE OFFICER,1212 1409 0917 0342 0302 1309 1822 1402 1407,0,M,X,101,STREET,102.0,HAND GUN,AA,Adult Arrest,231,998.0,,BUDLONG                      AV,34.0255,-118.2959,2020.0,10.0,17.0,5.0,0.0,4.0,1,23,30,Evening
4695,200114759,07/13/2020 12:00:00 AM,07/13/2020 12:00:00 AM,750,1,Central,152,2,624,BATTERY - SIMPLE ASSAULT,0400 1822,55,M,H,102,SIDEWALK,400.0,"STRONG-ARM (HANDS, FIST, FEET OR BODILY FORCE)",IC,Invest Cont,624,,,HOPE,34.0486,-118.2571,2020.0,7.0,13.0,0.0,0.0,3.0,0,7,50,Morning
4699,200205335,01/28/2020 12:00:00 AM,01/28/2020 12:00:00 AM,445,2,Rampart,205,1,210,ROBBERY,0913 1814 2004 0344 0416 2000 2002,38,F,W,502,"MULTI-UNIT DWELLING (APARTMENT, DUPLEX, ETC)",400.0,"STRONG-ARM (HANDS, FIST, FEET OR BODILY FORCE)",AA,Adult Arrest,210,,,700    PARKMAN                      AV,34.079,-118.2758,2020.0,1.0,28.0,1.0,0.0,1.0,0,4,45,Night
4700,201213622,05/26/2020 12:00:00 AM,05/26/2020 12:00:00 AM,1825,12,77th Street,1241,1,230,"ASSAULT WITH DEADLY WEAPON, AGGRAVATED ASSAULT",1236 1822 0447 0431,60,M,H,222,LAUNDROMAT,500.0,UNKNOWN WEAPON/OTHER WEAPON,IC,Invest Cont,230,,,3300    HYDE PARK                    BL,33.9806,-118.3294,2020.0,5.0,26.0,1.0,0.0,2.0,0,18,25,Afternoon
4701,200413305,09/30/2020 12:00:00 AM,09/29/2020 12:00:00 AM,2200,4,Hollenbeck,438,1,251,SHOTS FIRED AT INHABITED DWELLING,1100 1407 1202,85,M,H,501,SINGLE FAMILY DWELLING,106.0,UNKNOWN FIREARM,IC,Invest Cont,251,998.0,,4900    LA CALANDRIA                 WY,34.0719,-118.1779,2020.0,9.0,29.0,1.0,0.0,3.0,0,22,0,Evening
4703,200816365,11/13/2020 12:00:00 AM,11/13/2020 12:00:00 AM,30,8,West LA,802,1,330,BURGLARY FROM VEHICLE,1420 0216 0344 1822,57,M,W,104,DRIVEWAY,,,IC,Invest Cont,330,,,1100    MONUMENT                     ST,34.0487,-118.5246,2020.0,11.0,13.0,4.0,0.0,4.0,0,0,30,Night
4704,201205434,01/21/2020 12:00:00 AM,01/21/2020 12:00:00 AM,820,12,77th Street,1213,2,745,VANDALISM - MISDEAMEANOR ($399 OR UNDER),0913 1309 0329 1307,29,F,B,122,"VEHICLE, PASSENGER/TRUCK",,,IC,Invest Cont,745,,,1700 W  54TH                         ST,33.9933,-118.3068,2020.0,1.0,21.0,1.0,0.0,1.0,0,8,20,Morning
4705,200904587,01/14/2020 12:00:00 AM,01/13/2020 12:00:00 AM,1300,9,Van Nuys,943,1,761,BRANDISH WEAPON,1822 0319 1414 0334,61,M,W,101,STREET,302.0,BLUNT INSTRUMENT,AO,Adult Other,761,,,TILDEN                       AV,34.1758,-118.4473,2020.0,1.0,13.0,0.0,0.0,1.0,0,13,0,Afternoon
4706,201009255,05/23/2020 12:00:00 AM,05/23/2020 12:00:00 AM,720,10,West Valley,1015,1,510,VEHICLE - STOLEN,,0,Unknown,,108,PARKING LOT,,,IC,Invest Cont,510,,,18200    SHERMAN                      WY,34.2048,-118.5273,2020.0,5.0,23.0,5.0,0.0,2.0,1,7,20,Morning
4708,200305631,01/28/2020 12:00:00 AM,01/23/2020 12:00:00 AM,100,3,Southwest,326,1,510,VEHICLE - STOLEN,,0,Unknown,,108,PARKING LOT,,,IC,Invest Cont,510,,,2600 S  BUDLONG                      AV,34.0309,-118.3024,2020.0,1.0,23.0,3.0,0.0,1.0,0,1,0,Night
4709,200514695,09/30/2020 12:00:00 AM,09/30/2020 12:00:00 AM,2250,5,Harbor,566,2,745,VANDALISM - MISDEAMEANOR ($399 OR UNDER),329,57,M,B,502,"MULTI-UNIT DWELLING (APARTMENT, DUPLEX, ETC)",,,AA,Adult Arrest,745,,,300 W  9TH                          ST,33.736,-118.284,2020.0,9.0,30.0,2.0,0.0,3.0,0,22,50,Evening
4710,201207160,02/14/2020 12:00:00 AM,02/14/2020 12:00:00 AM,1220,12,77th Street,1266,2,626,INTIMATE PARTNER - SIMPLE ASSAULT,2000 1814 0448 0419 1276,37,F,H,101,STREET,400.0,"STRONG-ARM (HANDS, FIST, FEET OR BODILY FORCE)",IC,Invest Cont,626,,,79TH                         ST,33.9679,-118.2783,2020.0,2.0,14.0,4.0,0.0,1.0,0,12,20,Morning
4711,200816753,11/22/2020 12:00:00 AM,11/21/2020 12:00:00 AM,1200,8,West LA,836,1,330,BURGLARY FROM VEHICLE,1822 0344 1202,65,F,O,108,PARKING LOT,,,IC,Invest Cont,330,,,1800    THAYER                       AV,34.0551,-118.4264,2020.0,11.0,21.0,5.0,0.0,4.0,1,12,0,Morning
4713,200408996,05/18/2020 12:00:00 AM,05/17/2020 12:00:00 AM,1,4,Hollenbeck,427,2,745,VANDALISM - MISDEAMEANOR ($399 OR UNDER),329,50,M,H,104,DRIVEWAY,,,IC,Invest Cont,745,,,4600    ZANE                         ST,34.0826,-118.1841,2020.0,5.0,17.0,6.0,0.0,2.0,1,0,1,Night
4715,200705265,01/27/2020 12:00:00 AM,01/27/2020 12:00:00 AM,1250,7,Wilshire,773,2,626,INTIMATE PARTNER - SIMPLE ASSAULT,2000 0400,32,F,B,502,"MULTI-UNIT DWELLING (APARTMENT, DUPLEX, ETC)",400.0,"STRONG-ARM (HANDS, FIST, FEET OR BODILY FORCE)",IC,Invest Cont,626,,,1800 S  RIDGELEY                     DR,34.0421,-118.3582,2020.0,1.0,27.0,0.0,0.0,1.0,0,12,50,Morning
4718,200412039,08/22/2020 12:00:00 AM,08/22/2020 12:00:00 AM,2040,4,Hollenbeck,473,2,624,BATTERY - SIMPLE ASSAULT,0446 0913,25,F,H,501,SINGLE FAMILY DWELLING,400.0,"STRONG-ARM (HANDS, FIST, FEET OR BODILY FORCE)",IC,Invest Cont,624,,,2400 E  7TH                          ST,34.0333,-118.2192,2020.0,8.0,22.0,5.0,0.0,3.0,1,20,40,Evening
4719,200811312,06/30/2020 12:00:00 AM,06/29/2020 12:00:00 AM,1300,8,West LA,847,2,956,"LETTERS, LEWD  -  TELEPHONE CALLS, LEWD",1820 0913 1912,23,F,B,503,HOTEL,,,IC,Invest Cont,956,,,10300 W  OLYMPIC                      BL,34.0473,-118.4206,2020.0,6.0,29.0,0.0,0.0,2.0,0,13,0,Afternoon
4720,201114669,10/15/2020 12:00:00 AM,10/13/2020 12:00:00 AM,1525,11,Northeast,1115,2,900,VIOLATION OF COURT ORDER,2038 1813,39,F,H,101,STREET,,,AO,Adult Other,900,,,2200    COLORADO                     BL,34.1391,-118.2141,2020.0,10.0,13.0,1.0,0.0,4.0,0,15,25,Afternoon
4721,200813194,08/21/2020 12:00:00 AM,08/21/2020 12:00:00 AM,1320,8,West LA,842,2,624,BATTERY - SIMPLE ASSAULT,0416 0319 1822,50,M,W,101,STREET,400.0,"STRONG-ARM (HANDS, FIST, FEET OR BODILY FORCE)",IC,Invest Cont,624,,,OHIO,34.0433,-118.4586,2020.0,8.0,21.0,4.0,0.0,3.0,0,13,20,Afternoon
4722,200507177,03/14/2020 12:00:00 AM,03/14/2020 12:00:00 AM,1300,5,Harbor,506,2,860,BATTERY WITH SEXUAL CONTACT,1807 0509 0522 0913,32,F,H,203,OTHER BUSINESS,400.0,"STRONG-ARM (HANDS, FIST, FEET OR BODILY FORCE)",AA,Adult Arrest,860,,,21800    HALLDALE                     AV,33.8292,-118.3016,2020.0,3.0,14.0,5.0,0.0,1.0,1,13,0,Afternoon
4724,200111717,05/14/2020 12:00:00 AM,05/14/2020 12:00:00 AM,1145,1,Central,176,1,761,BRANDISH WEAPON,1310 1309 0919 1312 0334 1822 0319,31,F,H,101,STREET,102.0,HAND GUN,IC,Invest Cont,761,,,8TH,34.0405,-118.2508,2020.0,5.0,14.0,3.0,0.0,2.0,0,11,45,Morning
4726,201219705,08/31/2020 12:00:00 AM,08/28/2020 12:00:00 AM,900,12,77th Street,1232,1,236,INTIMATE PARTNER - AGGRAVATED ASSAULT,2000 0913 1814 0416 0417 0401,39,F,H,501,SINGLE FAMILY DWELLING,500.0,UNKNOWN WEAPON/OTHER WEAPON,AO,Adult Other,236,,,2300 W  SLAUSON                      AV,33.9891,-118.3193,2020.0,8.0,28.0,4.0,0.0,3.0,0,9,0,Morning
4727,201016207,12/16/2020 12:00:00 AM,12/14/2020 12:00:00 AM,1137,10,West Valley,1079,1,440,THEFT PLAIN - PETTY ($950 & UNDER),1822 0344 0394,39,M,B,502,"MULTI-UNIT DWELLING (APARTMENT, DUPLEX, ETC)",,,IC,Invest Cont,440,,,15500    MOORPARK                     ST,34.156,-118.4722,2020.0,12.0,14.0,0.0,0.0,4.0,0,11,37,Morning
4729,201223295,10/25/2020 12:00:00 AM,10/21/2020 12:00:00 AM,1730,12,77th Street,1232,1,210,ROBBERY,1822 0416 0344,21,M,H,102,SIDEWALK,500.0,UNKNOWN WEAPON/OTHER WEAPON,IC,Invest Cont,210,,,SLAUSON                      AV,33.9891,-118.3235,2020.0,10.0,21.0,2.0,0.0,4.0,0,17,30,Afternoon
4730,200713198,08/26/2020 12:00:00 AM,08/26/2020 12:00:00 AM,1500,7,Wilshire,749,1,230,"ASSAULT WITH DEADLY WEAPON, AGGRAVATED ASSAULT",0408 0444 0416 0561 0446 0913,58,F,A,502,"MULTI-UNIT DWELLING (APARTMENT, DUPLEX, ETC)",400.0,"STRONG-ARM (HANDS, FIST, FEET OR BODILY FORCE)",AA,Adult Arrest,230,,,4500 W  OLYMPIC                      BL,34.0585,-118.3262,2020.0,8.0,26.0,2.0,0.0,3.0,0,15,0,Afternoon
4733,201226696,12/19/2020 12:00:00 AM,12/19/2020 12:00:00 AM,130,12,77th Street,1249,1,510,VEHICLE - STOLEN,,0,Unknown,,101,STREET,,,IC,Invest Cont,510,,,6300 S  FIGUEROA                     ST,33.9819,-118.2827,2020.0,12.0,19.0,5.0,0.0,4.0,1,1,30,Night
4734,200907545,03/17/2020 12:00:00 AM,03/16/2020 12:00:00 AM,1630,9,Van Nuys,906,2,901,VIOLATION OF RESTRAINING ORDER,1501,47,F,H,502,"MULTI-UNIT DWELLING (APARTMENT, DUPLEX, ETC)",,,AO,Adult Other,901,,,14400    VALERIO                      ST,34.2048,-118.4468,2020.0,3.0,16.0,0.0,0.0,1.0,0,16,30,Afternoon
4735,200612707,07/14/2020 12:00:00 AM,06/18/2020 12:00:00 AM,1135,6,Hollywood,663,2,354,THEFT OF IDENTITY,0930 1822,38,F,W,501,SINGLE FAMILY DWELLING,,,IC,Invest Cont,354,,,1200 N  JUNE                         ST,34.0926,-118.3342,2020.0,6.0,18.0,3.0,0.0,2.0,0,11,35,Morning
4736,201008394,04/26/2020 12:00:00 AM,04/26/2020 12:00:00 AM,950,10,West Valley,1039,1,210,ROBBERY,0344 0334 1822 1420 0910 0202 0209 0359 0301 1266,0,M,O,402,MARKET,102.0,HAND GUN,IC,Invest Cont,210,,,16100    VICTORY                      BL,34.1903,-118.48,2020.0,4.0,26.0,6.0,0.0,2.0,1,9,50,Morning
4737,200710576,06/16/2020 12:00:00 AM,06/15/2020 12:00:00 AM,1720,7,Wilshire,732,2,649,DOCUMENT FORGERY / STOLEN FELONY,0924 1822,56,F,W,203,OTHER BUSINESS,,,IC,Invest Cont,649,,,6500    WILSHIRE                     BL,34.0665,-118.3662,2020.0,6.0,15.0,0.0,0.0,2.0,0,17,20,Afternoon
4741,200612578,07/14/2020 12:00:00 AM,05/24/2020 12:00:00 AM,1235,6,Hollywood,645,2,668,"EMBEZZLEMENT, GRAND THEFT ($950.01 & OVER)",,0,Unknown,,203,OTHER BUSINESS,,,IC,Invest Cont,668,,,1300 N  HIGHLAND                     AV,34.1006,-118.3417,2020.0,5.0,24.0,6.0,0.0,2.0,1,12,35,Morning
4743,200517876,12/16/2020 12:00:00 AM,12/15/2020 12:00:00 AM,1400,5,Harbor,513,1,420,THEFT FROM MOTOR VEHICLE - PETTY ($950 & UNDER),0385 1236 0344 1300,0,X,X,121,YARD (RESIDENTIAL/BUSINESS),,,IC,Invest Cont,420,,,1700 W  L                            ST,33.785,-118.287,2020.0,12.0,15.0,1.0,0.0,4.0,0,14,0,Afternoon
4744,200411906,08/19/2020 12:00:00 AM,08/18/2020 12:00:00 AM,1900,4,Hollenbeck,491,2,740,"VANDALISM - FELONY ($400 & OVER, ALL CHURCH VANDALISMS)",0329 0311,0,M,X,101,STREET,,,IC,Invest Cont,740,,,1200    RIO VISTA                    AV,34.0285,-118.2217,2020.0,8.0,18.0,1.0,0.0,3.0,0,19,0,Evening
4745,201206301,02-01-2020 00:00,01/31/2020 12:00:00 AM,1900,12,77th Street,1266,1,121,"RAPE, FORCIBLE",1402 1415 0527 0526 0913 1820 1203 2034 2021 0507,49,F,H,501,SINGLE FAMILY DWELLING,400.0,"STRONG-ARM (HANDS, FIST, FEET OR BODILY FORCE)",AO,Adult Other,121,,,700 W  81ST                         ST,33.9655,-118.2838,2020.0,1.0,31.0,4.0,0.0,1.0,0,19,0,Evening
4748,200309840,04/13/2020 12:00:00 AM,04/13/2020 12:00:00 AM,550,3,Southwest,321,1,510,VEHICLE - STOLEN,,0,Unknown,,108,PARKING LOT,,,AA,Adult Arrest,510,,,3400 S  LA CIENEGA                   BL,34.0264,-118.3721,2020.0,4.0,13.0,0.0,0.0,2.0,0,5,50,Night
4751,201226987,12/22/2020 12:00:00 AM,12/22/2020 12:00:00 AM,500,12,77th Street,1241,2,745,VANDALISM - MISDEAMEANOR ($399 OR UNDER),1300 0329 1822,49,F,B,122,"VEHICLE, PASSENGER/TRUCK",,,IC,Invest Cont,745,,,3200 W  63RD                         ST,33.9829,-118.3294,2020.0,12.0,22.0,1.0,0.0,4.0,0,5,0,Night
4752,201011128,07/18/2020 12:00:00 AM,07/17/2020 12:00:00 AM,2130,10,West Valley,1017,1,341,"THEFT-GRAND ($950.01 & OVER)EXCPT,GUNS,FOWL,LIVESTK,PROD",0344 1202 0913 1820,70,M,A,501,SINGLE FAMILY DWELLING,,,IC,Invest Cont,341,,,17100    SATICOY                      ST,34.2084,-118.5058,2020.0,7.0,17.0,4.0,0.0,3.0,0,21,30,Evening
4754,200918850,12/26/2020 12:00:00 AM,12/26/2020 12:00:00 AM,1000,9,Van Nuys,969,1,510,VEHICLE - STOLEN,,0,Unknown,,108,PARKING LOT,,,IC,Invest Cont,510,,,12800    RIVERSIDE                    DR,34.1576,-118.4122,2020.0,12.0,26.0,5.0,0.0,4.0,1,10,0,Morning
4755,200804686,01/16/2020 12:00:00 AM,01/16/2020 12:00:00 AM,900,8,West LA,811,1,330,BURGLARY FROM VEHICLE,1822 1403 0344 1300 1609,23,F,W,710,OTHER PREMISE,,,IC,Invest Cont,330,,,500    LOS LIONES                   DR,34.0451,-118.559,2020.0,1.0,16.0,3.0,0.0,1.0,0,9,0,Morning
4756,200112692,05/30/2020 12:00:00 AM,05/30/2020 12:00:00 AM,300,1,Central,162,2,740,"VANDALISM - FELONY ($400 & OVER, ALL CHURCH VANDALISMS)",1822 0329 1609,0,X,X,210,RESTAURANT/FAST FOOD,,,IC,Invest Cont,740,,,800 W  7TH                          ST,34.0487,-118.2588,2020.0,5.0,30.0,5.0,0.0,2.0,1,3,0,Night
4759,200907510,03/16/2020 12:00:00 AM,03/13/2020 12:00:00 AM,1800,9,Van Nuys,929,1,420,THEFT FROM MOTOR VEHICLE - PETTY ($950 & UNDER),1606 0344 1300,54,M,H,108,PARKING LOT,,,IC,Invest Cont,420,,,6400    FULTON                       AV,34.1867,-118.4225,2020.0,3.0,13.0,4.0,0.0,1.0,0,18,0,Afternoon
4760,200215616,09/30/2020 12:00:00 AM,09/30/2020 12:00:00 AM,1310,2,Rampart,216,1,331,THEFT FROM MOTOR VEHICLE - GRAND ($950.01 AND OVER),1202 0344 0377,64,F,A,109,PARK/PLAYGROUND,,,IC,Invest Cont,331,,,2200 W  SUNSET                       BL,34.0778,-118.2659,2020.0,9.0,30.0,2.0,0.0,3.0,0,13,10,Afternoon
4761,200918969,12/29/2020 12:00:00 AM,12/29/2020 12:00:00 AM,3,9,Van Nuys,998,1,310,BURGLARY,0202 0349 1607 0358 1420,57,M,I,502,"MULTI-UNIT DWELLING (APARTMENT, DUPLEX, ETC)",,,IC,Invest Cont,310,,,12900    VALLEYHEART                  DR,34.1463,-118.4138,2020.0,12.0,29.0,1.0,0.0,4.0,0,0,3,Night
4762,200816846,11/25/2020 12:00:00 AM,11/25/2020 12:00:00 AM,1855,8,West LA,836,1,510,VEHICLE - STOLEN,,0,Unknown,,101,STREET,,,IC,Invest Cont,510,,,1900    FOX HILLS                    DR,34.0524,-118.4248,2020.0,11.0,25.0,2.0,0.0,4.0,0,18,55,Afternoon
4763,200308914,03/23/2020 12:00:00 AM,03/23/2020 12:00:00 AM,321,3,Southwest,363,1,648,ARSON,1501,41,F,B,502,"MULTI-UNIT DWELLING (APARTMENT, DUPLEX, ETC)",,,IC,Invest Cont,648,,,4000    MUIRFIELD                    RD,34.0132,-118.3457,2020.0,3.0,23.0,0.0,0.0,1.0,0,3,21,Night
4764,200319105,10/19/2020 12:00:00 AM,08/19/2020 12:00:00 AM,1400,3,Southwest,301,1,510,VEHICLE - STOLEN,,0,Unknown,,108,PARKING LOT,,,IC,Invest Cont,510,,,5600 W  ADAMS                        BL,34.0334,-118.3639,2020.0,8.0,19.0,2.0,0.0,3.0,0,14,0,Afternoon
4765,200808326,04/15/2020 12:00:00 AM,04/15/2020 12:00:00 AM,1710,8,West LA,852,2,625,OTHER ASSAULT,0356 1300,28,M,H,101,STREET,400.0,"STRONG-ARM (HANDS, FIST, FEET OR BODILY FORCE)",IC,Invest Cont,625,,,SANTA MONICA,34.0442,-118.455,2020.0,4.0,15.0,2.0,0.0,2.0,0,17,10,Afternoon
4766,200715174,10/21/2020 12:00:00 AM,10/17/2020 12:00:00 AM,1230,7,Wilshire,722,2,946,OTHER MISCELLANEOUS CRIME,1501,55,F,W,502,"MULTI-UNIT DWELLING (APARTMENT, DUPLEX, ETC)",,,IC,Invest Cont,946,,,8300 W  3RD                          ST,34.0727,-118.37,2020.0,10.0,17.0,5.0,0.0,4.0,1,12,30,Morning
4767,200709809,06-06-2020 00:00,05/31/2020 12:00:00 AM,215,7,Wilshire,722,1,310,BURGLARY,0342 0325 1609 1309 0329,19,M,O,417,THE BEVERLY CONNECTION,,,AA,Adult Arrest,310,,,8300    BEVERLY                      BL,34.0761,-118.3706,2020.0,5.0,31.0,6.0,0.0,2.0,1,2,15,Night
4769,201112811,08/23/2020 12:00:00 AM,08/23/2020 12:00:00 AM,1545,11,Northeast,1189,2,901,VIOLATION OF RESTRAINING ORDER,2038 1402 1020 2004 0913 0360,77,F,H,104,DRIVEWAY,,,AA,Adult Arrest,901,998.0,,3400    MARMION                      WY,34.0864,-118.2155,2020.0,8.0,23.0,6.0,0.0,3.0,1,15,45,Afternoon
4770,200121047,11/14/2020 12:00:00 AM,11/14/2020 12:00:00 AM,2030,1,Central,118,1,761,BRANDISH WEAPON,0443 0334 1816 0906 0913,46,F,H,502,"MULTI-UNIT DWELLING (APARTMENT, DUPLEX, ETC)",511.0,VERBAL THREAT,IC,Invest Cont,761,,,300 E  BLOOM                        ST,34.0628,-118.2286,2020.0,11.0,14.0,5.0,0.0,4.0,1,20,30,Evening
4771,200414217,10/23/2020 12:00:00 AM,02/27/2020 12:00:00 AM,1100,4,Hollenbeck,473,1,420,THEFT FROM MOTOR VEHICLE - PETTY ($950 & UNDER),1300 0344,49,F,H,101,STREET,,,IC,Invest Cont,420,,,600 S  CHICAGO                      ST,34.0376,-118.2168,2020.0,2.0,27.0,3.0,0.0,1.0,0,11,0,Morning
4772,200214362,08/29/2020 12:00:00 AM,08/28/2020 12:00:00 AM,2000,2,Rampart,249,1,510,VEHICLE - STOLEN,,0,Unknown,,707,GARAGE/CARPORT,,,IC,Invest Cont,510,,,1000    INGRAHAM                     ST,34.0512,-118.2621,2020.0,8.0,28.0,4.0,0.0,3.0,0,20,0,Evening
4773,201116966,12/25/2020 12:00:00 AM,12/24/2020 12:00:00 AM,2200,11,Northeast,1147,1,510,VEHICLE - STOLEN,,0,Unknown,,101,STREET,,,IC,Invest Cont,510,,,3500    DIVISION                     ST,34.1061,-118.2255,2020.0,12.0,24.0,3.0,0.0,4.0,0,22,0,Evening
4774,201106657,02/29/2020 12:00:00 AM,02/28/2020 12:00:00 AM,1730,11,Northeast,1179,1,510,VEHICLE - STOLEN,,0,Unknown,,101,STREET,,,IC,Invest Cont,510,,,AVENUE 40,34.0921,-118.2105,2020.0,2.0,28.0,4.0,0.0,1.0,0,17,30,Afternoon
4775,200816535,11/16/2020 12:00:00 AM,11/14/2020 12:00:00 AM,2300,8,West LA,833,2,740,"VANDALISM - FELONY ($400 & OVER, ALL CHURCH VANDALISMS)",329,19,F,H,122,"VEHICLE, PASSENGER/TRUCK",,,IC,Invest Cont,740,,,KELTON                       AV,34.0543,-118.4435,2020.0,11.0,14.0,5.0,0.0,4.0,1,23,0,Evening
4777,200510631,06/15/2020 12:00:00 AM,06/14/2020 12:00:00 AM,1400,5,Harbor,501,1,310,BURGLARY,0358 0344 0206 1607,0,X,X,203,OTHER BUSINESS,,,IC,Invest Cont,310,,,190TH,33.8648,-118.2931,2020.0,6.0,14.0,6.0,0.0,2.0,1,14,0,Afternoon
4778,200814402,09/22/2020 12:00:00 AM,09/21/2020 12:00:00 AM,2100,8,West LA,832,2,740,"VANDALISM - FELONY ($400 & OVER, ALL CHURCH VANDALISMS)",0329 1607,45,M,W,504,OTHER RESIDENCE,,,IC,Invest Cont,740,,,11800    DOROTHY                      ST,34.0507,-118.4683,2020.0,9.0,21.0,0.0,0.0,3.0,0,21,0,Evening
4779,200600808,08/20/2020 12:00:00 AM,08/20/2020 12:00:00 AM,1905,6,Hollywood,628,1,761,BRANDISH WEAPON,1402 0334 0421 1822,50,M,B,101,STREET,207.0,OTHER KNIFE,AO,Adult Other,761,930.0,998.0,BEACHWOOD,34.1052,-118.3213,2020.0,8.0,20.0,3.0,0.0,3.0,0,19,5,Evening
4781,200717088,12/14/2020 12:00:00 AM,12/14/2020 12:00:00 AM,1300,7,Wilshire,766,2,624,BATTERY - SIMPLE ASSAULT,0554 0913 0444,23,F,H,502,"MULTI-UNIT DWELLING (APARTMENT, DUPLEX, ETC)",400.0,"STRONG-ARM (HANDS, FIST, FEET OR BODILY FORCE)",AO,Adult Other,624,,,1500    CRENSHAW                     BL,34.0468,-118.3305,2020.0,12.0,14.0,0.0,0.0,4.0,0,13,0,Afternoon
4783,200807386,03/15/2020 12:00:00 AM,03/15/2020 12:00:00 AM,1910,8,West LA,839,1,442,SHOPLIFTING - PETTY THEFT ($950 & UNDER),0325 1402 0104 1822 1414,0,X,X,402,MARKET,,,IC,Invest Cont,442,998.0,,10200    SANTA MONICA                 BL,34.0605,-118.4193,2020.0,3.0,15.0,6.0,0.0,1.0,1,19,10,Evening
4785,200113541,06/17/2020 12:00:00 AM,06/16/2020 12:00:00 AM,1830,1,Central,152,1,310,BURGLARY,1403 1822 1420 0344 0329 1402 1607,51,M,W,702,OFFICE BUILDING/OFFICE,,,IC,Invest Cont,310,998.0,,800 W  6TH                          ST,34.0502,-118.2574,2020.0,6.0,16.0,1.0,0.0,2.0,0,18,30,Afternoon
4786,200612994,07/23/2020 12:00:00 AM,07/23/2020 12:00:00 AM,1308,6,Hollywood,625,2,930,CRIMINAL THREATS - NO WEAPON DISPLAYED,0913 1810 0443,25,M,B,502,"MULTI-UNIT DWELLING (APARTMENT, DUPLEX, ETC)",511.0,VERBAL THREAT,IC,Invest Cont,930,,,1900 N  LAS PALMAS                   AV,34.1131,-118.341,2020.0,7.0,23.0,3.0,0.0,3.0,0,13,8,Afternoon
4787,200512849,08-11-2020 00:00,07/29/2020 12:00:00 AM,1800,5,Harbor,513,1,510,VEHICLE - STOLEN,,0,Unknown,,108,PARKING LOT,,,AA,Adult Arrest,510,,,25800    VERMONT                      AV,33.7895,-118.2934,2020.0,7.0,29.0,2.0,0.0,3.0,0,18,0,Afternoon
4788,200809601,05/18/2020 12:00:00 AM,05/13/2020 12:00:00 AM,1000,8,West LA,834,2,662,"BUNCO, GRAND THEFT",701,27,M,O,501,SINGLE FAMILY DWELLING,,,IC,Invest Cont,662,,,10700    WILKINS                      AV,34.0563,-118.4347,2020.0,5.0,13.0,2.0,0.0,2.0,0,10,0,Morning
4791,201006476,02/25/2020 12:00:00 AM,02/25/2020 12:00:00 AM,2310,10,West Valley,1099,2,237,CHILD NEGLECT (SEE 300 W.I.C.),1257 1310 0553 0913 0413 1206 2001 2002,0,M,W,101,STREET,,,AA,Adult Arrest,237,,,DEL GADO                     DR,34.1437,-118.4739,2020.0,2.0,25.0,1.0,0.0,1.0,0,23,10,Evening
4792,201107635,03/23/2020 12:00:00 AM,03/22/2020 12:00:00 AM,1457,11,Northeast,1146,1,310,BURGLARY,1822 1602 0344 1402 1407 0907,32,F,B,221,PUBLIC STORAGE,,,AA,Adult Arrest,310,998.0,,1700    BLAKE                        AV,34.0955,-118.2418,2020.0,3.0,22.0,6.0,0.0,1.0,1,14,57,Afternoon
4795,201105527,02-04-2020 00:00,01/28/2020 12:00:00 AM,1500,11,Northeast,1109,2,664,"BUNCO, PETTY THEFT",800,14,F,H,501,SINGLE FAMILY DWELLING,,,IC,Invest Cont,664,,,1400    EAGLE VISTA                  DR,34.1403,-118.1944,2020.0,1.0,28.0,1.0,0.0,1.0,0,15,0,Afternoon
4796,200912552,07/20/2020 12:00:00 AM,07/20/2020 12:00:00 AM,400,9,Van Nuys,909,2,745,VANDALISM - MISDEAMEANOR ($399 OR UNDER),0329 1402,0,X,X,103,ALLEY,,,AO,Adult Other,745,998.0,,7500    WOODMAN                      PL,34.2071,-118.4298,2020.0,7.0,20.0,0.0,0.0,3.0,0,4,0,Night
4799,201225245,11/26/2020 12:00:00 AM,11/26/2020 12:00:00 AM,230,12,77th Street,1242,2,903,CONTEMPT OF COURT,2000 1243 1813 1276 1309 2038 0913,24,F,H,501,SINGLE FAMILY DWELLING,,,IC,Invest Cont,903,,,6300    MADDEN                       AV,33.9827,-118.3255,2020.0,11.0,26.0,3.0,0.0,4.0,0,2,30,Night
4800,201014289,10/21/2020 12:00:00 AM,10/20/2020 12:00:00 AM,1700,10,West Valley,1088,1,420,THEFT FROM MOTOR VEHICLE - PETTY ($950 & UNDER),,0,Unknown,,101,STREET,,,IC,Invest Cont,420,,,4600    LOUISE                       AV,34.1533,-118.5086,2020.0,10.0,20.0,1.0,0.0,4.0,0,17,0,Afternoon
4802,200912794,07/27/2020 12:00:00 AM,07/26/2020 12:00:00 AM,2000,9,Van Nuys,904,1,230,"ASSAULT WITH DEADLY WEAPON, AGGRAVATED ASSAULT",0411 0444 1202 1822,75,M,V,102,SIDEWALK,223.0,UNKNOWN TYPE CUTTING INSTRUMENT,IC,Invest Cont,230,,,VAN NUYS                     BL,34.2103,-118.4488,2020.0,7.0,26.0,6.0,0.0,3.0,1,20,0,Evening
4803,201213032,05/18/2020 12:00:00 AM,05/18/2020 12:00:00 AM,1305,12,77th Street,1259,1,210,ROBBERY,1309 0342 1822 0448 0344 0216,39,F,H,108,PARKING LOT,400.0,"STRONG-ARM (HANDS, FIST, FEET OR BODILY FORCE)",IC,Invest Cont,210,,,300 E  FLORENCE                     AV,33.9747,-118.2695,2020.0,5.0,18.0,0.0,0.0,2.0,0,13,5,Afternoon
4806,200712956,08/19/2020 12:00:00 AM,08/17/2020 12:00:00 AM,2200,7,Wilshire,784,2,740,"VANDALISM - FELONY ($400 & OVER, ALL CHURCH VANDALISMS)",1300 0329,61,F,W,122,"VEHICLE, PASSENGER/TRUCK",,,IC,Invest Cont,740,,,REDONDO                      BL,34.0366,-118.3547,2020.0,8.0,17.0,0.0,0.0,3.0,0,22,0,Evening
4808,200119398,10/14/2020 12:00:00 AM,10/14/2020 12:00:00 AM,40,1,Central,176,1,480,BIKE - STOLEN,1218 1822 0344,63,M,B,102,SIDEWALK,,,IC,Invest Cont,480,,,8TH,34.0394,-118.2496,2020.0,10.0,14.0,2.0,0.0,4.0,0,0,40,Night
4809,201305013,01/18/2020 12:00:00 AM,01/18/2020 12:00:00 AM,1900,13,Newton,1342,1,510,VEHICLE - STOLEN,,0,Unknown,,104,DRIVEWAY,,,IC,Invest Cont,510,,,3600    ADAIR                        ST,34.0142,-118.2672,2020.0,1.0,18.0,5.0,0.0,1.0,1,19,0,Evening
4810,200900890,10/18/2020 12:00:00 AM,10/18/2020 12:00:00 AM,530,9,Van Nuys,926,1,350,"THEFT, PERSON",0344 2000,32,F,H,101,STREET,,,AO,Adult Other,350,,,KITTRIDGE,34.1907,-118.4487,2020.0,10.0,18.0,6.0,0.0,4.0,1,5,30,Night
4812,201224599,11/16/2020 12:00:00 AM,11/16/2020 12:00:00 AM,1840,12,77th Street,1204,1,230,"ASSAULT WITH DEADLY WEAPON, AGGRAVATED ASSAULT",0913 0400 0341 1309,52,F,B,102,SIDEWALK,512.0,MACE/PEPPER SPRAY,IC,Invest Cont,230,,,N  VERMONT                      AV,34.0026,-118.2915,2020.0,11.0,16.0,0.0,0.0,4.0,0,18,40,Afternoon
4813,200807657,03/24/2020 12:00:00 AM,03/24/2020 12:00:00 AM,1330,8,West LA,802,1,330,BURGLARY FROM VEHICLE,1609 0344,27,M,W,101,STREET,500.0,UNKNOWN WEAPON/OTHER WEAPON,IC,Invest Cont,330,,,WILL ROGERS STATE PARK,34.0535,-118.5083,2020.0,3.0,24.0,1.0,0.0,1.0,0,13,30,Afternoon
4816,200110490,04/14/2020 12:00:00 AM,04/14/2020 12:00:00 AM,1050,1,Central,143,2,623,BATTERY POLICE (SIMPLE),1212 2004 0444 1822 0910,0,X,X,902,MTA - RED LINE - PERSHING SQUARE,400.0,"STRONG-ARM (HANDS, FIST, FEET OR BODILY FORCE)",IC,Invest Cont,623,,,4TH,34.0503,-118.2504,2020.0,4.0,14.0,1.0,0.0,2.0,0,10,50,Morning
4819,200706228,01/28/2020 12:00:00 AM,01/24/2020 12:00:00 AM,1700,7,Wilshire,724,1,341,"THEFT-GRAND ($950.01 & OVER)EXCPT,GUNS,FOWL,LIVESTK,PROD",344,41,F,B,415,THE GROVE,,,IC,Invest Cont,341,,,100    THE GROVE                    DR,34.0761,-118.3563,2020.0,1.0,24.0,4.0,0.0,1.0,0,17,0,Afternoon
4820,200809542,05/16/2020 12:00:00 AM,05/16/2020 12:00:00 AM,350,8,West LA,827,1,331,THEFT FROM MOTOR VEHICLE - GRAND ($950.01 AND OVER),0202 1420 1606 1822 0349 0394 0344 0321,31,M,W,122,"VEHICLE, PASSENGER/TRUCK",,,IC,Invest Cont,331,,,600 S  BARRINGTON                   AV,34.0577,-118.4681,2020.0,5.0,16.0,5.0,0.0,2.0,1,3,50,Night
4821,200808919,04/30/2020 12:00:00 AM,04/27/2020 12:00:00 AM,2052,8,West LA,817,1,343,SHOPLIFTING-GRAND THEFT ($950.01 & OVER),0325 0344 1822 0202 0378 1420 1606,0,X,X,203,OTHER BUSINESS,,,IC,Invest Cont,343,,,1000    WESTWOOD                     BL,34.0626,-118.4454,2020.0,4.0,27.0,0.0,0.0,2.0,0,20,52,Evening
4822,200115509,07/28/2020 12:00:00 AM,07/28/2020 12:00:00 AM,1305,1,Central,171,1,341,"THEFT-GRAND ($950.01 & OVER)EXCPT,GUNS,FOWL,LIVESTK,PROD",0344 1820 1414 1420,27,M,B,503,HOTEL,,,IC,Invest Cont,341,,,900 W  OLYMPIC                      BL,34.0454,-118.2658,2020.0,7.0,28.0,1.0,0.0,3.0,0,13,5,Afternoon
4826,200612966,07/22/2020 12:00:00 AM,07/18/2020 12:00:00 AM,2100,6,Hollywood,679,2,740,"VANDALISM - FELONY ($400 & OVER, ALL CHURCH VANDALISMS)",0329 0311 0906 1300 1822,0,X,X,103,ALLEY,,,IC,Invest Cont,740,,,NORMANDIE,34.0885,-118.3005,2020.0,7.0,18.0,5.0,0.0,3.0,1,21,0,Evening
4830,200706901,03-02-2020 00:00,02/26/2020 12:00:00 AM,900,7,Wilshire,735,2,354,THEFT OF IDENTITY,1822 1501,42,F,A,502,"MULTI-UNIT DWELLING (APARTMENT, DUPLEX, ETC)",,,IC,Invest Cont,354,,,600 S  DUNSMUIR                     AV,34.0649,-118.3483,2020.0,2.0,26.0,2.0,0.0,1.0,0,9,0,Morning
4832,200508527,04/20/2020 12:00:00 AM,04/19/2020 12:00:00 AM,1900,5,Harbor,504,1,420,THEFT FROM MOTOR VEHICLE - PETTY ($950 & UNDER),0344 0385 1300,37,F,O,101,STREET,,,IC,Invest Cont,420,,,1500    205TH                        ST,33.8448,-118.304,2020.0,4.0,19.0,6.0,0.0,2.0,1,19,0,Evening
4834,200210258,05/16/2020 12:00:00 AM,05/16/2020 12:00:00 AM,1000,2,Rampart,204,1,331,THEFT FROM MOTOR VEHICLE - GRAND ($950.01 AND OVER),0344 2032 1606 0345 1822,26,M,W,101,STREET,,,IC,Invest Cont,331,,,700    LUCILE                       AV,34.083,-118.2841,2020.0,5.0,16.0,5.0,0.0,2.0,1,10,0,Morning
4837,201109665,05/22/2020 12:00:00 AM,05/22/2020 12:00:00 AM,258,11,Northeast,1138,2,888,TRESPASSING,1822 1501,55,M,W,501,SINGLE FAMILY DWELLING,,,IC,Invest Cont,888,,,6000    TERRACE                      DR,34.1142,-118.1918,2020.0,5.0,22.0,4.0,0.0,2.0,0,2,58,Night
4838,200113368,06/13/2020 12:00:00 AM,05/30/2020 12:00:00 AM,1015,1,Central,118,1,330,BURGLARY FROM VEHICLE,1307 0329 0321 1609 0344 1822,26,F,K,101,STREET,,,IC,Invest Cont,330,,,1600 N  SPRING                       ST,34.0688,-118.2291,2020.0,5.0,30.0,5.0,0.0,2.0,1,10,15,Morning
4840,200911319,06/20/2020 12:00:00 AM,06/18/2020 12:00:00 AM,1900,9,Van Nuys,966,1,331,THEFT FROM MOTOR VEHICLE - GRAND ($950.01 AND OVER),1606 0321 0344,40,M,W,108,PARKING LOT,,,IC,Invest Cont,331,,,13400    HUSTON                       ST,34.1595,-118.4254,2020.0,6.0,18.0,3.0,0.0,2.0,0,19,0,Evening
4841,200214017,08/20/2020 12:00:00 AM,08/20/2020 12:00:00 AM,2100,2,Rampart,275,2,626,INTIMATE PARTNER - SIMPLE ASSAULT,2000 1814 0913 0417 0432 0421 2038 1309,47,F,H,102,SIDEWALK,400.0,"STRONG-ARM (HANDS, FIST, FEET OR BODILY FORCE)",AA,Adult Arrest,626,,,OLYMPIC                      BL,34.0508,-118.2778,2020.0,8.0,20.0,3.0,0.0,3.0,0,21,0,Evening
4842,200910531,06-04-2020 00:00,05/28/2020 12:00:00 AM,1030,9,Van Nuys,964,1,420,THEFT FROM MOTOR VEHICLE - PETTY ($950 & UNDER),344,56,M,H,101,STREET,,,IC,Invest Cont,420,,,5000    MAMMOTH                      AV,34.1613,-118.4324,2020.0,5.0,28.0,3.0,0.0,2.0,0,10,30,Morning
4843,200314892,07/28/2020 12:00:00 AM,07/27/2020 12:00:00 AM,700,3,Southwest,341,1,330,BURGLARY FROM VEHICLE,1307 1609 0344 0329 1822,52,M,H,101,STREET,,,IC,Invest Cont,330,,,JEFFERSON                    BL,34.0151,-118.3657,2020.0,7.0,27.0,0.0,0.0,3.0,0,7,0,Morning
4844,200710933,06/25/2020 12:00:00 AM,06/25/2020 12:00:00 AM,1040,7,Wilshire,721,2,624,BATTERY - SIMPLE ASSAULT,0416 0400,36,F,B,701,HOSPITAL,400.0,"STRONG-ARM (HANDS, FIST, FEET OR BODILY FORCE)",AO,Adult Other,624,,,8700 W  BEVERLY                      BL,34.0768,-118.3806,2020.0,6.0,25.0,3.0,0.0,2.0,0,10,40,Morning
4845,201106058,02/15/2020 12:00:00 AM,02/15/2020 12:00:00 AM,1700,11,Northeast,1146,1,440,THEFT PLAIN - PETTY ($950 & UNDER),344,14,M,H,736,SKATEBOARD FACILITY/SKATEBOARD PARK*,,,IC,Invest Cont,440,,,2900    MARSH                        ST,34.1054,-118.2475,2020.0,2.0,15.0,5.0,0.0,1.0,1,17,0,Afternoon
4846,200506039,02/18/2020 12:00:00 AM,02/17/2020 12:00:00 AM,1550,5,Harbor,566,2,740,"VANDALISM - FELONY ($400 & OVER, ALL CHURCH VANDALISMS)",1300 0329 0345,64,F,W,122,"VEHICLE, PASSENGER/TRUCK",,,AA,Adult Arrest,740,,,400 W  8TH                          ST,33.737,-118.2857,2020.0,2.0,17.0,0.0,0.0,1.0,0,15,50,Afternoon
4847,200115844,08-04-2020 00:00,07/27/2020 12:00:00 AM,1700,1,Central,122,1,341,"THEFT-GRAND ($950.01 & OVER)EXCPT,GUNS,FOWL,LIVESTK,PROD",0344 1822,51,M,H,725,"GOVERNMENT FACILITY (FEDERAL,STATE, COUNTY & CITY)",,,IC,Invest Cont,341,,,100 N  HOPE                         ST,34.0564,-118.2499,2020.0,7.0,27.0,0.0,0.0,3.0,0,17,0,Afternoon
4848,200512452,07/30/2020 12:00:00 AM,06/24/2020 12:00:00 AM,930,5,Harbor,558,1,440,THEFT PLAIN - PETTY ($950 & UNDER),344,0,X,X,721,HIGH SCHOOL,,,IC,Invest Cont,440,,,700 N  PACIFIC                      AV,33.7495,-118.2875,2020.0,6.0,24.0,2.0,0.0,2.0,0,9,30,Morning
4849,201306979,02/22/2020 12:00:00 AM,02/22/2020 12:00:00 AM,1600,13,Newton,1342,2,626,INTIMATE PARTNER - SIMPLE ASSAULT,2000 0913 1309,22,F,H,101,STREET,500.0,UNKNOWN WEAPON/OTHER WEAPON,AO,Adult Other,626,,,36TH                         ST,34.0146,-118.2688,2020.0,2.0,22.0,5.0,0.0,1.0,1,16,0,Afternoon
4850,201218970,08/21/2020 12:00:00 AM,06/14/2020 12:00:00 AM,2130,12,77th Street,1245,1,420,THEFT FROM MOTOR VEHICLE - PETTY ($950 & UNDER),,0,Unknown,,101,STREET,,,IC,Invest Cont,420,,,1000 W  70TH                         ST,33.9762,-118.2924,2020.0,6.0,14.0,6.0,0.0,2.0,1,21,30,Evening
4852,200711472,07-02-2020 00:00,06/29/2020 12:00:00 AM,1900,7,Wilshire,743,1,330,BURGLARY FROM VEHICLE,1605 1300 0344,26,F,W,502,"MULTI-UNIT DWELLING (APARTMENT, DUPLEX, ETC)",,,IC,Invest Cont,330,,,900 S  CURSON                       AV,34.0591,-118.3564,2020.0,6.0,29.0,0.0,0.0,2.0,0,19,0,Evening
4853,201014246,10/20/2020 12:00:00 AM,10/20/2020 12:00:00 AM,1630,10,West Valley,1023,2,624,BATTERY - SIMPLE ASSAULT,0444 0429 0446 0913 1817 0416 1414,22,M,O,102,SIDEWALK,400.0,"STRONG-ARM (HANDS, FIST, FEET OR BODILY FORCE)",IC,Invest Cont,624,,,6500    WILBUR                       AV,34.1887,-118.5447,2020.0,10.0,20.0,1.0,0.0,4.0,0,16,30,Afternoon
4854,200706352,02/19/2020 12:00:00 AM,02/16/2020 12:00:00 AM,1300,7,Wilshire,758,2,745,VANDALISM - MISDEAMEANOR ($399 OR UNDER),0329 1822,68,M,W,122,"VEHICLE, PASSENGER/TRUCK",,,IC,Invest Cont,745,,,1200    MULLEN                       AV,34.0524,-118.3343,2020.0,2.0,16.0,6.0,0.0,1.0,1,13,0,Afternoon
4857,200306702,02/15/2020 12:00:00 AM,02/15/2020 12:00:00 AM,1140,3,Southwest,318,2,624,BATTERY - SIMPLE ASSAULT,0448 0419 0913 1309 1310,25,F,W,301,GAS STATION,400.0,"STRONG-ARM (HANDS, FIST, FEET OR BODILY FORCE)",IC,Invest Cont,624,,,2200 S  HOOVER                       ST,34.0348,-118.2876,2020.0,2.0,15.0,5.0,0.0,1.0,1,11,40,Morning
4860,200400622,02/19/2020 12:00:00 AM,02/19/2020 12:00:00 AM,1245,4,Hollenbeck,459,2,740,"VANDALISM - FELONY ($400 & OVER, ALL CHURCH VANDALISMS)",0329 1402,47,F,H,501,SINGLE FAMILY DWELLING,,,IC,Invest Cont,740,998.0,,400 N  BERNAL                       AV,34.0407,-118.1939,2020.0,2.0,19.0,2.0,0.0,1.0,0,12,45,Morning
4861,201216943,07/17/2020 12:00:00 AM,07/17/2020 12:00:00 AM,1440,12,77th Street,1233,2,740,"VANDALISM - FELONY ($400 & OVER, ALL CHURCH VANDALISMS)",329,0,F,B,501,SINGLE FAMILY DWELLING,,,IC,Invest Cont,740,,,1600 W  60TH                         ST,33.9859,-118.3046,2020.0,7.0,17.0,4.0,0.0,3.0,0,14,40,Afternoon
4864,200917307,11/16/2020 12:00:00 AM,11/15/2020 12:00:00 AM,1100,9,Van Nuys,904,1,510,VEHICLE - STOLEN,,0,Unknown,,101,STREET,,,IC,Invest Cont,510,,,15000    SHERMAN                      WY,34.2013,-118.4586,2020.0,11.0,15.0,6.0,0.0,4.0,1,11,0,Morning
4867,200508877,04/30/2020 12:00:00 AM,04/30/2020 12:00:00 AM,1210,5,Harbor,563,2,626,INTIMATE PARTNER - SIMPLE ASSAULT,2000 1813 0416 1243 0913,38,M,H,502,"MULTI-UNIT DWELLING (APARTMENT, DUPLEX, ETC)",400.0,"STRONG-ARM (HANDS, FIST, FEET OR BODILY FORCE)",AO,Adult Other,626,,,600 W  17TH                         ST,33.7288,-118.2902,2020.0,4.0,30.0,3.0,0.0,2.0,0,12,10,Morning
4869,200300836,10/15/2020 12:00:00 AM,10/15/2020 12:00:00 AM,1010,3,Southwest,395,1,320,"BURGLARY, ATTEMPTED",1822 2004 1601 0421 1402,29,F,H,502,"MULTI-UNIT DWELLING (APARTMENT, DUPLEX, ETC)",,,AA,Adult Arrest,320,,,1800 W  VERNON                       AV,34.0073,-118.3108,2020.0,10.0,15.0,3.0,0.0,4.0,0,10,10,Morning
4870,201008455,04/27/2020 12:00:00 AM,04/27/2020 12:00:00 AM,2100,10,West Valley,1015,1,310,BURGLARY,1402 1822 1275 1607 0216 1309,0,M,O,217,AUTO REPAIR SHOP,311.0,HAMMER,IC,Invest Cont,310,,,17700    SHERMAN                      WY,34.2048,-118.5273,2020.0,4.0,27.0,0.0,0.0,2.0,0,21,0,Evening
4871,200305492,01/26/2020 12:00:00 AM,01/26/2020 12:00:00 AM,1000,3,Southwest,379,2,624,BATTERY - SIMPLE ASSAULT,0444 1822 2004,23,F,H,203,OTHER BUSINESS,400.0,"STRONG-ARM (HANDS, FIST, FEET OR BODILY FORCE)",IC,Invest Cont,624,,,1000 W  MARTIN LUTHER KING           BL,34.0145,-118.2937,2020.0,1.0,26.0,6.0,0.0,1.0,1,10,0,Morning
4872,200408601,05-07-2020 00:00,03/18/2020 12:00:00 AM,1730,4,Hollenbeck,464,1,310,BURGLARY,1402 0329 1607 0344,0,M,W,738,LIBRARY,,,IC,Invest Cont,310,998.0,,2200 E  1ST                          ST,34.0444,-118.2125,2020.0,3.0,18.0,2.0,0.0,1.0,0,17,30,Afternoon
4873,200118558,09/27/2020 12:00:00 AM,09/27/2020 12:00:00 AM,130,1,Central,182,1,420,THEFT FROM MOTOR VEHICLE - PETTY ($950 & UNDER),344,31,F,B,123,PARKING UNDERGROUND/BUILDING,,,IC,Invest Cont,420,,,1200 S  OLIVE                        ST,34.0383,-118.2633,2020.0,9.0,27.0,6.0,0.0,3.0,1,1,30,Night
4875,200912955,07/31/2020 12:00:00 AM,07/31/2020 12:00:00 AM,1120,9,Van Nuys,952,1,440,THEFT PLAIN - PETTY ($950 & UNDER),0344 0394,27,M,O,119,"PORCH, RESIDENTIAL",,,IC,Invest Cont,440,,,14500    BURBANK                      BL,34.1721,-118.4494,2020.0,7.0,31.0,4.0,0.0,3.0,0,11,20,Morning
4876,200804857,01/20/2020 12:00:00 AM,01/20/2020 12:00:00 AM,3,8,West LA,824,1,230,"ASSAULT WITH DEADLY WEAPON, AGGRAVATED ASSAULT",0416 0417 1414 1822 0446,62,M,W,203,OTHER BUSINESS,400.0,"STRONG-ARM (HANDS, FIST, FEET OR BODILY FORCE)",AO,Adult Other,230,,,200 W  CHANNEL                      RD,34.0293,-118.5178,2020.0,1.0,20.0,0.0,0.0,1.0,0,0,3,Night
4878,201114162,09/30/2020 12:00:00 AM,09/28/2020 12:00:00 AM,1400,11,Northeast,1181,1,310,BURGLARY,0342 1607 0344 0358,60,F,W,501,SINGLE FAMILY DWELLING,500.0,UNKNOWN WEAPON/OTHER WEAPON,IC,Invest Cont,310,,,1300    WATERLOO                     ST,34.0804,-118.2658,2020.0,9.0,28.0,0.0,0.0,3.0,0,14,0,Afternoon
4880,201307032,02/22/2020 12:00:00 AM,02/22/2020 12:00:00 AM,1940,13,Newton,1325,2,627,CHILD ABUSE (PHYSICAL) - SIMPLE ASSAULT,0416 0913 0602,13,F,H,501,SINGLE FAMILY DWELLING,301.0,BELT FLAILING INSTRUMENT/CHAIN,IC,Invest Cont,627,,,1200 E  27TH                         ST,34.0168,-118.2531,2020.0,2.0,22.0,5.0,0.0,1.0,1,19,40,Evening
4882,200912418,07/16/2020 12:00:00 AM,07/16/2020 12:00:00 AM,900,9,Van Nuys,984,1,510,VEHICLE - STOLEN,,0,Unknown,,123,PARKING UNDERGROUND/BUILDING,,,IC,Invest Cont,510,,,14600    DICKENS                      ST,34.1504,-118.4518,2020.0,7.0,16.0,3.0,0.0,3.0,0,9,0,Morning
4883,200316459,08/29/2020 12:00:00 AM,08/28/2020 12:00:00 AM,2100,3,Southwest,357,1,761,BRANDISH WEAPON,1822 1309 0605 0421,34,M,A,101,STREET,200.0,KNIFE WITH BLADE 6INCHES OR LESS,AA,Adult Arrest,761,,,NORMANDIE,34.0184,-118.3001,2020.0,8.0,28.0,4.0,0.0,3.0,0,21,0,Evening
4884,200404692,01/19/2020 12:00:00 AM,01/18/2020 12:00:00 AM,2300,4,Hollenbeck,448,2,626,INTIMATE PARTNER - SIMPLE ASSAULT,2000 0913 1814 1243 0400 0416,31,F,H,502,"MULTI-UNIT DWELLING (APARTMENT, DUPLEX, ETC)",400.0,"STRONG-ARM (HANDS, FIST, FEET OR BODILY FORCE)",AA,Adult Arrest,626,,,1600    MURCHISON                    ST,34.061,-118.1948,2020.0,1.0,18.0,5.0,0.0,1.0,1,23,0,Evening
4887,200311541,05/18/2020 12:00:00 AM,05/18/2020 12:00:00 AM,1700,3,Southwest,355,1,230,"ASSAULT WITH DEADLY WEAPON, AGGRAVATED ASSAULT",1822 0334 0411 0445,26,M,W,102,SIDEWALK,204.0,FOLDING KNIFE,IC,Invest Cont,230,,,WESTERN                      AV,34.0185,-118.3089,2020.0,5.0,18.0,0.0,0.0,2.0,0,17,0,Afternoon
4888,200110382,04/13/2020 12:00:00 AM,04/13/2020 12:00:00 AM,430,1,Central,174,1,236,INTIMATE PARTNER - AGGRAVATED ASSAULT,2004 0319 0411 0913 1402 2000 1218,34,F,B,101,STREET,207.0,OTHER KNIFE,AA,Adult Arrest,236,998.0,,700 S  MAIN                         ST,34.0439,-118.2514,2020.0,4.0,13.0,0.0,0.0,2.0,0,4,30,Night
4889,201217340,07/28/2020 12:00:00 AM,07/28/2020 12:00:00 AM,2300,12,77th Street,1218,1,236,INTIMATE PARTNER - AGGRAVATED ASSAULT,0913 2000 1814 0421 0447 0446 0449 0448 1402,56,F,B,501,SINGLE FAMILY DWELLING,400.0,"STRONG-ARM (HANDS, FIST, FEET OR BODILY FORCE)",AA,Adult Arrest,236,998.0,,600 W  57TH                         ST,33.9905,-118.2856,2020.0,7.0,28.0,1.0,0.0,3.0,0,23,0,Evening
4891,201007664,03/31/2020 12:00:00 AM,03/30/2020 12:00:00 AM,324,10,West Valley,1067,1,510,VEHICLE - STOLEN,,0,Unknown,,707,GARAGE/CARPORT,,,IC,Invest Cont,510,,,5000    BALBOA                       BL,34.166,-118.5095,2020.0,3.0,30.0,0.0,0.0,1.0,0,3,24,Night
4894,200414684,10/30/2020 12:00:00 AM,10/23/2020 12:00:00 AM,100,4,Hollenbeck,439,1,330,BURGLARY FROM VEHICLE,1302 0344,50,M,H,101,STREET,,,IC,Invest Cont,330,,,2300    HIGHBURY                     AV,34.072,-118.1623,2020.0,10.0,23.0,4.0,0.0,4.0,0,1,0,Night
4896,200918762,12/23/2020 12:00:00 AM,12/22/2020 12:00:00 AM,1535,9,Van Nuys,923,2,624,BATTERY - SIMPLE ASSAULT,0416 2004 1218,51,M,W,101,STREET,400.0,"STRONG-ARM (HANDS, FIST, FEET OR BODILY FORCE)",AO,Adult Other,624,,,GILMORE,34.1877,-118.4509,2020.0,12.0,22.0,1.0,0.0,4.0,0,15,35,Afternoon
4898,200912328,07/14/2020 12:00:00 AM,03/26/2020 12:00:00 AM,1245,9,Van Nuys,963,1,440,THEFT PLAIN - PETTY ($950 & UNDER),0344 0394,45,M,B,119,"PORCH, RESIDENTIAL",,,IC,Invest Cont,440,,,MAGNOLIA                     BL,34.1649,-118.464,2020.0,3.0,26.0,3.0,0.0,1.0,0,12,45,Morning
4899,200106170,01/31/2020 12:00:00 AM,01/31/2020 12:00:00 AM,2145,1,Central,124,2,946,OTHER MISCELLANEOUS CRIME,1501 1300,0,M,O,101,STREET,,,AA,Adult Arrest,946,,,100 W  1ST                          ST,34.0522,-118.2434,2020.0,1.0,31.0,4.0,0.0,1.0,0,21,45,Evening
4901,200513306,08/23/2020 12:00:00 AM,08/23/2020 12:00:00 AM,2250,5,Harbor,525,1,230,"ASSAULT WITH DEADLY WEAPON, AGGRAVATED ASSAULT",1822 0430 1100,23,M,H,108,PARKING LOT,106.0,UNKNOWN FIREARM,IC,Invest Cont,230,,,300 N  NEPTUNE                      AV,33.7724,-118.2684,2020.0,8.0,23.0,6.0,0.0,3.0,1,22,50,Evening
4902,201226925,12/22/2020 12:00:00 AM,12/22/2020 12:00:00 AM,217,12,77th Street,1265,1,510,VEHICLE - STOLEN,,0,Unknown,,101,STREET,,,IC,Invest Cont,510,,,1200 W  83RD                         ST,33.9636,-118.2959,2020.0,12.0,22.0,1.0,0.0,4.0,0,2,17,Night
4907,200908441,04/14/2020 12:00:00 AM,04/14/2020 12:00:00 AM,1700,9,Van Nuys,926,2,745,VANDALISM - MISDEAMEANOR ($399 OR UNDER),329,58,M,B,502,"MULTI-UNIT DWELLING (APARTMENT, DUPLEX, ETC)",,,AO,Adult Other,745,,,6700    SYLMAR                       AV,34.1923,-118.4466,2020.0,4.0,14.0,1.0,0.0,2.0,0,17,0,Afternoon
4909,200205469,01/30/2020 12:00:00 AM,01/27/2020 12:00:00 AM,1800,2,Rampart,249,1,440,THEFT PLAIN - PETTY ($950 & UNDER),0344 0352 0397 0329 1202,62,M,O,101,STREET,,,IC,Invest Cont,440,,,6TH                          ST,34.0547,-118.2637,2020.0,1.0,27.0,0.0,0.0,1.0,0,18,0,Afternoon
4914,201305962,02-04-2020 00:00,01/30/2020 12:00:00 AM,1140,13,Newton,1325,2,664,"BUNCO, PETTY THEFT",0701 0344,18,M,H,501,SINGLE FAMILY DWELLING,,,IC,Invest Cont,664,,,1200 E  33RD                         ST,34.0164,-118.2534,2020.0,1.0,30.0,3.0,0.0,1.0,0,11,40,Morning
4915,200911832,07-02-2020 00:00,06/30/2020 12:00:00 AM,1500,9,Van Nuys,985,1,331,THEFT FROM MOTOR VEHICLE - GRAND ($950.01 AND OVER),0344 0385,40,F,W,101,STREET,,,IC,Invest Cont,331,,,4400    MURIETTA                     AV,34.1504,-118.4383,2020.0,6.0,30.0,1.0,0.0,2.0,0,15,0,Afternoon
4916,200511125,06/27/2020 12:00:00 AM,06/27/2020 12:00:00 AM,1225,5,Harbor,505,2,740,"VANDALISM - FELONY ($400 & OVER, ALL CHURCH VANDALISMS)",0329 0913 2004,0,X,X,702,OFFICE BUILDING/OFFICE,,,AO,Adult Other,740,,,20200 S  VERMONT                      AV,33.8484,-118.2905,2020.0,6.0,27.0,5.0,0.0,2.0,1,12,25,Morning
4917,200813743,09-05-2020 00:00,08/28/2020 12:00:00 AM,948,8,West LA,852,1,343,SHOPLIFTING-GRAND THEFT ($950.01 & OVER),0325 0344 0378 1309 1420 2028 1822,0,X,X,203,OTHER BUSINESS,,,IC,Invest Cont,343,,,11800    SANTA MONICA                 BL,34.0427,-118.4585,2020.0,8.0,28.0,4.0,0.0,3.0,0,9,48,Morning
4919,200111034,04/27/2020 12:00:00 AM,04/27/2020 12:00:00 AM,725,1,Central,158,2,624,BATTERY - SIMPLE ASSAULT,2004 1402 1822,48,M,H,710,OTHER PREMISE,500.0,UNKNOWN WEAPON/OTHER WEAPON,IC,Invest Cont,624,998.0,,7TH                          ST,34.035,-118.2386,2020.0,4.0,27.0,0.0,0.0,2.0,0,7,25,Morning
4922,201305742,01/31/2020 12:00:00 AM,01/31/2020 12:00:00 AM,1110,13,Newton,1326,2,624,BATTERY - SIMPLE ASSAULT,0416 0344,41,M,B,102,SIDEWALK,400.0,"STRONG-ARM (HANDS, FIST, FEET OR BODILY FORCE)",IC,Invest Cont,624,,,HOOPER,34.0148,-118.2494,2020.0,1.0,31.0,4.0,0.0,1.0,0,11,10,Morning
4923,200304911,01/16/2020 12:00:00 AM,01/15/2020 12:00:00 AM,2210,3,Southwest,334,1,121,"RAPE, FORCIBLE",1309 0522 0527 0913 2004 1258 1251 1402 1409 1415,12,F,H,217,AUTO REPAIR SHOP,400.0,"STRONG-ARM (HANDS, FIST, FEET OR BODILY FORCE)",AA,Adult Arrest,121,812.0,998.0,3200 W  JEFFERSON                    BL,34.0256,-118.3305,2020.0,1.0,15.0,2.0,0.0,1.0,0,22,10,Evening
4926,200113737,06/21/2020 12:00:00 AM,06/21/2020 12:00:00 AM,430,1,Central,123,1,210,ROBBERY,0913 0337 0416 0446 1817 1310 1300 1309 1206 0429,29,M,B,108,PARKING LOT,400.0,"STRONG-ARM (HANDS, FIST, FEET OR BODILY FORCE)",IC,Invest Cont,210,,,2ND,34.0531,-118.2478,2020.0,6.0,21.0,6.0,0.0,2.0,1,4,30,Night
4927,200713930,09/16/2020 12:00:00 AM,09/16/2020 12:00:00 AM,218,7,Wilshire,743,2,740,"VANDALISM - FELONY ($400 & OVER, ALL CHURCH VANDALISMS)",329,48,M,O,501,SINGLE FAMILY DWELLING,400.0,"STRONG-ARM (HANDS, FIST, FEET OR BODILY FORCE)",AO,Adult Other,740,,,800 S  FAIRFAX                      AV,34.0608,-118.3625,2020.0,9.0,16.0,2.0,0.0,3.0,0,2,18,Night
4928,200118329,09/21/2020 12:00:00 AM,09/21/2020 12:00:00 AM,1630,1,Central,164,2,888,TRESPASSING,1501,38,M,W,502,"MULTI-UNIT DWELLING (APARTMENT, DUPLEX, ETC)",,,IC,Invest Cont,888,,,100 W  7TH                          ST,34.0446,-118.2507,2020.0,9.0,21.0,0.0,0.0,3.0,0,16,30,Afternoon
4929,201218926,08/19/2020 12:00:00 AM,08/19/2020 12:00:00 AM,2130,12,77th Street,1259,2,740,"VANDALISM - FELONY ($400 & OVER, ALL CHURCH VANDALISMS)",1300 0329 1309 0913,27,M,H,122,"VEHICLE, PASSENGER/TRUCK",,,IC,Invest Cont,740,,,7500    AVALON                       BL,33.9718,-118.2652,2020.0,8.0,19.0,2.0,0.0,3.0,0,21,30,Evening
4931,201105845,02-11-2020 00:00,01/20/2020 12:00:00 AM,1300,11,Northeast,1117,2,810,"SEX,UNLAWFUL(INC MUTUAL CONSENT, PENETRATION W/ FRGN OBJ",0527 0940 1258 0533 1251 1815 0913,12,F,H,502,"MULTI-UNIT DWELLING (APARTMENT, DUPLEX, ETC)",400.0,"STRONG-ARM (HANDS, FIST, FEET OR BODILY FORCE)",AA,Adult Arrest,810,812.0,,4400    WESTDALE                     AV,34.1293,-118.2182,2020.0,1.0,20.0,0.0,0.0,1.0,0,13,0,Afternoon
4934,200409769,06/14/2020 12:00:00 AM,06/13/2020 12:00:00 AM,2200,4,Hollenbeck,404,1,510,VEHICLE - STOLEN,,0,Unknown,,707,GARAGE/CARPORT,,,IC,Invest Cont,510,,,500 S  AVENUE 60,34.1054,-118.1838,2020.0,6.0,13.0,5.0,0.0,2.0,1,22,0,Evening
4935,201213574,05/26/2020 12:00:00 AM,05/26/2020 12:00:00 AM,1500,12,77th Street,1265,2,624,BATTERY - SIMPLE ASSAULT,0913 0554 0400 0416 2004,47,F,B,502,"MULTI-UNIT DWELLING (APARTMENT, DUPLEX, ETC)",400.0,"STRONG-ARM (HANDS, FIST, FEET OR BODILY FORCE)",AO,Adult Other,624,,,1400 W  80TH                         ST,33.9664,-118.3025,2020.0,5.0,26.0,1.0,0.0,2.0,0,15,0,Afternoon
4937,200407455,03/31/2020 12:00:00 AM,03/31/2020 12:00:00 AM,1,4,Hollenbeck,407,1,510,VEHICLE - STOLEN,,0,Unknown,,101,STREET,,,IC,Invest Cont,510,,,3700    HELLMAN                      AV,34.088,-118.1851,2020.0,3.0,31.0,1.0,0.0,1.0,0,0,1,Night
4939,200607916,03/13/2020 12:00:00 AM,03/13/2020 12:00:00 AM,2215,6,Hollywood,646,2,740,"VANDALISM - FELONY ($400 & OVER, ALL CHURCH VANDALISMS)",0329 1300,23,M,W,101,STREET,,,IC,Invest Cont,740,,,6700    HOLLYWOOD                    BL,34.1016,-118.3361,2020.0,3.0,13.0,4.0,0.0,1.0,0,22,15,Evening
4946,200216841,10/29/2020 12:00:00 AM,10/29/2020 12:00:00 AM,1200,2,Rampart,279,2,626,INTIMATE PARTNER - SIMPLE ASSAULT,2000 0913 1813 1243 0444 0416,68,F,H,502,"MULTI-UNIT DWELLING (APARTMENT, DUPLEX, ETC)",400.0,"STRONG-ARM (HANDS, FIST, FEET OR BODILY FORCE)",IC,Invest Cont,626,,,1500 W  11TH                         ST,34.0481,-118.2712,2020.0,10.0,29.0,3.0,0.0,4.0,0,12,0,Morning
4948,200606706,02/20/2020 12:00:00 AM,02/13/2020 12:00:00 AM,100,6,Hollywood,649,1,440,THEFT PLAIN - PETTY ($950 & UNDER),0344 0394,29,F,W,502,"MULTI-UNIT DWELLING (APARTMENT, DUPLEX, ETC)",,,IC,Invest Cont,440,,,1600 N  SERRANO                      AV,34.1001,-118.3071,2020.0,2.0,13.0,3.0,0.0,1.0,0,1,0,Night
4951,200309360,04-02-2020 00:00,03/31/2020 12:00:00 AM,900,3,Southwest,354,1,420,THEFT FROM MOTOR VEHICLE - PETTY ($950 & UNDER),,0,Unknown,,101,STREET,,,IC,Invest Cont,420,,,2100 W  JEFFERSON                    BL,34.0256,-118.3177,2020.0,3.0,31.0,1.0,0.0,1.0,0,9,0,Morning
4953,200617084,10/23/2020 12:00:00 AM,10/23/2020 12:00:00 AM,1900,6,Hollywood,646,1,230,"ASSAULT WITH DEADLY WEAPON, AGGRAVATED ASSAULT",1822 1266 0400 0447,49,M,W,403,DRUG STORE,306.0,ROCK/THROWN OBJECT,IC,Invest Cont,230,,,1500    VINE                         ST,34.0987,-118.3337,2020.0,10.0,23.0,4.0,0.0,4.0,0,19,0,Evening
4954,200109618,03/24/2020 12:00:00 AM,03/24/2020 12:00:00 AM,1845,1,Central,156,1,230,"ASSAULT WITH DEADLY WEAPON, AGGRAVATED ASSAULT",1822 1218 0416 0445,43,M,W,101,STREET,311.0,HAMMER,IC,Invest Cont,230,,,6TH,34.0428,-118.2461,2020.0,3.0,24.0,1.0,0.0,1.0,0,18,45,Afternoon
4958,200215157,09/17/2020 12:00:00 AM,09/17/2020 12:00:00 AM,2240,2,Rampart,279,1,210,ROBBERY,1300 1310 0342 1822 0377 0344 0432 0355 0334 0329,19,M,H,101,STREET,109.0,SEMI-AUTOMATIC PISTOL,IC,Invest Cont,210,,,BLAINE                       ST,34.0473,-118.2701,2020.0,9.0,17.0,3.0,0.0,3.0,0,22,40,Evening
4959,200807498,03/18/2020 12:00:00 AM,03/17/2020 12:00:00 AM,1500,8,West LA,832,2,624,BATTERY - SIMPLE ASSAULT,0416 0603 0361,31,M,W,502,"MULTI-UNIT DWELLING (APARTMENT, DUPLEX, ETC)",400.0,"STRONG-ARM (HANDS, FIST, FEET OR BODILY FORCE)",IC,Invest Cont,624,,,11800    DOROTHY                      ST,34.052,-118.4667,2020.0,3.0,17.0,1.0,0.0,1.0,0,15,0,Afternoon
4960,200315008,07/31/2020 12:00:00 AM,07/31/2020 12:00:00 AM,1000,3,Southwest,358,1,420,THEFT FROM MOTOR VEHICLE - PETTY ($950 & UNDER),1300 0344 1606 0321 1251,30,M,A,123,PARKING UNDERGROUND/BUILDING,,,IC,Invest Cont,420,,,3600    MCCLINTOCK                   AV,34.021,-118.2897,2020.0,7.0,31.0,4.0,0.0,3.0,0,10,0,Morning
4961,200908557,04/17/2020 12:00:00 AM,03/15/2020 12:00:00 AM,1400,9,Van Nuys,914,2,625,OTHER ASSAULT,0603 0356,57,F,B,108,PARKING LOT,400.0,"STRONG-ARM (HANDS, FIST, FEET OR BODILY FORCE)",IC,Invest Cont,625,,,7100    KESTER                       AV,34.1996,-118.4575,2020.0,3.0,15.0,6.0,0.0,1.0,1,14,0,Afternoon
4962,200307281,02/24/2020 12:00:00 AM,02/24/2020 12:00:00 AM,1300,3,Southwest,332,2,626,INTIMATE PARTNER - SIMPLE ASSAULT,2000 1813 0444,26,F,B,501,SINGLE FAMILY DWELLING,400.0,"STRONG-ARM (HANDS, FIST, FEET OR BODILY FORCE)",IC,Invest Cont,626,,,3400    CHESAPEAKE                   AV,34.0256,-118.345,2020.0,2.0,24.0,0.0,0.0,1.0,0,13,0,Afternoon
4966,200915366,10-02-2020 00:00,09/29/2020 12:00:00 AM,1900,9,Van Nuys,966,1,330,BURGLARY FROM VEHICLE,1302 0344,31,F,W,103,ALLEY,,,IC,Invest Cont,330,,,5000    BUFFALO                      AV,34.1618,-118.4301,2020.0,9.0,29.0,1.0,0.0,3.0,0,19,0,Evening
4968,201012697,09-02-2020 00:00,03/30/2020 12:00:00 AM,936,10,West Valley,1089,1,480,BIKE - STOLEN,1822 0216 0344 1420,25,M,W,108,PARKING LOT,,,IC,Invest Cont,480,,,15600    DICKENS                      ST,34.1539,-118.4746,2020.0,3.0,30.0,0.0,0.0,1.0,0,9,36,Morning
4970,201211741,04/15/2020 12:00:00 AM,04/15/2020 12:00:00 AM,2140,12,77th Street,1243,2,237,CHILD NEGLECT (SEE 300 W.I.C.),1257 1309 0913,2,M,B,101,STREET,307.0,VEHICLE,IC,Invest Cont,237,,,6500 S  WESTERN                      AV,33.9806,-118.309,2020.0,4.0,15.0,2.0,0.0,2.0,0,21,40,Evening
4972,200313257,06/26/2020 12:00:00 AM,06/26/2020 12:00:00 AM,1530,3,Southwest,327,1,236,INTIMATE PARTNER - AGGRAVATED ASSAULT,2000 0913 1814 1813 2002 1206 0334 0411 1402,38,M,H,501,SINGLE FAMILY DWELLING,205.0,KITCHEN KNIFE,AA,Adult Arrest,236,,,2600    ORCHARD                      AV,34.0303,-118.2874,2020.0,6.0,26.0,4.0,0.0,2.0,0,15,30,Afternoon
4974,200616780,10/17/2020 12:00:00 AM,10/16/2020 12:00:00 AM,1730,6,Hollywood,677,1,440,THEFT PLAIN - PETTY ($950 & UNDER),0344 1822,32,M,H,108,PARKING LOT,,,IC,Invest Cont,440,,,800 N  VAN NESS                     AV,34.085,-118.3157,2020.0,10.0,16.0,4.0,0.0,4.0,0,17,30,Afternoon
4975,201006324,02/22/2020 12:00:00 AM,02/21/2020 12:00:00 AM,2100,10,West Valley,1097,1,331,THEFT FROM MOTOR VEHICLE - GRAND ($950.01 AND OVER),1202 1822 0386 1300 1606,78,F,W,104,DRIVEWAY,,,IC,Invest Cont,331,,,4600    WHITE OAK                    AV,34.1531,-118.5159,2020.0,2.0,21.0,4.0,0.0,1.0,0,21,0,Evening
4976,200118575,09/27/2020 12:00:00 AM,09/26/2020 12:00:00 AM,2245,1,Central,124,2,740,"VANDALISM - FELONY ($400 & OVER, ALL CHURCH VANDALISMS)",1414 1822 0329,0,X,X,725,"GOVERNMENT FACILITY (FEDERAL,STATE, COUNTY & CITY)",,,IC,Invest Cont,740,,,200 N  MAIN                         ST,34.0532,-118.2425,2020.0,9.0,26.0,5.0,0.0,3.0,1,22,45,Evening
4980,200121120,11/16/2020 12:00:00 AM,11/16/2020 12:00:00 AM,130,1,Central,152,2,860,BATTERY WITH SEXUAL CONTACT,0913 1402 1415 1409 0942 1206 0522 0551 0529,34,F,H,503,HOTEL,400.0,"STRONG-ARM (HANDS, FIST, FEET OR BODILY FORCE)",AO,Adult Other,860,998.0,,700 W  7TH                          ST,34.0491,-118.2558,2020.0,11.0,16.0,0.0,0.0,4.0,0,1,30,Night
4981,200715282,10/25/2020 12:00:00 AM,10/25/2020 12:00:00 AM,30,7,Wilshire,706,1,330,BURGLARY FROM VEHICLE,0344 0329 1609 1300 1307 1822 1501,26,M,B,101,STREET,500.0,UNKNOWN WEAPON/OTHER WEAPON,IC,Invest Cont,330,,,600 N  ORANGE                       DR,34.0819,-118.3416,2020.0,10.0,25.0,6.0,0.0,4.0,1,0,30,Night
4983,200913796,08/21/2020 12:00:00 AM,08/18/2020 12:00:00 AM,800,9,Van Nuys,935,1,310,BURGLARY,0344 1606,27,M,H,502,"MULTI-UNIT DWELLING (APARTMENT, DUPLEX, ETC)",,,IC,Invest Cont,310,,,14100    ERWIN                        ST,34.1836,-118.44,2020.0,8.0,18.0,1.0,0.0,3.0,0,8,0,Morning
4987,200513744,09-04-2020 00:00,08/27/2020 12:00:00 AM,2000,5,Harbor,508,1,510,VEHICLE - STOLEN,,0,Unknown,,101,STREET,,,IC,Invest Cont,510,,,23300 S  WESTERN                      AV,33.8144,-118.3088,2020.0,8.0,27.0,3.0,0.0,3.0,0,20,0,Evening
4988,200316567,08/31/2020 12:00:00 AM,08/29/2020 12:00:00 AM,1400,3,Southwest,343,2,740,"VANDALISM - FELONY ($400 & OVER, ALL CHURCH VANDALISMS)",0329 1822 0321,0,X,X,704,ELEMENTARY SCHOOL,,,IC,Invest Cont,740,,,5400    RODEO                        PL,34.0212,-118.3658,2020.0,8.0,29.0,5.0,0.0,3.0,1,14,0,Afternoon
4989,200606458,02/19/2020 12:00:00 AM,01/18/2020 12:00:00 AM,1500,6,Hollywood,663,1,341,"THEFT-GRAND ($950.01 & OVER)EXCPT,GUNS,FOWL,LIVESTK,PROD",0344 0358 1822,36,M,W,221,PUBLIC STORAGE,,,IC,Invest Cont,341,,,6800    SANTA MONICA                 BL,34.0907,-118.3386,2020.0,1.0,18.0,5.0,0.0,1.0,1,15,0,Afternoon
4993,200606619,02/19/2020 12:00:00 AM,02/19/2020 12:00:00 AM,2005,6,Hollywood,666,1,440,THEFT PLAIN - PETTY ($950 & UNDER),344,27,M,W,717,HEALTH SPA/GYM,,,IC,Invest Cont,440,,,6300 W  SUNSET                       BL,34.098,-118.3267,2020.0,2.0,19.0,2.0,0.0,1.0,0,20,5,Evening
4994,201106797,03-02-2020 00:00,02/28/2020 12:00:00 AM,1530,11,Northeast,1102,1,331,THEFT FROM MOTOR VEHICLE - GRAND ($950.01 AND OVER),1608 0385,0,X,X,121,YARD (RESIDENTIAL/BUSINESS),,,IC,Invest Cont,331,,,3900    CHEVY CHASE                  DR,34.1334,-118.2725,2020.0,2.0,28.0,4.0,0.0,1.0,0,15,30,Afternoon
4997,201305761,01/31/2020 12:00:00 AM,01/31/2020 12:00:00 AM,2015,13,Newton,1377,1,230,"ASSAULT WITH DEADLY WEAPON, AGGRAVATED ASSAULT",1822 0416 1218,69,F,H,101,STREET,500.0,UNKNOWN WEAPON/OTHER WEAPON,IC,Invest Cont,230,,,5700    DUARTE                       ST,33.9907,-118.2422,2020.0,1.0,31.0,4.0,0.0,1.0,0,20,15,Evening
4998,201225021,11/23/2020 12:00:00 AM,11/22/2020 12:00:00 AM,2100,12,77th Street,1248,1,510,VEHICLE - STOLEN,,0,Unknown,,101,STREET,,,IC,Invest Cont,510,,,MENLO,33.9792,-118.2893,2020.0,11.0,22.0,6.0,0.0,4.0,1,21,0,Evening
4999,201300879,07/25/2020 12:00:00 AM,07/25/2020 12:00:00 AM,1350,13,Newton,1307,1,230,"ASSAULT WITH DEADLY WEAPON, AGGRAVATED ASSAULT",1407 0913 0432 1100,27,M,B,101,STREET,102.0,HAND GUN,AO,Adult Other,230,998.0,,GLADYS                       ST,34.0387,-118.2439,2020.0,7.0,25.0,5.0,0.0,3.0,1,13,50,Afternoon
